entity_name,krs,path,status,old_file_value,new_file_value
CGI Information Systems and Management Consultants (Polska) Sp. z o.o.,0000078664,root.odpis.dane.dzial1.danePodmiotu.czyProwadziDzialalnoscZInnymiPodmiotami[0].czyProwadziDzialalnoscZInnymiPodmiotami,no_change,False,False
CGI Information Systems and Management Consultants (Polska) Sp. z o.o.,0000078664,root.odpis.dane.dzial1.danePodmiotu.czyProwadziDzialalnoscZInnymiPodmiotami[0].nrWpisuWprow,no_change,1,1
CGI Information Systems and Management Consultants (Polska) Sp. z o.o.,0000078664,root.odpis.dane.dzial1.danePodmiotu.daneOWczesniejszejRejestracji[0].nazwaPoprzedniegoRejestru,no_change,RHB,RHB
CGI Information Systems and Management Consultants (Polska) Sp. z o.o.,0000078664,root.odpis.dane.dzial1.danePodmiotu.daneOWczesniejszejRejestracji[0].nrWpisuWprow,no_change,1,1
CGI Information Systems and Management Consultants (Polska) Sp. z o.o.,0000078664,root.odpis.dane.dzial1.danePodmiotu.daneOWczesniejszejRejestracji[0].numerWPoprzednimRejestrze,no_change,51268,51268
CGI Information Systems and Management Consultants (Polska) Sp. z o.o.,0000078664,root.odpis.dane.dzial1.danePodmiotu.daneOWczesniejszejRejestracji[0].sadProwadzacyRejestr,no_change,SĄD REJONOWY DLA M. ST. WARSZAWY SĄD GOSPODARCZY XVI WYDZIAŁ GOSPODARCZY-REJESTROWY,SĄD REJONOWY DLA M. ST. WARSZAWY SĄD GOSPODARCZY XVI WYDZIAŁ GOSPODARCZY-REJESTROWY
CGI Information Systems and Management Consultants (Polska) Sp. z o.o.,0000078664,root.odpis.dane.dzial1.danePodmiotu.formaPrawna[0].formaPrawna,no_change,SPÓŁKA Z OGRANICZONĄ ODPOWIEDZIALNOŚCIĄ,SPÓŁKA Z OGRANICZONĄ ODPOWIEDZIALNOŚCIĄ
CGI Information Systems and Management Consultants (Polska) Sp. z o.o.,0000078664,root.odpis.dane.dzial1.danePodmiotu.formaPrawna[0].nrWpisuWprow,no_change,1,1
CGI Information Systems and Management Consultants (Polska) Sp. z o.o.,0000078664,root.odpis.dane.dzial1.danePodmiotu.identyfikatory[0].identyfikatory.regon,no_change,01274470200000,01274470200000
CGI Information Systems and Management Consultants (Polska) Sp. z o.o.,0000078664,root.odpis.dane.dzial1.danePodmiotu.identyfikatory[0].nrWpisuWprow,no_change,1,1
CGI Information Systems and Management Consultants (Polska) Sp. z o.o.,0000078664,root.odpis.dane.dzial1.danePodmiotu.identyfikatory[0].nrWpisuWykr,no_change,12,12
CGI Information Systems and Management Consultants (Polska) Sp. z o.o.,0000078664,root.odpis.dane.dzial1.danePodmiotu.identyfikatory[1].identyfikatory.nip,no_change,5262076745,5262076745
CGI Information Systems and Management Consultants (Polska) Sp. z o.o.,0000078664,root.odpis.dane.dzial1.danePodmiotu.identyfikatory[1].identyfikatory.regon,no_change,01274470200000,01274470200000
CGI Information Systems and Management Consultants (Polska) Sp. z o.o.,0000078664,root.odpis.dane.dzial1.danePodmiotu.identyfikatory[1].nrWpisuWprow,no_change,12,12
CGI Information Systems and Management Consultants (Polska) Sp. z o.o.,0000078664,root.odpis.dane.dzial1.danePodmiotu.nazwa[0].nazwa,no_change,AMS MANAGEMENT SYSTEMS POLAND SPÓŁKA Z OGRANICZONĄ ODPOWIEDZIALNOŚCIĄ,AMS MANAGEMENT SYSTEMS POLAND SPÓŁKA Z OGRANICZONĄ ODPOWIEDZIALNOŚCIĄ
CGI Information Systems and Management Consultants (Polska) Sp. z o.o.,0000078664,root.odpis.dane.dzial1.danePodmiotu.nazwa[0].nrWpisuWprow,no_change,1,1
CGI Information Systems and Management Consultants (Polska) Sp. z o.o.,0000078664,root.odpis.dane.dzial1.danePodmiotu.nazwa[0].nrWpisuWykr,no_change,8,8
CGI Information Systems and Management Consultants (Polska) Sp. z o.o.,0000078664,root.odpis.dane.dzial1.danePodmiotu.nazwa[1].nazwa,no_change,CGI INFORMATION SYSTEMS AND MANAGEMENT CONSULTANTS (POLSKA) SPÓŁKA Z OGRANICZONĄ ODPOWIEDZIALNOŚCIĄ,CGI INFORMATION SYSTEMS AND MANAGEMENT CONSULTANTS (POLSKA) SPÓŁKA Z OGRANICZONĄ ODPOWIEDZIALNOŚCIĄ
CGI Information Systems and Management Consultants (Polska) Sp. z o.o.,0000078664,root.odpis.dane.dzial1.danePodmiotu.nazwa[1].nrWpisuWprow,no_change,8,8
CGI Information Systems and Management Consultants (Polska) Sp. z o.o.,0000078664,root.odpis.dane.dzial1.kapital.wysokoscKapitaluZakladowego[0].nrWpisuWprow,no_change,1,1
CGI Information Systems and Management Consultants (Polska) Sp. z o.o.,0000078664,root.odpis.dane.dzial1.kapital.wysokoscKapitaluZakladowego[0].nrWpisuWykr,no_change,5,5
CGI Information Systems and Management Consultants (Polska) Sp. z o.o.,0000078664,root.odpis.dane.dzial1.kapital.wysokoscKapitaluZakladowego[0].waluta,no_change,PLN,PLN
CGI Information Systems and Management Consultants (Polska) Sp. z o.o.,0000078664,root.odpis.dane.dzial1.kapital.wysokoscKapitaluZakladowego[0].wartosc,no_change,"4000,00","4000,00"
CGI Information Systems and Management Consultants (Polska) Sp. z o.o.,0000078664,root.odpis.dane.dzial1.kapital.wysokoscKapitaluZakladowego[1].nrWpisuWprow,no_change,5,5
CGI Information Systems and Management Consultants (Polska) Sp. z o.o.,0000078664,root.odpis.dane.dzial1.kapital.wysokoscKapitaluZakladowego[1].nrWpisuWykr,no_change,71,71
CGI Information Systems and Management Consultants (Polska) Sp. z o.o.,0000078664,root.odpis.dane.dzial1.kapital.wysokoscKapitaluZakladowego[1].waluta,no_change,PLN,PLN
CGI Information Systems and Management Consultants (Polska) Sp. z o.o.,0000078664,root.odpis.dane.dzial1.kapital.wysokoscKapitaluZakladowego[1].wartosc,no_change,"50000,00","50000,00"
CGI Information Systems and Management Consultants (Polska) Sp. z o.o.,0000078664,root.odpis.dane.dzial1.kapital.wysokoscKapitaluZakladowego[2].nrWpisuWprow,no_change,71,71
CGI Information Systems and Management Consultants (Polska) Sp. z o.o.,0000078664,root.odpis.dane.dzial1.kapital.wysokoscKapitaluZakladowego[2].waluta,no_change,PLN,PLN
CGI Information Systems and Management Consultants (Polska) Sp. z o.o.,0000078664,root.odpis.dane.dzial1.kapital.wysokoscKapitaluZakladowego[2].wartosc,no_change,"60000,00","60000,00"
CGI Information Systems and Management Consultants (Polska) Sp. z o.o.,0000078664,root.odpis.dane.dzial1.pozostaleInformacje.informacjaOCzasieNaJakiZostalUtworzonyPodmiot[0].czasNaJakiUtworzonyZostalPodmiot,no_change,NIEOZNACZONY,NIEOZNACZONY
CGI Information Systems and Management Consultants (Polska) Sp. z o.o.,0000078664,root.odpis.dane.dzial1.pozostaleInformacje.informacjaOCzasieNaJakiZostalUtworzonyPodmiot[0].nrWpisuWprow,no_change,1,1
CGI Information Systems and Management Consultants (Polska) Sp. z o.o.,0000078664,root.odpis.dane.dzial1.pozostaleInformacje.informacjaOLiczbieUdzialow[0].informacjaOLiczbieUdzialow,no_change,WIĘKSZĄ LICZBĘ UDZIAŁÓW,WIĘKSZĄ LICZBĘ UDZIAŁÓW
CGI Information Systems and Management Consultants (Polska) Sp. z o.o.,0000078664,root.odpis.dane.dzial1.pozostaleInformacje.informacjaOLiczbieUdzialow[0].nrWpisuWprow,no_change,1,1
CGI Information Systems and Management Consultants (Polska) Sp. z o.o.,0000078664,root.odpis.dane.dzial1.siedzibaIAdres.adresDoDoreczenElektronicznychWpisanyDoBAE[0].adresDoDoreczenElektronicznychWpisanyDoBAE,no_change,AE:PL-97320-41234-IJHJA-28,AE:PL-97320-41234-IJHJA-28
CGI Information Systems and Management Consultants (Polska) Sp. z o.o.,0000078664,root.odpis.dane.dzial1.siedzibaIAdres.adresDoDoreczenElektronicznychWpisanyDoBAE[0].nrWpisuWprow,no_change,69,69
CGI Information Systems and Management Consultants (Polska) Sp. z o.o.,0000078664,root.odpis.dane.dzial1.siedzibaIAdres.adres[0].kodPocztowy,no_change,00-121,00-121
CGI Information Systems and Management Consultants (Polska) Sp. z o.o.,0000078664,root.odpis.dane.dzial1.siedzibaIAdres.adres[0].kraj,no_change,POLSKA,POLSKA
CGI Information Systems and Management Consultants (Polska) Sp. z o.o.,0000078664,root.odpis.dane.dzial1.siedzibaIAdres.adres[0].miejscowosc,no_change,WARSZAWA,WARSZAWA
CGI Information Systems and Management Consultants (Polska) Sp. z o.o.,0000078664,root.odpis.dane.dzial1.siedzibaIAdres.adres[0].nrDomu,no_change,39,39
CGI Information Systems and Management Consultants (Polska) Sp. z o.o.,0000078664,root.odpis.dane.dzial1.siedzibaIAdres.adres[0].nrWpisuWprow,no_change,1,1
CGI Information Systems and Management Consultants (Polska) Sp. z o.o.,0000078664,root.odpis.dane.dzial1.siedzibaIAdres.adres[0].nrWpisuWykr,no_change,23,23
CGI Information Systems and Management Consultants (Polska) Sp. z o.o.,0000078664,root.odpis.dane.dzial1.siedzibaIAdres.adres[0].poczta,no_change,WARSZAWA,WARSZAWA
CGI Information Systems and Management Consultants (Polska) Sp. z o.o.,0000078664,root.odpis.dane.dzial1.siedzibaIAdres.adres[0].ulica,no_change,SIENNA,SIENNA
CGI Information Systems and Management Consultants (Polska) Sp. z o.o.,0000078664,root.odpis.dane.dzial1.siedzibaIAdres.adres[1].kodPocztowy,no_change,00-103,00-103
CGI Information Systems and Management Consultants (Polska) Sp. z o.o.,0000078664,root.odpis.dane.dzial1.siedzibaIAdres.adres[1].kraj,no_change,POLSKA,POLSKA
CGI Information Systems and Management Consultants (Polska) Sp. z o.o.,0000078664,root.odpis.dane.dzial1.siedzibaIAdres.adres[1].miejscowosc,no_change,WARSZAWA,WARSZAWA
CGI Information Systems and Management Consultants (Polska) Sp. z o.o.,0000078664,root.odpis.dane.dzial1.siedzibaIAdres.adres[1].nrDomu,no_change,16,16
CGI Information Systems and Management Consultants (Polska) Sp. z o.o.,0000078664,root.odpis.dane.dzial1.siedzibaIAdres.adres[1].nrWpisuWprow,no_change,23,23
CGI Information Systems and Management Consultants (Polska) Sp. z o.o.,0000078664,root.odpis.dane.dzial1.siedzibaIAdres.adres[1].nrWpisuWykr,no_change,59,59
CGI Information Systems and Management Consultants (Polska) Sp. z o.o.,0000078664,root.odpis.dane.dzial1.siedzibaIAdres.adres[1].poczta,no_change,WARSZAWA,WARSZAWA
CGI Information Systems and Management Consultants (Polska) Sp. z o.o.,0000078664,root.odpis.dane.dzial1.siedzibaIAdres.adres[1].ulica,no_change,UL. KRÓLEWSKA,UL. KRÓLEWSKA
CGI Information Systems and Management Consultants (Polska) Sp. z o.o.,0000078664,root.odpis.dane.dzial1.siedzibaIAdres.adres[2].kodPocztowy,no_change,00-499,00-499
CGI Information Systems and Management Consultants (Polska) Sp. z o.o.,0000078664,root.odpis.dane.dzial1.siedzibaIAdres.adres[2].kraj,no_change,POLSKA,POLSKA
CGI Information Systems and Management Consultants (Polska) Sp. z o.o.,0000078664,root.odpis.dane.dzial1.siedzibaIAdres.adres[2].miejscowosc,no_change,WARSZAWA,WARSZAWA
CGI Information Systems and Management Consultants (Polska) Sp. z o.o.,0000078664,root.odpis.dane.dzial1.siedzibaIAdres.adres[2].nrDomu,no_change,10/14,10/14
CGI Information Systems and Management Consultants (Polska) Sp. z o.o.,0000078664,root.odpis.dane.dzial1.siedzibaIAdres.adres[2].nrWpisuWprow,no_change,59,59
CGI Information Systems and Management Consultants (Polska) Sp. z o.o.,0000078664,root.odpis.dane.dzial1.siedzibaIAdres.adres[2].poczta,no_change,WARSZAWA,WARSZAWA
CGI Information Systems and Management Consultants (Polska) Sp. z o.o.,0000078664,root.odpis.dane.dzial1.siedzibaIAdres.adres[2].ulica,no_change,PLAC TRZECH KRZYŻY,PLAC TRZECH KRZYŻY
CGI Information Systems and Management Consultants (Polska) Sp. z o.o.,0000078664,root.odpis.dane.dzial1.siedzibaIAdres.siedziba[0].gmina,no_change,WARSZAWA-CENTRUM,WARSZAWA-CENTRUM
CGI Information Systems and Management Consultants (Polska) Sp. z o.o.,0000078664,root.odpis.dane.dzial1.siedzibaIAdres.siedziba[0].kraj,no_change,POLSKA,POLSKA
CGI Information Systems and Management Consultants (Polska) Sp. z o.o.,0000078664,root.odpis.dane.dzial1.siedzibaIAdres.siedziba[0].miejscowosc,no_change,WARSZAWA,WARSZAWA
CGI Information Systems and Management Consultants (Polska) Sp. z o.o.,0000078664,root.odpis.dane.dzial1.siedzibaIAdres.siedziba[0].nrWpisuWprow,no_change,1,1
CGI Information Systems and Management Consultants (Polska) Sp. z o.o.,0000078664,root.odpis.dane.dzial1.siedzibaIAdres.siedziba[0].nrWpisuWykr,no_change,23,23
CGI Information Systems and Management Consultants (Polska) Sp. z o.o.,0000078664,root.odpis.dane.dzial1.siedzibaIAdres.siedziba[0].powiat,no_change,WARSZAWSKI,WARSZAWSKI
CGI Information Systems and Management Consultants (Polska) Sp. z o.o.,0000078664,root.odpis.dane.dzial1.siedzibaIAdres.siedziba[0].wojewodztwo,no_change,MAZOWIECKIE,MAZOWIECKIE
CGI Information Systems and Management Consultants (Polska) Sp. z o.o.,0000078664,root.odpis.dane.dzial1.siedzibaIAdres.siedziba[1].gmina,no_change,WARSZAWA,WARSZAWA
CGI Information Systems and Management Consultants (Polska) Sp. z o.o.,0000078664,root.odpis.dane.dzial1.siedzibaIAdres.siedziba[1].kraj,no_change,POLSKA,POLSKA
CGI Information Systems and Management Consultants (Polska) Sp. z o.o.,0000078664,root.odpis.dane.dzial1.siedzibaIAdres.siedziba[1].miejscowosc,no_change,WARSZAWA,WARSZAWA
CGI Information Systems and Management Consultants (Polska) Sp. z o.o.,0000078664,root.odpis.dane.dzial1.siedzibaIAdres.siedziba[1].nrWpisuWprow,no_change,23,23
CGI Information Systems and Management Consultants (Polska) Sp. z o.o.,0000078664,root.odpis.dane.dzial1.siedzibaIAdres.siedziba[1].powiat,no_change,WARSZAWA,WARSZAWA
CGI Information Systems and Management Consultants (Polska) Sp. z o.o.,0000078664,root.odpis.dane.dzial1.siedzibaIAdres.siedziba[1].wojewodztwo,no_change,MAZOWIECKIE,MAZOWIECKIE
CGI Information Systems and Management Consultants (Polska) Sp. z o.o.,0000078664,root.odpis.dane.dzial1.umowaStatut.informacjaOZawarciuZmianieUmowyStatutu[0].pozycja[0].nrWpisuWprow,no_change,1,1
CGI Information Systems and Management Consultants (Polska) Sp. z o.o.,0000078664,root.odpis.dane.dzial1.umowaStatut.informacjaOZawarciuZmianieUmowyStatutu[0].pozycja[0].zawarcieZmianaUmowyStatutu,no_change,"AKT NOTARIALNY Z 31.07.1997R.; NOTARIUSZ JADWIGA ZACHARZEWSKA; KANCELARIA NOTARIALNA UL. JASNA 26, WARSZAWA; REP. A-3345/97","AKT NOTARIALNY Z 31.07.1997R.; NOTARIUSZ JADWIGA ZACHARZEWSKA; KANCELARIA NOTARIALNA UL. JASNA 26, WARSZAWA; REP. A-3345/97"
CGI Information Systems and Management Consultants (Polska) Sp. z o.o.,0000078664,root.odpis.dane.dzial1.umowaStatut.informacjaOZawarciuZmianieUmowyStatutu[1].pozycja[0].nrWpisuWprow,no_change,5,5
CGI Information Systems and Management Consultants (Polska) Sp. z o.o.,0000078664,root.odpis.dane.dzial1.umowaStatut.informacjaOZawarciuZmianieUmowyStatutu[1].pozycja[0].zawarcieZmianaUmowyStatutu,no_change,"AKT NOTARIALNY SPORZĄDZONY 26 SIERPNIA 2002R., REP.A NR 22310/2002; MARIUSZ BIAŁECKI ASESOR NOTARIALNY ZASTĘPCA ROBERTA BŁASZCZAKA; KANCELARIA NOTARIALNA W WARSZAWIE PRZY UL.DŁUGIEJ 31 PAR.2.1 - ZMIENIONY, PAR.2.9 - ZMIENIONY, PAR.2.2 - ZMIENIONY, PAR.6 ZMIANA PODPUNKTÓW PAR.6 PODPUNKT 5 ZMIENIONY PAR.5.17 - DODANY","AKT NOTARIALNY SPORZĄDZONY 26 SIERPNIA 2002R., REP.A NR 22310/2002; MARIUSZ BIAŁECKI ASESOR NOTARIALNY ZASTĘPCA ROBERTA BŁASZCZAKA; KANCELARIA NOTARIALNA W WARSZAWIE PRZY UL.DŁUGIEJ 31 PAR.2.1 - ZMIENIONY, PAR.2.9 - ZMIENIONY, PAR.2.2 - ZMIENIONY, PAR.6 ZMIANA PODPUNKTÓW PAR.6 PODPUNKT 5 ZMIENIONY PAR.5.17 - DODANY"
CGI Information Systems and Management Consultants (Polska) Sp. z o.o.,0000078664,root.odpis.dane.dzial1.umowaStatut.informacjaOZawarciuZmianieUmowyStatutu[2].pozycja[0].nrWpisuWprow,no_change,8,8
CGI Information Systems and Management Consultants (Polska) Sp. z o.o.,0000078664,root.odpis.dane.dzial1.umowaStatut.informacjaOZawarciuZmianieUmowyStatutu[2].pozycja[0].zawarcieZmianaUmowyStatutu,no_change,"AKT NOTARIALNY Z DNIA 19 STYCZNIA 2005 ROKU, REP. A NR 248/2005, NOTARIUSZ W WARSZAWIE MAŁGORZATA BRYLEWSKA-IWAŃCZYK Z KANCELARII NOTARIALNEJ PRZY UL. ELEKTORALNEJ 11 M. 7, ZMIENIONO PAR. 1.1, 2.9, 4.2 ORAZ 7.1","AKT NOTARIALNY Z DNIA 19 STYCZNIA 2005 ROKU, REP. A NR 248/2005, NOTARIUSZ W WARSZAWIE MAŁGORZATA BRYLEWSKA-IWAŃCZYK Z KANCELARII NOTARIALNEJ PRZY UL. ELEKTORALNEJ 11 M. 7, ZMIENIONO PAR. 1.1, 2.9, 4.2 ORAZ 7.1"
CGI Information Systems and Management Consultants (Polska) Sp. z o.o.,0000078664,root.odpis.dane.dzial1.umowaStatut.informacjaOZawarciuZmianieUmowyStatutu[3].pozycja[0].nrWpisuWprow,no_change,45,45
CGI Information Systems and Management Consultants (Polska) Sp. z o.o.,0000078664,root.odpis.dane.dzial1.umowaStatut.informacjaOZawarciuZmianieUmowyStatutu[3].pozycja[0].zawarcieZmianaUmowyStatutu,no_change,"AKT NOTARIALNY Z DNIA 15 WRZEŚNIA 2021 ROKU, REP. A NUMER 10958/2021, AGNIESZKA LISOWSKA NOTARIUSZ W WARSZAWIE, PROWADZĄCA KANCELARIĘ NOTARIALNĄ ARTUR KOZAK NOTARIUSZ AGNIESZKA LISOWSKA NOTARIUSZ SPÓŁKA CYWILNA, PRZY ALEI JANA PAWŁA II 61 LOK. 4, WARSZAWA ZMIANA PAR. 1.6, PAR. 5.1, PAR. 5.10, PAR. 5.13, PAR. 5.16, PAR. 6.3, PAR. 9.2 AKTU ZAŁOŻYCIELSKIEGO SPÓŁKI I PRZYJĘCIE TEKSTU JEDNOLITEGO AKTU ZAŁOŻYCIELSKIEGO SPÓŁKI","AKT NOTARIALNY Z DNIA 15 WRZEŚNIA 2021 ROKU, REP. A NUMER 10958/2021, AGNIESZKA LISOWSKA NOTARIUSZ W WARSZAWIE, PROWADZĄCA KANCELARIĘ NOTARIALNĄ ARTUR KOZAK NOTARIUSZ AGNIESZKA LISOWSKA NOTARIUSZ SPÓŁKA CYWILNA, PRZY ALEI JANA PAWŁA II 61 LOK. 4, WARSZAWA ZMIANA PAR. 1.6, PAR. 5.1, PAR. 5.10, PAR. 5.13, PAR. 5.16, PAR. 6.3, PAR. 9.2 AKTU ZAŁOŻYCIELSKIEGO SPÓŁKI I PRZYJĘCIE TEKSTU JEDNOLITEGO AKTU ZAŁOŻYCIELSKIEGO SPÓŁKI"
CGI Information Systems and Management Consultants (Polska) Sp. z o.o.,0000078664,root.odpis.dane.dzial1.umowaStatut.informacjaOZawarciuZmianieUmowyStatutu[4].pozycja[0].nrWpisuWprow,no_change,70,70
CGI Information Systems and Management Consultants (Polska) Sp. z o.o.,0000078664,root.odpis.dane.dzial1.umowaStatut.informacjaOZawarciuZmianieUmowyStatutu[4].pozycja[0].zawarcieZmianaUmowyStatutu,no_change,"AKT NOTARIALNY Z DNIA 29 MAJA 2025 R., REP. A NR 5271/2025, SPORZĄDZONY PRZEZ PAWŁA SAWICKIEGO NOTARIUSZA W WARSZAWIE, PROWADZĄCEGO KANCELARIĘ NOTARIALNĄ W WARSZAWIE PRZY UL. ŁUCKIEJ 20/23, 00-845 WARSZAWA - ZMIENIONO § 1 UST. 6 ORAZ DODANO § 8.3 I § 8.4 ORAZ PRZYJĘTO NOWY TEKST JEDNOLITY AKTU ZAŁOŻYCIELSKIEGO","AKT NOTARIALNY Z DNIA 29 MAJA 2025 R., REP. A NR 5271/2025, SPORZĄDZONY PRZEZ PAWŁA SAWICKIEGO NOTARIUSZA W WARSZAWIE, PROWADZĄCEGO KANCELARIĘ NOTARIALNĄ W WARSZAWIE PRZY UL. ŁUCKIEJ 20/23, 00-845 WARSZAWA - ZMIENIONO § 1 UST. 6 ORAZ DODANO § 8.3 I § 8.4 ORAZ PRZYJĘTO NOWY TEKST JEDNOLITY AKTU ZAŁOŻYCIELSKIEGO"
CGI Information Systems and Management Consultants (Polska) Sp. z o.o.,0000078664,root.odpis.dane.dzial1.umowaStatut.informacjaOZawarciuZmianieUmowyStatutu[5].pozycja[0].nrWpisuWprow,no_change,71,71
CGI Information Systems and Management Consultants (Polska) Sp. z o.o.,0000078664,root.odpis.dane.dzial1.umowaStatut.informacjaOZawarciuZmianieUmowyStatutu[5].pozycja[0].zawarcieZmianaUmowyStatutu,no_change,"AKT NOTARIALNY Z DNIA 17 GRUDNIA 2025 R., REP. A NR 14922/2025, SPORZĄDZONY PRZEZ ALEKSANDRĘ PODGÓRSKĄ ZASTĘPCE NOTARIALNEGO PAWŁA SAWICKIEGO NOTARIUSZA W WARSZAWIE, PROWADZĄCEGO KANCELARIĘ NOTARIALNĄ W WARSZAWIE PRZY UL. ŁUCKIEJ 20/23, 00-845 WARSZAWA - ZMIENIONO § 2 ORAZ PRZYJĘTO NOWY TEKST JEDNOLITY AKTU ZAŁOŻYCIELSKIEGO","AKT NOTARIALNY Z DNIA 17 GRUDNIA 2025 R., REP. A NR 14922/2025, SPORZĄDZONY PRZEZ ALEKSANDRĘ PODGÓRSKĄ ZASTĘPCE NOTARIALNEGO PAWŁA SAWICKIEGO NOTARIUSZA W WARSZAWIE, PROWADZĄCEGO KANCELARIĘ NOTARIALNĄ W WARSZAWIE PRZY UL. ŁUCKIEJ 20/23, 00-845 WARSZAWA - ZMIENIONO § 2 ORAZ PRZYJĘTO NOWY TEKST JEDNOLITY AKTU ZAŁOŻYCIELSKIEGO"
CGI Information Systems and Management Consultants (Polska) Sp. z o.o.,0000078664,root.odpis.dane.dzial1.wspolnicySpzoo[0].czyPosiadaCaloscUdzialow[0].czyPosiadaCaloscUdzialow,no_change,True,True
CGI Information Systems and Management Consultants (Polska) Sp. z o.o.,0000078664,root.odpis.dane.dzial1.wspolnicySpzoo[0].czyPosiadaCaloscUdzialow[0].nrWpisuWprow,no_change,1,1
CGI Information Systems and Management Consultants (Polska) Sp. z o.o.,0000078664,root.odpis.dane.dzial1.wspolnicySpzoo[0].czyPosiadaCaloscUdzialow[0].nrWpisuWykr,no_change,8,8
CGI Information Systems and Management Consultants (Polska) Sp. z o.o.,0000078664,root.odpis.dane.dzial1.wspolnicySpzoo[0].nazwa[0].nazwa,no_change,"AMERICAM MANAGEMENT SYSTEMS, INC.","AMERICAM MANAGEMENT SYSTEMS, INC."
CGI Information Systems and Management Consultants (Polska) Sp. z o.o.,0000078664,root.odpis.dane.dzial1.wspolnicySpzoo[0].nazwa[0].nrWpisuWprow,no_change,1,1
CGI Information Systems and Management Consultants (Polska) Sp. z o.o.,0000078664,root.odpis.dane.dzial1.wspolnicySpzoo[0].nazwa[0].nrWpisuWykr,no_change,2,2
CGI Information Systems and Management Consultants (Polska) Sp. z o.o.,0000078664,root.odpis.dane.dzial1.wspolnicySpzoo[0].nazwa[1].nazwa,no_change,"AMERICAN MANAGEMENT SYSTEMS, INC.","AMERICAN MANAGEMENT SYSTEMS, INC."
CGI Information Systems and Management Consultants (Polska) Sp. z o.o.,0000078664,root.odpis.dane.dzial1.wspolnicySpzoo[0].nazwa[1].nrWpisuWprow,no_change,2,2
CGI Information Systems and Management Consultants (Polska) Sp. z o.o.,0000078664,root.odpis.dane.dzial1.wspolnicySpzoo[0].nazwa[1].nrWpisuWykr,no_change,8,8
CGI Information Systems and Management Consultants (Polska) Sp. z o.o.,0000078664,root.odpis.dane.dzial1.wspolnicySpzoo[0].posiadaneUdzialy[0].nrWpisuWprow,no_change,1,1
CGI Information Systems and Management Consultants (Polska) Sp. z o.o.,0000078664,root.odpis.dane.dzial1.wspolnicySpzoo[0].posiadaneUdzialy[0].nrWpisuWykr,no_change,5,5
CGI Information Systems and Management Consultants (Polska) Sp. z o.o.,0000078664,root.odpis.dane.dzial1.wspolnicySpzoo[0].posiadaneUdzialy[0].posiadaneUdzialy,no_change,80 UDZIAŁÓW O ŁĄCZNEJ WYSOKOŚCI 4.000 ZŁ,80 UDZIAŁÓW O ŁĄCZNEJ WYSOKOŚCI 4.000 ZŁ
CGI Information Systems and Management Consultants (Polska) Sp. z o.o.,0000078664,root.odpis.dane.dzial1.wspolnicySpzoo[0].posiadaneUdzialy[1].nrWpisuWprow,no_change,5,5
CGI Information Systems and Management Consultants (Polska) Sp. z o.o.,0000078664,root.odpis.dane.dzial1.wspolnicySpzoo[0].posiadaneUdzialy[1].nrWpisuWykr,no_change,8,8
CGI Information Systems and Management Consultants (Polska) Sp. z o.o.,0000078664,root.odpis.dane.dzial1.wspolnicySpzoo[0].posiadaneUdzialy[1].posiadaneUdzialy,no_change,80 UDZIAŁÓW O ŁĄCZNEJ WYSOKOŚCI 50.000 ZŁ,80 UDZIAŁÓW O ŁĄCZNEJ WYSOKOŚCI 50.000 ZŁ
CGI Information Systems and Management Consultants (Polska) Sp. z o.o.,0000078664,root.odpis.dane.dzial1.wspolnicySpzoo[1].czyPosiadaCaloscUdzialow[0].czyPosiadaCaloscUdzialow,no_change,True,True
CGI Information Systems and Management Consultants (Polska) Sp. z o.o.,0000078664,root.odpis.dane.dzial1.wspolnicySpzoo[1].czyPosiadaCaloscUdzialow[0].nrWpisuWprow,no_change,8,8
CGI Information Systems and Management Consultants (Polska) Sp. z o.o.,0000078664,root.odpis.dane.dzial1.wspolnicySpzoo[1].czyPosiadaCaloscUdzialow[0].nrWpisuWykr,no_change,71,71
CGI Information Systems and Management Consultants (Polska) Sp. z o.o.,0000078664,root.odpis.dane.dzial1.wspolnicySpzoo[1].czyPosiadaCaloscUdzialow[1].czyPosiadaCaloscUdzialow,no_change,True,True
CGI Information Systems and Management Consultants (Polska) Sp. z o.o.,0000078664,root.odpis.dane.dzial1.wspolnicySpzoo[1].czyPosiadaCaloscUdzialow[1].nrWpisuWprow,no_change,71,71
CGI Information Systems and Management Consultants (Polska) Sp. z o.o.,0000078664,root.odpis.dane.dzial1.wspolnicySpzoo[1].nazwa[0].nazwa,no_change,INFORMATION MANAGEMENT RESOURCES UK HOLDING COMPANY LIMITED,INFORMATION MANAGEMENT RESOURCES UK HOLDING COMPANY LIMITED
CGI Information Systems and Management Consultants (Polska) Sp. z o.o.,0000078664,root.odpis.dane.dzial1.wspolnicySpzoo[1].nazwa[0].nrWpisuWprow,no_change,8,8
CGI Information Systems and Management Consultants (Polska) Sp. z o.o.,0000078664,root.odpis.dane.dzial1.wspolnicySpzoo[1].nazwa[0].nrWpisuWykr,no_change,13,13
CGI Information Systems and Management Consultants (Polska) Sp. z o.o.,0000078664,root.odpis.dane.dzial1.wspolnicySpzoo[1].nazwa[1].nazwa,no_change,CGI GROUP HOLDINGS EUROPE LIMITED,CGI GROUP HOLDINGS EUROPE LIMITED
CGI Information Systems and Management Consultants (Polska) Sp. z o.o.,0000078664,root.odpis.dane.dzial1.wspolnicySpzoo[1].nazwa[1].nrWpisuWprow,no_change,13,13
CGI Information Systems and Management Consultants (Polska) Sp. z o.o.,0000078664,root.odpis.dane.dzial1.wspolnicySpzoo[1].posiadaneUdzialy[0].nrWpisuWprow,no_change,8,8
CGI Information Systems and Management Consultants (Polska) Sp. z o.o.,0000078664,root.odpis.dane.dzial1.wspolnicySpzoo[1].posiadaneUdzialy[0].nrWpisuWykr,no_change,71,71
CGI Information Systems and Management Consultants (Polska) Sp. z o.o.,0000078664,root.odpis.dane.dzial1.wspolnicySpzoo[1].posiadaneUdzialy[0].posiadaneUdzialy,no_change,"80 (OSIEMDZIESIĄT) UDZIAŁÓW O ŁĄCZNEJ WARTOŚCI 50000,00 ZŁ (PIĘĆDZIESIĄT TYSIĘCY)","80 (OSIEMDZIESIĄT) UDZIAŁÓW O ŁĄCZNEJ WARTOŚCI 50000,00 ZŁ (PIĘĆDZIESIĄT TYSIĘCY)"
CGI Information Systems and Management Consultants (Polska) Sp. z o.o.,0000078664,root.odpis.dane.dzial1.wspolnicySpzoo[1].posiadaneUdzialy[1].nrWpisuWprow,no_change,71,71
CGI Information Systems and Management Consultants (Polska) Sp. z o.o.,0000078664,root.odpis.dane.dzial1.wspolnicySpzoo[1].posiadaneUdzialy[1].posiadaneUdzialy,no_change,"96 (DZIEWIĘĆDZIESIĄT SZEŚĆ) UDZIAŁÓW O ŁĄCZNEJ WARTOŚCI 60.000,00 ZŁ (SZEŚĆDZIESIĄT TYSIĘCY ZŁOTYCH)","96 (DZIEWIĘĆDZIESIĄT SZEŚĆ) UDZIAŁÓW O ŁĄCZNEJ WARTOŚCI 60.000,00 ZŁ (SZEŚĆDZIESIĄT TYSIĘCY ZŁOTYCH)"
CGI Information Systems and Management Consultants (Polska) Sp. z o.o.,0000078664,root.odpis.dane.dzial2.prokurenci[0].imiona[0].imiona.imie,no_change,T******,T******
CGI Information Systems and Management Consultants (Polska) Sp. z o.o.,0000078664,root.odpis.dane.dzial2.prokurenci[0].imiona[0].nrWpisuWprow,no_change,9,9
CGI Information Systems and Management Consultants (Polska) Sp. z o.o.,0000078664,root.odpis.dane.dzial2.prokurenci[0].imiona[0].nrWpisuWykr,no_change,22,22
CGI Information Systems and Management Consultants (Polska) Sp. z o.o.,0000078664,root.odpis.dane.dzial2.prokurenci[0].nazwisko[0].nazwisko.nazwiskoICzlon,no_change,H*******,H*******
CGI Information Systems and Management Consultants (Polska) Sp. z o.o.,0000078664,root.odpis.dane.dzial2.prokurenci[0].nazwisko[0].nrWpisuWprow,no_change,9,9
CGI Information Systems and Management Consultants (Polska) Sp. z o.o.,0000078664,root.odpis.dane.dzial2.prokurenci[0].nazwisko[0].nrWpisuWykr,no_change,22,22
CGI Information Systems and Management Consultants (Polska) Sp. z o.o.,0000078664,root.odpis.dane.dzial2.prokurenci[0].rodzajProkury[0].nrWpisuWprow,no_change,9,9
CGI Information Systems and Management Consultants (Polska) Sp. z o.o.,0000078664,root.odpis.dane.dzial2.prokurenci[0].rodzajProkury[0].nrWpisuWykr,no_change,22,22
CGI Information Systems and Management Consultants (Polska) Sp. z o.o.,0000078664,root.odpis.dane.dzial2.prokurenci[0].rodzajProkury[0].rodzajProkury,no_change,SAMODZIELNA,SAMODZIELNA
CGI Information Systems and Management Consultants (Polska) Sp. z o.o.,0000078664,root.odpis.dane.dzial2.prokurenci[1].identyfikator[0].nrWpisuWprow,no_change,9,9
CGI Information Systems and Management Consultants (Polska) Sp. z o.o.,0000078664,root.odpis.dane.dzial2.prokurenci[1].identyfikator[0].nrWpisuWykr,no_change,27,27
CGI Information Systems and Management Consultants (Polska) Sp. z o.o.,0000078664,root.odpis.dane.dzial2.prokurenci[1].identyfikator[0].pesel,no_change,7**********,7**********
CGI Information Systems and Management Consultants (Polska) Sp. z o.o.,0000078664,root.odpis.dane.dzial2.prokurenci[1].imiona[0].imiona.imie,no_change,D******,D******
CGI Information Systems and Management Consultants (Polska) Sp. z o.o.,0000078664,root.odpis.dane.dzial2.prokurenci[1].imiona[0].nrWpisuWprow,no_change,9,9
CGI Information Systems and Management Consultants (Polska) Sp. z o.o.,0000078664,root.odpis.dane.dzial2.prokurenci[1].imiona[0].nrWpisuWykr,no_change,27,27
CGI Information Systems and Management Consultants (Polska) Sp. z o.o.,0000078664,root.odpis.dane.dzial2.prokurenci[1].nazwisko[0].nazwisko.nazwiskoICzlon,no_change,G*****,G*****
CGI Information Systems and Management Consultants (Polska) Sp. z o.o.,0000078664,root.odpis.dane.dzial2.prokurenci[1].nazwisko[0].nrWpisuWprow,no_change,9,9
CGI Information Systems and Management Consultants (Polska) Sp. z o.o.,0000078664,root.odpis.dane.dzial2.prokurenci[1].nazwisko[0].nrWpisuWykr,no_change,27,27
CGI Information Systems and Management Consultants (Polska) Sp. z o.o.,0000078664,root.odpis.dane.dzial2.prokurenci[1].rodzajProkury[0].nrWpisuWprow,no_change,9,9
CGI Information Systems and Management Consultants (Polska) Sp. z o.o.,0000078664,root.odpis.dane.dzial2.prokurenci[1].rodzajProkury[0].nrWpisuWykr,no_change,27,27
CGI Information Systems and Management Consultants (Polska) Sp. z o.o.,0000078664,root.odpis.dane.dzial2.prokurenci[1].rodzajProkury[0].rodzajProkury,no_change,SAMODZIELNA,SAMODZIELNA
CGI Information Systems and Management Consultants (Polska) Sp. z o.o.,0000078664,root.odpis.dane.dzial2.prokurenci[2].imiona[0].imiona.imie,no_change,K****,K****
CGI Information Systems and Management Consultants (Polska) Sp. z o.o.,0000078664,root.odpis.dane.dzial2.prokurenci[2].imiona[0].nrWpisuWprow,no_change,9,9
CGI Information Systems and Management Consultants (Polska) Sp. z o.o.,0000078664,root.odpis.dane.dzial2.prokurenci[2].imiona[0].nrWpisuWykr,no_change,13,13
CGI Information Systems and Management Consultants (Polska) Sp. z o.o.,0000078664,root.odpis.dane.dzial2.prokurenci[2].nazwisko[0].nazwisko.nazwiskoICzlon,no_change,O********,O********
CGI Information Systems and Management Consultants (Polska) Sp. z o.o.,0000078664,root.odpis.dane.dzial2.prokurenci[2].nazwisko[0].nrWpisuWprow,no_change,9,9
CGI Information Systems and Management Consultants (Polska) Sp. z o.o.,0000078664,root.odpis.dane.dzial2.prokurenci[2].nazwisko[0].nrWpisuWykr,no_change,13,13
CGI Information Systems and Management Consultants (Polska) Sp. z o.o.,0000078664,root.odpis.dane.dzial2.prokurenci[2].rodzajProkury[0].nrWpisuWprow,no_change,9,9
CGI Information Systems and Management Consultants (Polska) Sp. z o.o.,0000078664,root.odpis.dane.dzial2.prokurenci[2].rodzajProkury[0].nrWpisuWykr,no_change,13,13
CGI Information Systems and Management Consultants (Polska) Sp. z o.o.,0000078664,root.odpis.dane.dzial2.prokurenci[2].rodzajProkury[0].rodzajProkury,no_change,SAMODZIELNA,SAMODZIELNA
CGI Information Systems and Management Consultants (Polska) Sp. z o.o.,0000078664,root.odpis.dane.dzial2.prokurenci[3].imiona[0].imiona.imie,no_change,F****,F****
CGI Information Systems and Management Consultants (Polska) Sp. z o.o.,0000078664,root.odpis.dane.dzial2.prokurenci[3].imiona[0].nrWpisuWprow,no_change,9,9
CGI Information Systems and Management Consultants (Polska) Sp. z o.o.,0000078664,root.odpis.dane.dzial2.prokurenci[3].imiona[0].nrWpisuWykr,no_change,36,36
CGI Information Systems and Management Consultants (Polska) Sp. z o.o.,0000078664,root.odpis.dane.dzial2.prokurenci[3].nazwisko[0].nazwisko.nazwiskoICzlon,no_change,M*******,M*******
CGI Information Systems and Management Consultants (Polska) Sp. z o.o.,0000078664,root.odpis.dane.dzial2.prokurenci[3].nazwisko[0].nrWpisuWprow,no_change,9,9
CGI Information Systems and Management Consultants (Polska) Sp. z o.o.,0000078664,root.odpis.dane.dzial2.prokurenci[3].nazwisko[0].nrWpisuWykr,no_change,36,36
CGI Information Systems and Management Consultants (Polska) Sp. z o.o.,0000078664,root.odpis.dane.dzial2.prokurenci[3].rodzajProkury[0].nrWpisuWprow,no_change,9,9
CGI Information Systems and Management Consultants (Polska) Sp. z o.o.,0000078664,root.odpis.dane.dzial2.prokurenci[3].rodzajProkury[0].nrWpisuWykr,no_change,36,36
CGI Information Systems and Management Consultants (Polska) Sp. z o.o.,0000078664,root.odpis.dane.dzial2.prokurenci[3].rodzajProkury[0].rodzajProkury,no_change,SAMODZIELNA,SAMODZIELNA
CGI Information Systems and Management Consultants (Polska) Sp. z o.o.,0000078664,root.odpis.dane.dzial2.prokurenci[4].imiona[0].imiona.imie,no_change,S*****,S*****
CGI Information Systems and Management Consultants (Polska) Sp. z o.o.,0000078664,root.odpis.dane.dzial2.prokurenci[4].imiona[0].nrWpisuWprow,no_change,10,10
CGI Information Systems and Management Consultants (Polska) Sp. z o.o.,0000078664,root.odpis.dane.dzial2.prokurenci[4].imiona[0].nrWpisuWykr,no_change,27,27
CGI Information Systems and Management Consultants (Polska) Sp. z o.o.,0000078664,root.odpis.dane.dzial2.prokurenci[4].nazwisko[0].nazwisko.nazwiskoICzlon,no_change,S*****,S*****
CGI Information Systems and Management Consultants (Polska) Sp. z o.o.,0000078664,root.odpis.dane.dzial2.prokurenci[4].nazwisko[0].nrWpisuWprow,no_change,10,10
CGI Information Systems and Management Consultants (Polska) Sp. z o.o.,0000078664,root.odpis.dane.dzial2.prokurenci[4].nazwisko[0].nrWpisuWykr,no_change,27,27
CGI Information Systems and Management Consultants (Polska) Sp. z o.o.,0000078664,root.odpis.dane.dzial2.prokurenci[4].rodzajProkury[0].nrWpisuWprow,no_change,10,10
CGI Information Systems and Management Consultants (Polska) Sp. z o.o.,0000078664,root.odpis.dane.dzial2.prokurenci[4].rodzajProkury[0].nrWpisuWykr,no_change,27,27
CGI Information Systems and Management Consultants (Polska) Sp. z o.o.,0000078664,root.odpis.dane.dzial2.prokurenci[4].rodzajProkury[0].rodzajProkury,no_change,SAMODZIELNA,SAMODZIELNA
CGI Information Systems and Management Consultants (Polska) Sp. z o.o.,0000078664,root.odpis.dane.dzial2.prokurenci[5].identyfikator[0].nrWpisuWprow,no_change,27,27
CGI Information Systems and Management Consultants (Polska) Sp. z o.o.,0000078664,root.odpis.dane.dzial2.prokurenci[5].identyfikator[0].nrWpisuWykr,no_change,30,30
CGI Information Systems and Management Consultants (Polska) Sp. z o.o.,0000078664,root.odpis.dane.dzial2.prokurenci[5].identyfikator[0].pesel,no_change,7**********,7**********
CGI Information Systems and Management Consultants (Polska) Sp. z o.o.,0000078664,root.odpis.dane.dzial2.prokurenci[5].imiona[0].imiona.imie,no_change,B*********,B*********
CGI Information Systems and Management Consultants (Polska) Sp. z o.o.,0000078664,root.odpis.dane.dzial2.prokurenci[5].imiona[0].nrWpisuWprow,no_change,27,27
CGI Information Systems and Management Consultants (Polska) Sp. z o.o.,0000078664,root.odpis.dane.dzial2.prokurenci[5].imiona[0].nrWpisuWykr,no_change,30,30
CGI Information Systems and Management Consultants (Polska) Sp. z o.o.,0000078664,root.odpis.dane.dzial2.prokurenci[5].nazwisko[0].nazwisko.nazwiskoICzlon,no_change,N************,N************
CGI Information Systems and Management Consultants (Polska) Sp. z o.o.,0000078664,root.odpis.dane.dzial2.prokurenci[5].nazwisko[0].nrWpisuWprow,no_change,27,27
CGI Information Systems and Management Consultants (Polska) Sp. z o.o.,0000078664,root.odpis.dane.dzial2.prokurenci[5].nazwisko[0].nrWpisuWykr,no_change,30,30
CGI Information Systems and Management Consultants (Polska) Sp. z o.o.,0000078664,root.odpis.dane.dzial2.prokurenci[5].rodzajProkury[0].nrWpisuWprow,no_change,27,27
CGI Information Systems and Management Consultants (Polska) Sp. z o.o.,0000078664,root.odpis.dane.dzial2.prokurenci[5].rodzajProkury[0].nrWpisuWykr,no_change,30,30
CGI Information Systems and Management Consultants (Polska) Sp. z o.o.,0000078664,root.odpis.dane.dzial2.prokurenci[5].rodzajProkury[0].rodzajProkury,no_change,PROKURA SAMOISTNA,PROKURA SAMOISTNA
CGI Information Systems and Management Consultants (Polska) Sp. z o.o.,0000078664,root.odpis.dane.dzial2.reprezentacja[0].nazwaOrganu[0].nazwaOrganu,no_change,ZARZĄD,ZARZĄD
CGI Information Systems and Management Consultants (Polska) Sp. z o.o.,0000078664,root.odpis.dane.dzial2.reprezentacja[0].nazwaOrganu[0].nrWpisuWprow,no_change,1,1
CGI Information Systems and Management Consultants (Polska) Sp. z o.o.,0000078664,root.odpis.dane.dzial2.reprezentacja[0].sklad[0].czyZawieszona[0].czyZawieszona,no_change,False,False
CGI Information Systems and Management Consultants (Polska) Sp. z o.o.,0000078664,root.odpis.dane.dzial2.reprezentacja[0].sklad[0].czyZawieszona[0].nrWpisuWprow,no_change,1,1
CGI Information Systems and Management Consultants (Polska) Sp. z o.o.,0000078664,root.odpis.dane.dzial2.reprezentacja[0].sklad[0].czyZawieszona[0].nrWpisuWykr,no_change,2,2
CGI Information Systems and Management Consultants (Polska) Sp. z o.o.,0000078664,root.odpis.dane.dzial2.reprezentacja[0].sklad[0].funkcjaWOrganie[0].funkcjaWOrganie,no_change,CZŁONEK ZARZĄDU,CZŁONEK ZARZĄDU
CGI Information Systems and Management Consultants (Polska) Sp. z o.o.,0000078664,root.odpis.dane.dzial2.reprezentacja[0].sklad[0].funkcjaWOrganie[0].nrWpisuWprow,no_change,1,1
CGI Information Systems and Management Consultants (Polska) Sp. z o.o.,0000078664,root.odpis.dane.dzial2.reprezentacja[0].sklad[0].funkcjaWOrganie[0].nrWpisuWykr,no_change,2,2
CGI Information Systems and Management Consultants (Polska) Sp. z o.o.,0000078664,root.odpis.dane.dzial2.reprezentacja[0].sklad[0].imiona[0].imiona.imie,no_change,R***,R***
CGI Information Systems and Management Consultants (Polska) Sp. z o.o.,0000078664,root.odpis.dane.dzial2.reprezentacja[0].sklad[0].imiona[0].imiona.imieDrugie,no_change,C******,C******
CGI Information Systems and Management Consultants (Polska) Sp. z o.o.,0000078664,root.odpis.dane.dzial2.reprezentacja[0].sklad[0].imiona[0].nrWpisuWprow,no_change,1,1
CGI Information Systems and Management Consultants (Polska) Sp. z o.o.,0000078664,root.odpis.dane.dzial2.reprezentacja[0].sklad[0].imiona[0].nrWpisuWykr,no_change,2,2
CGI Information Systems and Management Consultants (Polska) Sp. z o.o.,0000078664,root.odpis.dane.dzial2.reprezentacja[0].sklad[0].nazwisko[0].nazwisko.nazwiskoICzlon,no_change,K***,K***
CGI Information Systems and Management Consultants (Polska) Sp. z o.o.,0000078664,root.odpis.dane.dzial2.reprezentacja[0].sklad[0].nazwisko[0].nrWpisuWprow,no_change,1,1
CGI Information Systems and Management Consultants (Polska) Sp. z o.o.,0000078664,root.odpis.dane.dzial2.reprezentacja[0].sklad[0].nazwisko[0].nrWpisuWykr,no_change,2,2
CGI Information Systems and Management Consultants (Polska) Sp. z o.o.,0000078664,root.odpis.dane.dzial2.reprezentacja[0].sklad[10].czyZawieszona[0].czyZawieszona,no_change,False,False
CGI Information Systems and Management Consultants (Polska) Sp. z o.o.,0000078664,root.odpis.dane.dzial2.reprezentacja[0].sklad[10].czyZawieszona[0].nrWpisuWprow,no_change,7,7
CGI Information Systems and Management Consultants (Polska) Sp. z o.o.,0000078664,root.odpis.dane.dzial2.reprezentacja[0].sklad[10].czyZawieszona[0].nrWpisuWykr,no_change,12,12
CGI Information Systems and Management Consultants (Polska) Sp. z o.o.,0000078664,root.odpis.dane.dzial2.reprezentacja[0].sklad[10].funkcjaWOrganie[0].funkcjaWOrganie,no_change,CZŁONEK ZARZĄDU,CZŁONEK ZARZĄDU
CGI Information Systems and Management Consultants (Polska) Sp. z o.o.,0000078664,root.odpis.dane.dzial2.reprezentacja[0].sklad[10].funkcjaWOrganie[0].nrWpisuWprow,no_change,7,7
CGI Information Systems and Management Consultants (Polska) Sp. z o.o.,0000078664,root.odpis.dane.dzial2.reprezentacja[0].sklad[10].funkcjaWOrganie[0].nrWpisuWykr,no_change,12,12
CGI Information Systems and Management Consultants (Polska) Sp. z o.o.,0000078664,root.odpis.dane.dzial2.reprezentacja[0].sklad[10].imiona[0].imiona.imie,no_change,P****,P****
CGI Information Systems and Management Consultants (Polska) Sp. z o.o.,0000078664,root.odpis.dane.dzial2.reprezentacja[0].sklad[10].imiona[0].nrWpisuWprow,no_change,7,7
CGI Information Systems and Management Consultants (Polska) Sp. z o.o.,0000078664,root.odpis.dane.dzial2.reprezentacja[0].sklad[10].imiona[0].nrWpisuWykr,no_change,12,12
CGI Information Systems and Management Consultants (Polska) Sp. z o.o.,0000078664,root.odpis.dane.dzial2.reprezentacja[0].sklad[10].nazwisko[0].nazwisko.nazwiskoICzlon,no_change,D***,D***
CGI Information Systems and Management Consultants (Polska) Sp. z o.o.,0000078664,root.odpis.dane.dzial2.reprezentacja[0].sklad[10].nazwisko[0].nrWpisuWprow,no_change,7,7
CGI Information Systems and Management Consultants (Polska) Sp. z o.o.,0000078664,root.odpis.dane.dzial2.reprezentacja[0].sklad[10].nazwisko[0].nrWpisuWykr,no_change,12,12
CGI Information Systems and Management Consultants (Polska) Sp. z o.o.,0000078664,root.odpis.dane.dzial2.reprezentacja[0].sklad[11].czyZawieszona[0].czyZawieszona,no_change,False,False
CGI Information Systems and Management Consultants (Polska) Sp. z o.o.,0000078664,root.odpis.dane.dzial2.reprezentacja[0].sklad[11].czyZawieszona[0].nrWpisuWprow,no_change,12,12
CGI Information Systems and Management Consultants (Polska) Sp. z o.o.,0000078664,root.odpis.dane.dzial2.reprezentacja[0].sklad[11].czyZawieszona[0].nrWpisuWykr,no_change,21,21
CGI Information Systems and Management Consultants (Polska) Sp. z o.o.,0000078664,root.odpis.dane.dzial2.reprezentacja[0].sklad[11].funkcjaWOrganie[0].funkcjaWOrganie,no_change,CZŁONEK ZARZĄDU,CZŁONEK ZARZĄDU
CGI Information Systems and Management Consultants (Polska) Sp. z o.o.,0000078664,root.odpis.dane.dzial2.reprezentacja[0].sklad[11].funkcjaWOrganie[0].nrWpisuWprow,no_change,12,12
CGI Information Systems and Management Consultants (Polska) Sp. z o.o.,0000078664,root.odpis.dane.dzial2.reprezentacja[0].sklad[11].funkcjaWOrganie[0].nrWpisuWykr,no_change,21,21
CGI Information Systems and Management Consultants (Polska) Sp. z o.o.,0000078664,root.odpis.dane.dzial2.reprezentacja[0].sklad[11].imiona[0].imiona.imie,no_change,M******,M******
CGI Information Systems and Management Consultants (Polska) Sp. z o.o.,0000078664,root.odpis.dane.dzial2.reprezentacja[0].sklad[11].imiona[0].imiona.imieDrugie,no_change,E*****,E*****
CGI Information Systems and Management Consultants (Polska) Sp. z o.o.,0000078664,root.odpis.dane.dzial2.reprezentacja[0].sklad[11].imiona[0].nrWpisuWprow,no_change,12,12
CGI Information Systems and Management Consultants (Polska) Sp. z o.o.,0000078664,root.odpis.dane.dzial2.reprezentacja[0].sklad[11].imiona[0].nrWpisuWykr,no_change,21,21
CGI Information Systems and Management Consultants (Polska) Sp. z o.o.,0000078664,root.odpis.dane.dzial2.reprezentacja[0].sklad[11].nazwisko[0].nazwisko.nazwiskoICzlon,no_change,R****,R****
CGI Information Systems and Management Consultants (Polska) Sp. z o.o.,0000078664,root.odpis.dane.dzial2.reprezentacja[0].sklad[11].nazwisko[0].nrWpisuWprow,no_change,12,12
CGI Information Systems and Management Consultants (Polska) Sp. z o.o.,0000078664,root.odpis.dane.dzial2.reprezentacja[0].sklad[11].nazwisko[0].nrWpisuWykr,no_change,21,21
CGI Information Systems and Management Consultants (Polska) Sp. z o.o.,0000078664,root.odpis.dane.dzial2.reprezentacja[0].sklad[12].czyZawieszona[0].czyZawieszona,no_change,False,False
CGI Information Systems and Management Consultants (Polska) Sp. z o.o.,0000078664,root.odpis.dane.dzial2.reprezentacja[0].sklad[12].czyZawieszona[0].nrWpisuWprow,no_change,12,12
CGI Information Systems and Management Consultants (Polska) Sp. z o.o.,0000078664,root.odpis.dane.dzial2.reprezentacja[0].sklad[12].czyZawieszona[0].nrWpisuWykr,no_change,21,21
CGI Information Systems and Management Consultants (Polska) Sp. z o.o.,0000078664,root.odpis.dane.dzial2.reprezentacja[0].sklad[12].funkcjaWOrganie[0].funkcjaWOrganie,no_change,CZŁONEK ZARZĄDU,CZŁONEK ZARZĄDU
CGI Information Systems and Management Consultants (Polska) Sp. z o.o.,0000078664,root.odpis.dane.dzial2.reprezentacja[0].sklad[12].funkcjaWOrganie[0].nrWpisuWprow,no_change,12,12
CGI Information Systems and Management Consultants (Polska) Sp. z o.o.,0000078664,root.odpis.dane.dzial2.reprezentacja[0].sklad[12].funkcjaWOrganie[0].nrWpisuWykr,no_change,21,21
CGI Information Systems and Management Consultants (Polska) Sp. z o.o.,0000078664,root.odpis.dane.dzial2.reprezentacja[0].sklad[12].imiona[0].imiona.imie,no_change,F****,F****
CGI Information Systems and Management Consultants (Polska) Sp. z o.o.,0000078664,root.odpis.dane.dzial2.reprezentacja[0].sklad[12].imiona[0].nrWpisuWprow,no_change,12,12
CGI Information Systems and Management Consultants (Polska) Sp. z o.o.,0000078664,root.odpis.dane.dzial2.reprezentacja[0].sklad[12].imiona[0].nrWpisuWykr,no_change,21,21
CGI Information Systems and Management Consultants (Polska) Sp. z o.o.,0000078664,root.odpis.dane.dzial2.reprezentacja[0].sklad[12].nazwisko[0].nazwisko.nazwiskoICzlon,no_change,M*******,M*******
CGI Information Systems and Management Consultants (Polska) Sp. z o.o.,0000078664,root.odpis.dane.dzial2.reprezentacja[0].sklad[12].nazwisko[0].nrWpisuWprow,no_change,12,12
CGI Information Systems and Management Consultants (Polska) Sp. z o.o.,0000078664,root.odpis.dane.dzial2.reprezentacja[0].sklad[12].nazwisko[0].nrWpisuWykr,no_change,21,21
CGI Information Systems and Management Consultants (Polska) Sp. z o.o.,0000078664,root.odpis.dane.dzial2.reprezentacja[0].sklad[13].czyZawieszona[0].czyZawieszona,no_change,False,False
CGI Information Systems and Management Consultants (Polska) Sp. z o.o.,0000078664,root.odpis.dane.dzial2.reprezentacja[0].sklad[13].czyZawieszona[0].nrWpisuWprow,no_change,12,12
CGI Information Systems and Management Consultants (Polska) Sp. z o.o.,0000078664,root.odpis.dane.dzial2.reprezentacja[0].sklad[13].czyZawieszona[0].nrWpisuWykr,no_change,22,22
CGI Information Systems and Management Consultants (Polska) Sp. z o.o.,0000078664,root.odpis.dane.dzial2.reprezentacja[0].sklad[13].funkcjaWOrganie[0].funkcjaWOrganie,no_change,CZŁONEK ZARZĄDU,CZŁONEK ZARZĄDU
CGI Information Systems and Management Consultants (Polska) Sp. z o.o.,0000078664,root.odpis.dane.dzial2.reprezentacja[0].sklad[13].funkcjaWOrganie[0].nrWpisuWprow,no_change,12,12
CGI Information Systems and Management Consultants (Polska) Sp. z o.o.,0000078664,root.odpis.dane.dzial2.reprezentacja[0].sklad[13].funkcjaWOrganie[0].nrWpisuWykr,no_change,22,22
CGI Information Systems and Management Consultants (Polska) Sp. z o.o.,0000078664,root.odpis.dane.dzial2.reprezentacja[0].sklad[13].imiona[0].imiona.imie,no_change,T******,T******
CGI Information Systems and Management Consultants (Polska) Sp. z o.o.,0000078664,root.odpis.dane.dzial2.reprezentacja[0].sklad[13].imiona[0].nrWpisuWprow,no_change,12,12
CGI Information Systems and Management Consultants (Polska) Sp. z o.o.,0000078664,root.odpis.dane.dzial2.reprezentacja[0].sklad[13].imiona[0].nrWpisuWykr,no_change,22,22
CGI Information Systems and Management Consultants (Polska) Sp. z o.o.,0000078664,root.odpis.dane.dzial2.reprezentacja[0].sklad[13].nazwisko[0].nazwisko.nazwiskoICzlon,no_change,H*******,H*******
CGI Information Systems and Management Consultants (Polska) Sp. z o.o.,0000078664,root.odpis.dane.dzial2.reprezentacja[0].sklad[13].nazwisko[0].nrWpisuWprow,no_change,12,12
CGI Information Systems and Management Consultants (Polska) Sp. z o.o.,0000078664,root.odpis.dane.dzial2.reprezentacja[0].sklad[13].nazwisko[0].nrWpisuWykr,no_change,22,22
CGI Information Systems and Management Consultants (Polska) Sp. z o.o.,0000078664,root.odpis.dane.dzial2.reprezentacja[0].sklad[14].czyZawieszona[0].czyZawieszona,no_change,False,False
CGI Information Systems and Management Consultants (Polska) Sp. z o.o.,0000078664,root.odpis.dane.dzial2.reprezentacja[0].sklad[14].czyZawieszona[0].nrWpisuWprow,no_change,12,12
CGI Information Systems and Management Consultants (Polska) Sp. z o.o.,0000078664,root.odpis.dane.dzial2.reprezentacja[0].sklad[14].czyZawieszona[0].nrWpisuWykr,no_change,15,15
CGI Information Systems and Management Consultants (Polska) Sp. z o.o.,0000078664,root.odpis.dane.dzial2.reprezentacja[0].sklad[14].funkcjaWOrganie[0].funkcjaWOrganie,no_change,CZŁONEK ZARZĄDU,CZŁONEK ZARZĄDU
CGI Information Systems and Management Consultants (Polska) Sp. z o.o.,0000078664,root.odpis.dane.dzial2.reprezentacja[0].sklad[14].funkcjaWOrganie[0].nrWpisuWprow,no_change,12,12
CGI Information Systems and Management Consultants (Polska) Sp. z o.o.,0000078664,root.odpis.dane.dzial2.reprezentacja[0].sklad[14].funkcjaWOrganie[0].nrWpisuWykr,no_change,15,15
CGI Information Systems and Management Consultants (Polska) Sp. z o.o.,0000078664,root.odpis.dane.dzial2.reprezentacja[0].sklad[14].imiona[0].imiona.imie,no_change,J*****,J*****
CGI Information Systems and Management Consultants (Polska) Sp. z o.o.,0000078664,root.odpis.dane.dzial2.reprezentacja[0].sklad[14].imiona[0].nrWpisuWprow,no_change,12,12
CGI Information Systems and Management Consultants (Polska) Sp. z o.o.,0000078664,root.odpis.dane.dzial2.reprezentacja[0].sklad[14].imiona[0].nrWpisuWykr,no_change,15,15
CGI Information Systems and Management Consultants (Polska) Sp. z o.o.,0000078664,root.odpis.dane.dzial2.reprezentacja[0].sklad[14].nazwisko[0].nazwisko.nazwiskoICzlon,no_change,S*****,S*****
CGI Information Systems and Management Consultants (Polska) Sp. z o.o.,0000078664,root.odpis.dane.dzial2.reprezentacja[0].sklad[14].nazwisko[0].nrWpisuWprow,no_change,12,12
CGI Information Systems and Management Consultants (Polska) Sp. z o.o.,0000078664,root.odpis.dane.dzial2.reprezentacja[0].sklad[14].nazwisko[0].nrWpisuWykr,no_change,15,15
CGI Information Systems and Management Consultants (Polska) Sp. z o.o.,0000078664,root.odpis.dane.dzial2.reprezentacja[0].sklad[15].czyZawieszona[0].czyZawieszona,no_change,False,False
CGI Information Systems and Management Consultants (Polska) Sp. z o.o.,0000078664,root.odpis.dane.dzial2.reprezentacja[0].sklad[15].czyZawieszona[0].nrWpisuWprow,no_change,12,12
CGI Information Systems and Management Consultants (Polska) Sp. z o.o.,0000078664,root.odpis.dane.dzial2.reprezentacja[0].sklad[15].czyZawieszona[0].nrWpisuWykr,no_change,20,20
CGI Information Systems and Management Consultants (Polska) Sp. z o.o.,0000078664,root.odpis.dane.dzial2.reprezentacja[0].sklad[15].funkcjaWOrganie[0].funkcjaWOrganie,no_change,CZŁONEK ZARZĄDU,CZŁONEK ZARZĄDU
CGI Information Systems and Management Consultants (Polska) Sp. z o.o.,0000078664,root.odpis.dane.dzial2.reprezentacja[0].sklad[15].funkcjaWOrganie[0].nrWpisuWprow,no_change,12,12
CGI Information Systems and Management Consultants (Polska) Sp. z o.o.,0000078664,root.odpis.dane.dzial2.reprezentacja[0].sklad[15].funkcjaWOrganie[0].nrWpisuWykr,no_change,20,20
CGI Information Systems and Management Consultants (Polska) Sp. z o.o.,0000078664,root.odpis.dane.dzial2.reprezentacja[0].sklad[15].imiona[0].imiona.imie,no_change,R*****,R*****
CGI Information Systems and Management Consultants (Polska) Sp. z o.o.,0000078664,root.odpis.dane.dzial2.reprezentacja[0].sklad[15].imiona[0].imiona.imieDrugie,no_change,D****,D****
CGI Information Systems and Management Consultants (Polska) Sp. z o.o.,0000078664,root.odpis.dane.dzial2.reprezentacja[0].sklad[15].imiona[0].nrWpisuWprow,no_change,12,12
CGI Information Systems and Management Consultants (Polska) Sp. z o.o.,0000078664,root.odpis.dane.dzial2.reprezentacja[0].sklad[15].imiona[0].nrWpisuWykr,no_change,20,20
CGI Information Systems and Management Consultants (Polska) Sp. z o.o.,0000078664,root.odpis.dane.dzial2.reprezentacja[0].sklad[15].nazwisko[0].nazwisko.nazwiskoICzlon,no_change,A*******,A*******
CGI Information Systems and Management Consultants (Polska) Sp. z o.o.,0000078664,root.odpis.dane.dzial2.reprezentacja[0].sklad[15].nazwisko[0].nrWpisuWprow,no_change,12,12
CGI Information Systems and Management Consultants (Polska) Sp. z o.o.,0000078664,root.odpis.dane.dzial2.reprezentacja[0].sklad[15].nazwisko[0].nrWpisuWykr,no_change,20,20
CGI Information Systems and Management Consultants (Polska) Sp. z o.o.,0000078664,root.odpis.dane.dzial2.reprezentacja[0].sklad[16].czyZawieszona[0].czyZawieszona,no_change,False,False
CGI Information Systems and Management Consultants (Polska) Sp. z o.o.,0000078664,root.odpis.dane.dzial2.reprezentacja[0].sklad[16].czyZawieszona[0].nrWpisuWprow,no_change,17,17
CGI Information Systems and Management Consultants (Polska) Sp. z o.o.,0000078664,root.odpis.dane.dzial2.reprezentacja[0].sklad[16].czyZawieszona[0].nrWpisuWykr,no_change,21,21
CGI Information Systems and Management Consultants (Polska) Sp. z o.o.,0000078664,root.odpis.dane.dzial2.reprezentacja[0].sklad[16].funkcjaWOrganie[0].funkcjaWOrganie,no_change,CZŁONEK ZARZĄDU,CZŁONEK ZARZĄDU
CGI Information Systems and Management Consultants (Polska) Sp. z o.o.,0000078664,root.odpis.dane.dzial2.reprezentacja[0].sklad[16].funkcjaWOrganie[0].nrWpisuWprow,no_change,17,17
CGI Information Systems and Management Consultants (Polska) Sp. z o.o.,0000078664,root.odpis.dane.dzial2.reprezentacja[0].sklad[16].funkcjaWOrganie[0].nrWpisuWykr,no_change,21,21
CGI Information Systems and Management Consultants (Polska) Sp. z o.o.,0000078664,root.odpis.dane.dzial2.reprezentacja[0].sklad[16].imiona[0].imiona.imie,no_change,T******,T******
CGI Information Systems and Management Consultants (Polska) Sp. z o.o.,0000078664,root.odpis.dane.dzial2.reprezentacja[0].sklad[16].imiona[0].imiona.imieDrugie,no_change,W*****,W*****
CGI Information Systems and Management Consultants (Polska) Sp. z o.o.,0000078664,root.odpis.dane.dzial2.reprezentacja[0].sklad[16].imiona[0].nrWpisuWprow,no_change,17,17
CGI Information Systems and Management Consultants (Polska) Sp. z o.o.,0000078664,root.odpis.dane.dzial2.reprezentacja[0].sklad[16].imiona[0].nrWpisuWykr,no_change,21,21
CGI Information Systems and Management Consultants (Polska) Sp. z o.o.,0000078664,root.odpis.dane.dzial2.reprezentacja[0].sklad[16].nazwisko[0].nazwisko.nazwiskoICzlon,no_change,G******,G******
CGI Information Systems and Management Consultants (Polska) Sp. z o.o.,0000078664,root.odpis.dane.dzial2.reprezentacja[0].sklad[16].nazwisko[0].nrWpisuWprow,no_change,17,17
CGI Information Systems and Management Consultants (Polska) Sp. z o.o.,0000078664,root.odpis.dane.dzial2.reprezentacja[0].sklad[16].nazwisko[0].nrWpisuWykr,no_change,21,21
CGI Information Systems and Management Consultants (Polska) Sp. z o.o.,0000078664,root.odpis.dane.dzial2.reprezentacja[0].sklad[17].czyZawieszona[0].czyZawieszona,no_change,False,False
CGI Information Systems and Management Consultants (Polska) Sp. z o.o.,0000078664,root.odpis.dane.dzial2.reprezentacja[0].sklad[17].czyZawieszona[0].nrWpisuWprow,no_change,20,20
CGI Information Systems and Management Consultants (Polska) Sp. z o.o.,0000078664,root.odpis.dane.dzial2.reprezentacja[0].sklad[17].czyZawieszona[0].nrWpisuWykr,no_change,60,60
CGI Information Systems and Management Consultants (Polska) Sp. z o.o.,0000078664,root.odpis.dane.dzial2.reprezentacja[0].sklad[17].funkcjaWOrganie[0].funkcjaWOrganie,no_change,CZŁONEK ZARZĄDU,CZŁONEK ZARZĄDU
CGI Information Systems and Management Consultants (Polska) Sp. z o.o.,0000078664,root.odpis.dane.dzial2.reprezentacja[0].sklad[17].funkcjaWOrganie[0].nrWpisuWprow,no_change,20,20
CGI Information Systems and Management Consultants (Polska) Sp. z o.o.,0000078664,root.odpis.dane.dzial2.reprezentacja[0].sklad[17].funkcjaWOrganie[0].nrWpisuWykr,no_change,60,60
CGI Information Systems and Management Consultants (Polska) Sp. z o.o.,0000078664,root.odpis.dane.dzial2.reprezentacja[0].sklad[17].identyfikator[0].nrWpisuWprow,no_change,49,49
CGI Information Systems and Management Consultants (Polska) Sp. z o.o.,0000078664,root.odpis.dane.dzial2.reprezentacja[0].sklad[17].identyfikator[0].nrWpisuWykr,no_change,60,60
CGI Information Systems and Management Consultants (Polska) Sp. z o.o.,0000078664,root.odpis.dane.dzial2.reprezentacja[0].sklad[17].identyfikator[0].pesel,no_change,6**********,6**********
CGI Information Systems and Management Consultants (Polska) Sp. z o.o.,0000078664,root.odpis.dane.dzial2.reprezentacja[0].sklad[17].imiona[0].imiona.imie,no_change,F*******,F*******
CGI Information Systems and Management Consultants (Polska) Sp. z o.o.,0000078664,root.odpis.dane.dzial2.reprezentacja[0].sklad[17].imiona[0].nrWpisuWprow,no_change,20,20
CGI Information Systems and Management Consultants (Polska) Sp. z o.o.,0000078664,root.odpis.dane.dzial2.reprezentacja[0].sklad[17].imiona[0].nrWpisuWykr,no_change,60,60
CGI Information Systems and Management Consultants (Polska) Sp. z o.o.,0000078664,root.odpis.dane.dzial2.reprezentacja[0].sklad[17].nazwisko[0].nazwisko.nazwiskoICzlon,no_change,B********,B********
CGI Information Systems and Management Consultants (Polska) Sp. z o.o.,0000078664,root.odpis.dane.dzial2.reprezentacja[0].sklad[17].nazwisko[0].nrWpisuWprow,no_change,20,20
CGI Information Systems and Management Consultants (Polska) Sp. z o.o.,0000078664,root.odpis.dane.dzial2.reprezentacja[0].sklad[17].nazwisko[0].nrWpisuWykr,no_change,60,60
CGI Information Systems and Management Consultants (Polska) Sp. z o.o.,0000078664,root.odpis.dane.dzial2.reprezentacja[0].sklad[18].czyZawieszona[0].czyZawieszona,no_change,False,False
CGI Information Systems and Management Consultants (Polska) Sp. z o.o.,0000078664,root.odpis.dane.dzial2.reprezentacja[0].sklad[18].czyZawieszona[0].nrWpisuWprow,no_change,21,21
CGI Information Systems and Management Consultants (Polska) Sp. z o.o.,0000078664,root.odpis.dane.dzial2.reprezentacja[0].sklad[18].czyZawieszona[0].nrWpisuWykr,no_change,30,30
CGI Information Systems and Management Consultants (Polska) Sp. z o.o.,0000078664,root.odpis.dane.dzial2.reprezentacja[0].sklad[18].funkcjaWOrganie[0].funkcjaWOrganie,no_change,CZŁONEK ZARZĄDU,CZŁONEK ZARZĄDU
CGI Information Systems and Management Consultants (Polska) Sp. z o.o.,0000078664,root.odpis.dane.dzial2.reprezentacja[0].sklad[18].funkcjaWOrganie[0].nrWpisuWprow,no_change,21,21
CGI Information Systems and Management Consultants (Polska) Sp. z o.o.,0000078664,root.odpis.dane.dzial2.reprezentacja[0].sklad[18].funkcjaWOrganie[0].nrWpisuWykr,no_change,30,30
CGI Information Systems and Management Consultants (Polska) Sp. z o.o.,0000078664,root.odpis.dane.dzial2.reprezentacja[0].sklad[18].imiona[0].imiona.imie,no_change,O******,O******
CGI Information Systems and Management Consultants (Polska) Sp. z o.o.,0000078664,root.odpis.dane.dzial2.reprezentacja[0].sklad[18].imiona[0].imiona.imieDrugie,no_change,D********,D********
CGI Information Systems and Management Consultants (Polska) Sp. z o.o.,0000078664,root.odpis.dane.dzial2.reprezentacja[0].sklad[18].imiona[0].nrWpisuWprow,no_change,21,21
CGI Information Systems and Management Consultants (Polska) Sp. z o.o.,0000078664,root.odpis.dane.dzial2.reprezentacja[0].sklad[18].imiona[0].nrWpisuWykr,no_change,30,30
CGI Information Systems and Management Consultants (Polska) Sp. z o.o.,0000078664,root.odpis.dane.dzial2.reprezentacja[0].sklad[18].nazwisko[0].nazwisko.nazwiskoICzlon,no_change,S********,S********
CGI Information Systems and Management Consultants (Polska) Sp. z o.o.,0000078664,root.odpis.dane.dzial2.reprezentacja[0].sklad[18].nazwisko[0].nrWpisuWprow,no_change,21,21
CGI Information Systems and Management Consultants (Polska) Sp. z o.o.,0000078664,root.odpis.dane.dzial2.reprezentacja[0].sklad[18].nazwisko[0].nrWpisuWykr,no_change,30,30
CGI Information Systems and Management Consultants (Polska) Sp. z o.o.,0000078664,root.odpis.dane.dzial2.reprezentacja[0].sklad[19].czyZawieszona[0].czyZawieszona,no_change,False,False
CGI Information Systems and Management Consultants (Polska) Sp. z o.o.,0000078664,root.odpis.dane.dzial2.reprezentacja[0].sklad[19].czyZawieszona[0].nrWpisuWprow,no_change,21,21
CGI Information Systems and Management Consultants (Polska) Sp. z o.o.,0000078664,root.odpis.dane.dzial2.reprezentacja[0].sklad[19].czyZawieszona[0].nrWpisuWykr,no_change,24,24
CGI Information Systems and Management Consultants (Polska) Sp. z o.o.,0000078664,root.odpis.dane.dzial2.reprezentacja[0].sklad[19].funkcjaWOrganie[0].funkcjaWOrganie,no_change,CZŁONEK ZARZĄDU,CZŁONEK ZARZĄDU
CGI Information Systems and Management Consultants (Polska) Sp. z o.o.,0000078664,root.odpis.dane.dzial2.reprezentacja[0].sklad[19].funkcjaWOrganie[0].nrWpisuWprow,no_change,21,21
CGI Information Systems and Management Consultants (Polska) Sp. z o.o.,0000078664,root.odpis.dane.dzial2.reprezentacja[0].sklad[19].funkcjaWOrganie[0].nrWpisuWykr,no_change,24,24
CGI Information Systems and Management Consultants (Polska) Sp. z o.o.,0000078664,root.odpis.dane.dzial2.reprezentacja[0].sklad[19].imiona[0].imiona.imie,no_change,J***,J***
CGI Information Systems and Management Consultants (Polska) Sp. z o.o.,0000078664,root.odpis.dane.dzial2.reprezentacja[0].sklad[19].imiona[0].imiona.imieDrugie,no_change,P****,P****
CGI Information Systems and Management Consultants (Polska) Sp. z o.o.,0000078664,root.odpis.dane.dzial2.reprezentacja[0].sklad[19].imiona[0].nrWpisuWprow,no_change,21,21
CGI Information Systems and Management Consultants (Polska) Sp. z o.o.,0000078664,root.odpis.dane.dzial2.reprezentacja[0].sklad[19].imiona[0].nrWpisuWykr,no_change,24,24
CGI Information Systems and Management Consultants (Polska) Sp. z o.o.,0000078664,root.odpis.dane.dzial2.reprezentacja[0].sklad[19].nazwisko[0].nazwisko.nazwiskoICzlon,no_change,A*****,A*****
CGI Information Systems and Management Consultants (Polska) Sp. z o.o.,0000078664,root.odpis.dane.dzial2.reprezentacja[0].sklad[19].nazwisko[0].nazwisko.nazwiskoIICzlon,no_change,B*******,B*******
CGI Information Systems and Management Consultants (Polska) Sp. z o.o.,0000078664,root.odpis.dane.dzial2.reprezentacja[0].sklad[19].nazwisko[0].nrWpisuWprow,no_change,21,21
CGI Information Systems and Management Consultants (Polska) Sp. z o.o.,0000078664,root.odpis.dane.dzial2.reprezentacja[0].sklad[19].nazwisko[0].nrWpisuWykr,no_change,24,24
CGI Information Systems and Management Consultants (Polska) Sp. z o.o.,0000078664,root.odpis.dane.dzial2.reprezentacja[0].sklad[1].czyZawieszona[0].czyZawieszona,no_change,False,False
CGI Information Systems and Management Consultants (Polska) Sp. z o.o.,0000078664,root.odpis.dane.dzial2.reprezentacja[0].sklad[1].czyZawieszona[0].nrWpisuWprow,no_change,1,1
CGI Information Systems and Management Consultants (Polska) Sp. z o.o.,0000078664,root.odpis.dane.dzial2.reprezentacja[0].sklad[1].czyZawieszona[0].nrWpisuWykr,no_change,6,6
CGI Information Systems and Management Consultants (Polska) Sp. z o.o.,0000078664,root.odpis.dane.dzial2.reprezentacja[0].sklad[1].funkcjaWOrganie[0].funkcjaWOrganie,no_change,CZŁONEK ZARZĄDU,CZŁONEK ZARZĄDU
CGI Information Systems and Management Consultants (Polska) Sp. z o.o.,0000078664,root.odpis.dane.dzial2.reprezentacja[0].sklad[1].funkcjaWOrganie[0].nrWpisuWprow,no_change,1,1
CGI Information Systems and Management Consultants (Polska) Sp. z o.o.,0000078664,root.odpis.dane.dzial2.reprezentacja[0].sklad[1].funkcjaWOrganie[0].nrWpisuWykr,no_change,6,6
CGI Information Systems and Management Consultants (Polska) Sp. z o.o.,0000078664,root.odpis.dane.dzial2.reprezentacja[0].sklad[1].imiona[0].imiona.imie,no_change,J**,J**
CGI Information Systems and Management Consultants (Polska) Sp. z o.o.,0000078664,root.odpis.dane.dzial2.reprezentacja[0].sklad[1].imiona[0].imiona.imieDrugie,no_change,A*****,A*****
CGI Information Systems and Management Consultants (Polska) Sp. z o.o.,0000078664,root.odpis.dane.dzial2.reprezentacja[0].sklad[1].imiona[0].nrWpisuWprow,no_change,1,1
CGI Information Systems and Management Consultants (Polska) Sp. z o.o.,0000078664,root.odpis.dane.dzial2.reprezentacja[0].sklad[1].imiona[0].nrWpisuWykr,no_change,5,5
CGI Information Systems and Management Consultants (Polska) Sp. z o.o.,0000078664,root.odpis.dane.dzial2.reprezentacja[0].sklad[1].imiona[1].imiona.imie,no_change,J****,J****
CGI Information Systems and Management Consultants (Polska) Sp. z o.o.,0000078664,root.odpis.dane.dzial2.reprezentacja[0].sklad[1].imiona[1].imiona.imieDrugie,no_change,A*****,A*****
CGI Information Systems and Management Consultants (Polska) Sp. z o.o.,0000078664,root.odpis.dane.dzial2.reprezentacja[0].sklad[1].imiona[1].nrWpisuWprow,no_change,5,5
CGI Information Systems and Management Consultants (Polska) Sp. z o.o.,0000078664,root.odpis.dane.dzial2.reprezentacja[0].sklad[1].imiona[1].nrWpisuWykr,no_change,6,6
CGI Information Systems and Management Consultants (Polska) Sp. z o.o.,0000078664,root.odpis.dane.dzial2.reprezentacja[0].sklad[1].nazwisko[0].nazwisko.nazwiskoICzlon,no_change,S*********,S*********
CGI Information Systems and Management Consultants (Polska) Sp. z o.o.,0000078664,root.odpis.dane.dzial2.reprezentacja[0].sklad[1].nazwisko[0].nrWpisuWprow,no_change,1,1
CGI Information Systems and Management Consultants (Polska) Sp. z o.o.,0000078664,root.odpis.dane.dzial2.reprezentacja[0].sklad[1].nazwisko[0].nrWpisuWykr,no_change,6,6
CGI Information Systems and Management Consultants (Polska) Sp. z o.o.,0000078664,root.odpis.dane.dzial2.reprezentacja[0].sklad[20].czyZawieszona[0].czyZawieszona,no_change,False,False
CGI Information Systems and Management Consultants (Polska) Sp. z o.o.,0000078664,root.odpis.dane.dzial2.reprezentacja[0].sklad[20].czyZawieszona[0].nrWpisuWprow,no_change,30,30
CGI Information Systems and Management Consultants (Polska) Sp. z o.o.,0000078664,root.odpis.dane.dzial2.reprezentacja[0].sklad[20].funkcjaWOrganie[0].funkcjaWOrganie,no_change,CZŁONEK ZARZĄDU,CZŁONEK ZARZĄDU
CGI Information Systems and Management Consultants (Polska) Sp. z o.o.,0000078664,root.odpis.dane.dzial2.reprezentacja[0].sklad[20].funkcjaWOrganie[0].nrWpisuWprow,no_change,30,30
CGI Information Systems and Management Consultants (Polska) Sp. z o.o.,0000078664,root.odpis.dane.dzial2.reprezentacja[0].sklad[20].identyfikator[0].nrWpisuWprow,no_change,30,30
CGI Information Systems and Management Consultants (Polska) Sp. z o.o.,0000078664,root.odpis.dane.dzial2.reprezentacja[0].sklad[20].identyfikator[0].pesel,no_change,7**********,7**********
CGI Information Systems and Management Consultants (Polska) Sp. z o.o.,0000078664,root.odpis.dane.dzial2.reprezentacja[0].sklad[20].imiona[0].imiona.imie,no_change,B*********,B*********
CGI Information Systems and Management Consultants (Polska) Sp. z o.o.,0000078664,root.odpis.dane.dzial2.reprezentacja[0].sklad[20].imiona[0].nrWpisuWprow,no_change,30,30
CGI Information Systems and Management Consultants (Polska) Sp. z o.o.,0000078664,root.odpis.dane.dzial2.reprezentacja[0].sklad[20].nazwisko[0].nazwisko.nazwiskoICzlon,no_change,N************,N************
CGI Information Systems and Management Consultants (Polska) Sp. z o.o.,0000078664,root.odpis.dane.dzial2.reprezentacja[0].sklad[20].nazwisko[0].nrWpisuWprow,no_change,30,30
CGI Information Systems and Management Consultants (Polska) Sp. z o.o.,0000078664,root.odpis.dane.dzial2.reprezentacja[0].sklad[21].czyZawieszona[0].czyZawieszona,no_change,False,False
CGI Information Systems and Management Consultants (Polska) Sp. z o.o.,0000078664,root.odpis.dane.dzial2.reprezentacja[0].sklad[21].czyZawieszona[0].nrWpisuWprow,no_change,30,30
CGI Information Systems and Management Consultants (Polska) Sp. z o.o.,0000078664,root.odpis.dane.dzial2.reprezentacja[0].sklad[21].czyZawieszona[0].nrWpisuWykr,no_change,31,31
CGI Information Systems and Management Consultants (Polska) Sp. z o.o.,0000078664,root.odpis.dane.dzial2.reprezentacja[0].sklad[21].funkcjaWOrganie[0].funkcjaWOrganie,no_change,CZŁONEK ZARZĄDU,CZŁONEK ZARZĄDU
CGI Information Systems and Management Consultants (Polska) Sp. z o.o.,0000078664,root.odpis.dane.dzial2.reprezentacja[0].sklad[21].funkcjaWOrganie[0].nrWpisuWprow,no_change,30,30
CGI Information Systems and Management Consultants (Polska) Sp. z o.o.,0000078664,root.odpis.dane.dzial2.reprezentacja[0].sklad[21].funkcjaWOrganie[0].nrWpisuWykr,no_change,31,31
CGI Information Systems and Management Consultants (Polska) Sp. z o.o.,0000078664,root.odpis.dane.dzial2.reprezentacja[0].sklad[21].imiona[0].imiona.imie,no_change,A**,A**
CGI Information Systems and Management Consultants (Polska) Sp. z o.o.,0000078664,root.odpis.dane.dzial2.reprezentacja[0].sklad[21].imiona[0].imiona.imieDrugie,no_change,C*******,C*******
CGI Information Systems and Management Consultants (Polska) Sp. z o.o.,0000078664,root.odpis.dane.dzial2.reprezentacja[0].sklad[21].imiona[0].nrWpisuWprow,no_change,30,30
CGI Information Systems and Management Consultants (Polska) Sp. z o.o.,0000078664,root.odpis.dane.dzial2.reprezentacja[0].sklad[21].imiona[0].nrWpisuWykr,no_change,31,31
CGI Information Systems and Management Consultants (Polska) Sp. z o.o.,0000078664,root.odpis.dane.dzial2.reprezentacja[0].sklad[21].nazwisko[0].nazwisko.nazwiskoICzlon,no_change,D********,D********
CGI Information Systems and Management Consultants (Polska) Sp. z o.o.,0000078664,root.odpis.dane.dzial2.reprezentacja[0].sklad[21].nazwisko[0].nazwisko.nazwiskoIICzlon,no_change,B*********,B*********
CGI Information Systems and Management Consultants (Polska) Sp. z o.o.,0000078664,root.odpis.dane.dzial2.reprezentacja[0].sklad[21].nazwisko[0].nrWpisuWprow,no_change,30,30
CGI Information Systems and Management Consultants (Polska) Sp. z o.o.,0000078664,root.odpis.dane.dzial2.reprezentacja[0].sklad[21].nazwisko[0].nrWpisuWykr,no_change,31,31
CGI Information Systems and Management Consultants (Polska) Sp. z o.o.,0000078664,root.odpis.dane.dzial2.reprezentacja[0].sklad[22].czyZawieszona[0].czyZawieszona,no_change,False,False
CGI Information Systems and Management Consultants (Polska) Sp. z o.o.,0000078664,root.odpis.dane.dzial2.reprezentacja[0].sklad[22].czyZawieszona[0].nrWpisuWprow,no_change,31,31
CGI Information Systems and Management Consultants (Polska) Sp. z o.o.,0000078664,root.odpis.dane.dzial2.reprezentacja[0].sklad[22].funkcjaWOrganie[0].funkcjaWOrganie,no_change,CZŁONEK ZARZĄDU,CZŁONEK ZARZĄDU
CGI Information Systems and Management Consultants (Polska) Sp. z o.o.,0000078664,root.odpis.dane.dzial2.reprezentacja[0].sklad[22].funkcjaWOrganie[0].nrWpisuWprow,no_change,31,31
CGI Information Systems and Management Consultants (Polska) Sp. z o.o.,0000078664,root.odpis.dane.dzial2.reprezentacja[0].sklad[22].imiona[0].imiona.imie,no_change,A**,A**
CGI Information Systems and Management Consultants (Polska) Sp. z o.o.,0000078664,root.odpis.dane.dzial2.reprezentacja[0].sklad[22].imiona[0].imiona.imieDrugie,no_change,K********,K********
CGI Information Systems and Management Consultants (Polska) Sp. z o.o.,0000078664,root.odpis.dane.dzial2.reprezentacja[0].sklad[22].imiona[0].nrWpisuWprow,no_change,31,31
CGI Information Systems and Management Consultants (Polska) Sp. z o.o.,0000078664,root.odpis.dane.dzial2.reprezentacja[0].sklad[22].nazwisko[0].nazwisko.nazwiskoICzlon,no_change,J******,J******
CGI Information Systems and Management Consultants (Polska) Sp. z o.o.,0000078664,root.odpis.dane.dzial2.reprezentacja[0].sklad[22].nazwisko[0].nrWpisuWprow,no_change,31,31
CGI Information Systems and Management Consultants (Polska) Sp. z o.o.,0000078664,root.odpis.dane.dzial2.reprezentacja[0].sklad[23].czyZawieszona[0].czyZawieszona,no_change,False,False
CGI Information Systems and Management Consultants (Polska) Sp. z o.o.,0000078664,root.odpis.dane.dzial2.reprezentacja[0].sklad[23].czyZawieszona[0].nrWpisuWprow,no_change,60,60
CGI Information Systems and Management Consultants (Polska) Sp. z o.o.,0000078664,root.odpis.dane.dzial2.reprezentacja[0].sklad[23].funkcjaWOrganie[0].funkcjaWOrganie,no_change,CZŁONEK ZARZĄDU,CZŁONEK ZARZĄDU
CGI Information Systems and Management Consultants (Polska) Sp. z o.o.,0000078664,root.odpis.dane.dzial2.reprezentacja[0].sklad[23].funkcjaWOrganie[0].nrWpisuWprow,no_change,60,60
CGI Information Systems and Management Consultants (Polska) Sp. z o.o.,0000078664,root.odpis.dane.dzial2.reprezentacja[0].sklad[23].identyfikator[0].dataUrodzenia,no_change,07.09.1970,07.09.1970
CGI Information Systems and Management Consultants (Polska) Sp. z o.o.,0000078664,root.odpis.dane.dzial2.reprezentacja[0].sklad[23].identyfikator[0].nrWpisuWprow,no_change,60,60
CGI Information Systems and Management Consultants (Polska) Sp. z o.o.,0000078664,root.odpis.dane.dzial2.reprezentacja[0].sklad[23].imiona[0].imiona.imie,no_change,S****,S****
CGI Information Systems and Management Consultants (Polska) Sp. z o.o.,0000078664,root.odpis.dane.dzial2.reprezentacja[0].sklad[23].imiona[0].nrWpisuWprow,no_change,60,60
CGI Information Systems and Management Consultants (Polska) Sp. z o.o.,0000078664,root.odpis.dane.dzial2.reprezentacja[0].sklad[23].nazwisko[0].nazwisko.nazwiskoICzlon,no_change,P*****,P*****
CGI Information Systems and Management Consultants (Polska) Sp. z o.o.,0000078664,root.odpis.dane.dzial2.reprezentacja[0].sklad[23].nazwisko[0].nrWpisuWprow,no_change,60,60
CGI Information Systems and Management Consultants (Polska) Sp. z o.o.,0000078664,root.odpis.dane.dzial2.reprezentacja[0].sklad[2].czyZawieszona[0].czyZawieszona,no_change,False,False
CGI Information Systems and Management Consultants (Polska) Sp. z o.o.,0000078664,root.odpis.dane.dzial2.reprezentacja[0].sklad[2].czyZawieszona[0].nrWpisuWprow,no_change,1,1
CGI Information Systems and Management Consultants (Polska) Sp. z o.o.,0000078664,root.odpis.dane.dzial2.reprezentacja[0].sklad[2].czyZawieszona[0].nrWpisuWykr,no_change,5,5
CGI Information Systems and Management Consultants (Polska) Sp. z o.o.,0000078664,root.odpis.dane.dzial2.reprezentacja[0].sklad[2].funkcjaWOrganie[0].funkcjaWOrganie,no_change,CZŁONEK ZARZĄDU,CZŁONEK ZARZĄDU
CGI Information Systems and Management Consultants (Polska) Sp. z o.o.,0000078664,root.odpis.dane.dzial2.reprezentacja[0].sklad[2].funkcjaWOrganie[0].nrWpisuWprow,no_change,1,1
CGI Information Systems and Management Consultants (Polska) Sp. z o.o.,0000078664,root.odpis.dane.dzial2.reprezentacja[0].sklad[2].funkcjaWOrganie[0].nrWpisuWykr,no_change,5,5
CGI Information Systems and Management Consultants (Polska) Sp. z o.o.,0000078664,root.odpis.dane.dzial2.reprezentacja[0].sklad[2].imiona[0].imiona.imie,no_change,F****,F****
CGI Information Systems and Management Consultants (Polska) Sp. z o.o.,0000078664,root.odpis.dane.dzial2.reprezentacja[0].sklad[2].imiona[0].imiona.imieDrugie,no_change,A*,A*
CGI Information Systems and Management Consultants (Polska) Sp. z o.o.,0000078664,root.odpis.dane.dzial2.reprezentacja[0].sklad[2].imiona[0].nrWpisuWprow,no_change,1,1
CGI Information Systems and Management Consultants (Polska) Sp. z o.o.,0000078664,root.odpis.dane.dzial2.reprezentacja[0].sklad[2].imiona[0].nrWpisuWykr,no_change,5,5
CGI Information Systems and Management Consultants (Polska) Sp. z o.o.,0000078664,root.odpis.dane.dzial2.reprezentacja[0].sklad[2].nazwisko[0].nazwisko.nazwiskoICzlon,no_change,N******,N******
CGI Information Systems and Management Consultants (Polska) Sp. z o.o.,0000078664,root.odpis.dane.dzial2.reprezentacja[0].sklad[2].nazwisko[0].nrWpisuWprow,no_change,1,1
CGI Information Systems and Management Consultants (Polska) Sp. z o.o.,0000078664,root.odpis.dane.dzial2.reprezentacja[0].sklad[2].nazwisko[0].nrWpisuWykr,no_change,5,5
CGI Information Systems and Management Consultants (Polska) Sp. z o.o.,0000078664,root.odpis.dane.dzial2.reprezentacja[0].sklad[3].czyZawieszona[0].czyZawieszona,no_change,False,False
CGI Information Systems and Management Consultants (Polska) Sp. z o.o.,0000078664,root.odpis.dane.dzial2.reprezentacja[0].sklad[3].czyZawieszona[0].nrWpisuWprow,no_change,5,5
CGI Information Systems and Management Consultants (Polska) Sp. z o.o.,0000078664,root.odpis.dane.dzial2.reprezentacja[0].sklad[3].czyZawieszona[0].nrWpisuWykr,no_change,6,6
CGI Information Systems and Management Consultants (Polska) Sp. z o.o.,0000078664,root.odpis.dane.dzial2.reprezentacja[0].sklad[3].funkcjaWOrganie[0].funkcjaWOrganie,no_change,CZŁONEK ZARZĄDU,CZŁONEK ZARZĄDU
CGI Information Systems and Management Consultants (Polska) Sp. z o.o.,0000078664,root.odpis.dane.dzial2.reprezentacja[0].sklad[3].funkcjaWOrganie[0].nrWpisuWprow,no_change,5,5
CGI Information Systems and Management Consultants (Polska) Sp. z o.o.,0000078664,root.odpis.dane.dzial2.reprezentacja[0].sklad[3].funkcjaWOrganie[0].nrWpisuWykr,no_change,6,6
CGI Information Systems and Management Consultants (Polska) Sp. z o.o.,0000078664,root.odpis.dane.dzial2.reprezentacja[0].sklad[3].imiona[0].imiona.imie,no_change,J***,J***
CGI Information Systems and Management Consultants (Polska) Sp. z o.o.,0000078664,root.odpis.dane.dzial2.reprezentacja[0].sklad[3].imiona[0].imiona.imieDrugie,no_change,S*******,S*******
CGI Information Systems and Management Consultants (Polska) Sp. z o.o.,0000078664,root.odpis.dane.dzial2.reprezentacja[0].sklad[3].imiona[0].nrWpisuWprow,no_change,5,5
CGI Information Systems and Management Consultants (Polska) Sp. z o.o.,0000078664,root.odpis.dane.dzial2.reprezentacja[0].sklad[3].imiona[0].nrWpisuWykr,no_change,6,6
CGI Information Systems and Management Consultants (Polska) Sp. z o.o.,0000078664,root.odpis.dane.dzial2.reprezentacja[0].sklad[3].nazwisko[0].nazwisko.nazwiskoICzlon,no_change,B*******,B*******
CGI Information Systems and Management Consultants (Polska) Sp. z o.o.,0000078664,root.odpis.dane.dzial2.reprezentacja[0].sklad[3].nazwisko[0].nrWpisuWprow,no_change,5,5
CGI Information Systems and Management Consultants (Polska) Sp. z o.o.,0000078664,root.odpis.dane.dzial2.reprezentacja[0].sklad[3].nazwisko[0].nrWpisuWykr,no_change,6,6
CGI Information Systems and Management Consultants (Polska) Sp. z o.o.,0000078664,root.odpis.dane.dzial2.reprezentacja[0].sklad[4].czyZawieszona[0].czyZawieszona,no_change,False,False
CGI Information Systems and Management Consultants (Polska) Sp. z o.o.,0000078664,root.odpis.dane.dzial2.reprezentacja[0].sklad[4].czyZawieszona[0].nrWpisuWprow,no_change,5,5
CGI Information Systems and Management Consultants (Polska) Sp. z o.o.,0000078664,root.odpis.dane.dzial2.reprezentacja[0].sklad[4].czyZawieszona[0].nrWpisuWykr,no_change,6,6
CGI Information Systems and Management Consultants (Polska) Sp. z o.o.,0000078664,root.odpis.dane.dzial2.reprezentacja[0].sklad[4].funkcjaWOrganie[0].funkcjaWOrganie,no_change,CZŁONEK ZARZĄDU,CZŁONEK ZARZĄDU
CGI Information Systems and Management Consultants (Polska) Sp. z o.o.,0000078664,root.odpis.dane.dzial2.reprezentacja[0].sklad[4].funkcjaWOrganie[0].nrWpisuWprow,no_change,5,5
CGI Information Systems and Management Consultants (Polska) Sp. z o.o.,0000078664,root.odpis.dane.dzial2.reprezentacja[0].sklad[4].funkcjaWOrganie[0].nrWpisuWykr,no_change,6,6
CGI Information Systems and Management Consultants (Polska) Sp. z o.o.,0000078664,root.odpis.dane.dzial2.reprezentacja[0].sklad[4].imiona[0].imiona.imie,no_change,D****,D****
CGI Information Systems and Management Consultants (Polska) Sp. z o.o.,0000078664,root.odpis.dane.dzial2.reprezentacja[0].sklad[4].imiona[0].nrWpisuWprow,no_change,5,5
CGI Information Systems and Management Consultants (Polska) Sp. z o.o.,0000078664,root.odpis.dane.dzial2.reprezentacja[0].sklad[4].imiona[0].nrWpisuWykr,no_change,6,6
CGI Information Systems and Management Consultants (Polska) Sp. z o.o.,0000078664,root.odpis.dane.dzial2.reprezentacja[0].sklad[4].nazwisko[0].nazwisko.nazwiskoICzlon,no_change,Y****,Y****
CGI Information Systems and Management Consultants (Polska) Sp. z o.o.,0000078664,root.odpis.dane.dzial2.reprezentacja[0].sklad[4].nazwisko[0].nrWpisuWprow,no_change,5,5
CGI Information Systems and Management Consultants (Polska) Sp. z o.o.,0000078664,root.odpis.dane.dzial2.reprezentacja[0].sklad[4].nazwisko[0].nrWpisuWykr,no_change,6,6
CGI Information Systems and Management Consultants (Polska) Sp. z o.o.,0000078664,root.odpis.dane.dzial2.reprezentacja[0].sklad[5].czyZawieszona[0].czyZawieszona,no_change,False,False
CGI Information Systems and Management Consultants (Polska) Sp. z o.o.,0000078664,root.odpis.dane.dzial2.reprezentacja[0].sklad[5].czyZawieszona[0].nrWpisuWprow,no_change,5,5
CGI Information Systems and Management Consultants (Polska) Sp. z o.o.,0000078664,root.odpis.dane.dzial2.reprezentacja[0].sklad[5].czyZawieszona[0].nrWpisuWykr,no_change,7,7
CGI Information Systems and Management Consultants (Polska) Sp. z o.o.,0000078664,root.odpis.dane.dzial2.reprezentacja[0].sklad[5].funkcjaWOrganie[0].funkcjaWOrganie,no_change,CZŁONEK ZARZĄDU,CZŁONEK ZARZĄDU
CGI Information Systems and Management Consultants (Polska) Sp. z o.o.,0000078664,root.odpis.dane.dzial2.reprezentacja[0].sklad[5].funkcjaWOrganie[0].nrWpisuWprow,no_change,5,5
CGI Information Systems and Management Consultants (Polska) Sp. z o.o.,0000078664,root.odpis.dane.dzial2.reprezentacja[0].sklad[5].funkcjaWOrganie[0].nrWpisuWykr,no_change,7,7
CGI Information Systems and Management Consultants (Polska) Sp. z o.o.,0000078664,root.odpis.dane.dzial2.reprezentacja[0].sklad[5].imiona[0].imiona.imie,no_change,J****,J****
CGI Information Systems and Management Consultants (Polska) Sp. z o.o.,0000078664,root.odpis.dane.dzial2.reprezentacja[0].sklad[5].imiona[0].imiona.imieDrugie,no_change,C******,C******
CGI Information Systems and Management Consultants (Polska) Sp. z o.o.,0000078664,root.odpis.dane.dzial2.reprezentacja[0].sklad[5].imiona[0].nrWpisuWprow,no_change,5,5
CGI Information Systems and Management Consultants (Polska) Sp. z o.o.,0000078664,root.odpis.dane.dzial2.reprezentacja[0].sklad[5].imiona[0].nrWpisuWykr,no_change,7,7
CGI Information Systems and Management Consultants (Polska) Sp. z o.o.,0000078664,root.odpis.dane.dzial2.reprezentacja[0].sklad[5].nazwisko[0].nazwisko.nazwiskoICzlon,no_change,R*****,R*****
CGI Information Systems and Management Consultants (Polska) Sp. z o.o.,0000078664,root.odpis.dane.dzial2.reprezentacja[0].sklad[5].nazwisko[0].nrWpisuWprow,no_change,5,5
CGI Information Systems and Management Consultants (Polska) Sp. z o.o.,0000078664,root.odpis.dane.dzial2.reprezentacja[0].sklad[5].nazwisko[0].nrWpisuWykr,no_change,7,7
CGI Information Systems and Management Consultants (Polska) Sp. z o.o.,0000078664,root.odpis.dane.dzial2.reprezentacja[0].sklad[6].czyZawieszona[0].czyZawieszona,no_change,False,False
CGI Information Systems and Management Consultants (Polska) Sp. z o.o.,0000078664,root.odpis.dane.dzial2.reprezentacja[0].sklad[6].czyZawieszona[0].nrWpisuWprow,no_change,6,6
CGI Information Systems and Management Consultants (Polska) Sp. z o.o.,0000078664,root.odpis.dane.dzial2.reprezentacja[0].sklad[6].czyZawieszona[0].nrWpisuWykr,no_change,7,7
CGI Information Systems and Management Consultants (Polska) Sp. z o.o.,0000078664,root.odpis.dane.dzial2.reprezentacja[0].sklad[6].funkcjaWOrganie[0].funkcjaWOrganie,no_change,CZŁONEK ZARZĄDU,CZŁONEK ZARZĄDU
CGI Information Systems and Management Consultants (Polska) Sp. z o.o.,0000078664,root.odpis.dane.dzial2.reprezentacja[0].sklad[6].funkcjaWOrganie[0].nrWpisuWprow,no_change,6,6
CGI Information Systems and Management Consultants (Polska) Sp. z o.o.,0000078664,root.odpis.dane.dzial2.reprezentacja[0].sklad[6].funkcjaWOrganie[0].nrWpisuWykr,no_change,7,7
CGI Information Systems and Management Consultants (Polska) Sp. z o.o.,0000078664,root.odpis.dane.dzial2.reprezentacja[0].sklad[6].imiona[0].imiona.imie,no_change,G****,G****
CGI Information Systems and Management Consultants (Polska) Sp. z o.o.,0000078664,root.odpis.dane.dzial2.reprezentacja[0].sklad[6].imiona[0].nrWpisuWprow,no_change,6,6
CGI Information Systems and Management Consultants (Polska) Sp. z o.o.,0000078664,root.odpis.dane.dzial2.reprezentacja[0].sklad[6].imiona[0].nrWpisuWykr,no_change,7,7
CGI Information Systems and Management Consultants (Polska) Sp. z o.o.,0000078664,root.odpis.dane.dzial2.reprezentacja[0].sklad[6].nazwisko[0].nazwisko.nazwiskoICzlon,no_change,G********,G********
CGI Information Systems and Management Consultants (Polska) Sp. z o.o.,0000078664,root.odpis.dane.dzial2.reprezentacja[0].sklad[6].nazwisko[0].nrWpisuWprow,no_change,6,6
CGI Information Systems and Management Consultants (Polska) Sp. z o.o.,0000078664,root.odpis.dane.dzial2.reprezentacja[0].sklad[6].nazwisko[0].nrWpisuWykr,no_change,7,7
CGI Information Systems and Management Consultants (Polska) Sp. z o.o.,0000078664,root.odpis.dane.dzial2.reprezentacja[0].sklad[7].czyZawieszona[0].czyZawieszona,no_change,False,False
CGI Information Systems and Management Consultants (Polska) Sp. z o.o.,0000078664,root.odpis.dane.dzial2.reprezentacja[0].sklad[7].czyZawieszona[0].nrWpisuWprow,no_change,6,6
CGI Information Systems and Management Consultants (Polska) Sp. z o.o.,0000078664,root.odpis.dane.dzial2.reprezentacja[0].sklad[7].czyZawieszona[0].nrWpisuWykr,no_change,7,7
CGI Information Systems and Management Consultants (Polska) Sp. z o.o.,0000078664,root.odpis.dane.dzial2.reprezentacja[0].sklad[7].funkcjaWOrganie[0].funkcjaWOrganie,no_change,CZŁONEK ZARZĄDU,CZŁONEK ZARZĄDU
CGI Information Systems and Management Consultants (Polska) Sp. z o.o.,0000078664,root.odpis.dane.dzial2.reprezentacja[0].sklad[7].funkcjaWOrganie[0].nrWpisuWprow,no_change,6,6
CGI Information Systems and Management Consultants (Polska) Sp. z o.o.,0000078664,root.odpis.dane.dzial2.reprezentacja[0].sklad[7].funkcjaWOrganie[0].nrWpisuWykr,no_change,7,7
CGI Information Systems and Management Consultants (Polska) Sp. z o.o.,0000078664,root.odpis.dane.dzial2.reprezentacja[0].sklad[7].imiona[0].imiona.imie,no_change,N*****,N*****
CGI Information Systems and Management Consultants (Polska) Sp. z o.o.,0000078664,root.odpis.dane.dzial2.reprezentacja[0].sklad[7].imiona[0].imiona.imieDrugie,no_change,S*****,S*****
CGI Information Systems and Management Consultants (Polska) Sp. z o.o.,0000078664,root.odpis.dane.dzial2.reprezentacja[0].sklad[7].imiona[0].nrWpisuWprow,no_change,6,6
CGI Information Systems and Management Consultants (Polska) Sp. z o.o.,0000078664,root.odpis.dane.dzial2.reprezentacja[0].sklad[7].imiona[0].nrWpisuWykr,no_change,7,7
CGI Information Systems and Management Consultants (Polska) Sp. z o.o.,0000078664,root.odpis.dane.dzial2.reprezentacja[0].sklad[7].nazwisko[0].nazwisko.nazwiskoICzlon,no_change,T*****,T*****
CGI Information Systems and Management Consultants (Polska) Sp. z o.o.,0000078664,root.odpis.dane.dzial2.reprezentacja[0].sklad[7].nazwisko[0].nrWpisuWprow,no_change,6,6
CGI Information Systems and Management Consultants (Polska) Sp. z o.o.,0000078664,root.odpis.dane.dzial2.reprezentacja[0].sklad[7].nazwisko[0].nrWpisuWykr,no_change,7,7
CGI Information Systems and Management Consultants (Polska) Sp. z o.o.,0000078664,root.odpis.dane.dzial2.reprezentacja[0].sklad[8].czyZawieszona[0].czyZawieszona,no_change,False,False
CGI Information Systems and Management Consultants (Polska) Sp. z o.o.,0000078664,root.odpis.dane.dzial2.reprezentacja[0].sklad[8].czyZawieszona[0].nrWpisuWprow,no_change,7,7
CGI Information Systems and Management Consultants (Polska) Sp. z o.o.,0000078664,root.odpis.dane.dzial2.reprezentacja[0].sklad[8].czyZawieszona[0].nrWpisuWykr,no_change,12,12
CGI Information Systems and Management Consultants (Polska) Sp. z o.o.,0000078664,root.odpis.dane.dzial2.reprezentacja[0].sklad[8].funkcjaWOrganie[0].funkcjaWOrganie,no_change,CZŁONEK ZARZĄDU,CZŁONEK ZARZĄDU
CGI Information Systems and Management Consultants (Polska) Sp. z o.o.,0000078664,root.odpis.dane.dzial2.reprezentacja[0].sklad[8].funkcjaWOrganie[0].nrWpisuWprow,no_change,7,7
CGI Information Systems and Management Consultants (Polska) Sp. z o.o.,0000078664,root.odpis.dane.dzial2.reprezentacja[0].sklad[8].funkcjaWOrganie[0].nrWpisuWykr,no_change,12,12
CGI Information Systems and Management Consultants (Polska) Sp. z o.o.,0000078664,root.odpis.dane.dzial2.reprezentacja[0].sklad[8].imiona[0].imiona.imie,no_change,S****,S****
CGI Information Systems and Management Consultants (Polska) Sp. z o.o.,0000078664,root.odpis.dane.dzial2.reprezentacja[0].sklad[8].imiona[0].nrWpisuWprow,no_change,7,7
CGI Information Systems and Management Consultants (Polska) Sp. z o.o.,0000078664,root.odpis.dane.dzial2.reprezentacja[0].sklad[8].imiona[0].nrWpisuWykr,no_change,12,12
CGI Information Systems and Management Consultants (Polska) Sp. z o.o.,0000078664,root.odpis.dane.dzial2.reprezentacja[0].sklad[8].nazwisko[0].nazwisko.nazwiskoICzlon,no_change,G****,G****
CGI Information Systems and Management Consultants (Polska) Sp. z o.o.,0000078664,root.odpis.dane.dzial2.reprezentacja[0].sklad[8].nazwisko[0].nrWpisuWprow,no_change,7,7
CGI Information Systems and Management Consultants (Polska) Sp. z o.o.,0000078664,root.odpis.dane.dzial2.reprezentacja[0].sklad[8].nazwisko[0].nrWpisuWykr,no_change,12,12
CGI Information Systems and Management Consultants (Polska) Sp. z o.o.,0000078664,root.odpis.dane.dzial2.reprezentacja[0].sklad[9].czyZawieszona[0].czyZawieszona,no_change,False,False
CGI Information Systems and Management Consultants (Polska) Sp. z o.o.,0000078664,root.odpis.dane.dzial2.reprezentacja[0].sklad[9].czyZawieszona[0].nrWpisuWprow,no_change,7,7
CGI Information Systems and Management Consultants (Polska) Sp. z o.o.,0000078664,root.odpis.dane.dzial2.reprezentacja[0].sklad[9].czyZawieszona[0].nrWpisuWykr,no_change,12,12
CGI Information Systems and Management Consultants (Polska) Sp. z o.o.,0000078664,root.odpis.dane.dzial2.reprezentacja[0].sklad[9].funkcjaWOrganie[0].funkcjaWOrganie,no_change,CZŁONEK ZARZĄDU,CZŁONEK ZARZĄDU
CGI Information Systems and Management Consultants (Polska) Sp. z o.o.,0000078664,root.odpis.dane.dzial2.reprezentacja[0].sklad[9].funkcjaWOrganie[0].nrWpisuWprow,no_change,7,7
CGI Information Systems and Management Consultants (Polska) Sp. z o.o.,0000078664,root.odpis.dane.dzial2.reprezentacja[0].sklad[9].funkcjaWOrganie[0].nrWpisuWykr,no_change,12,12
CGI Information Systems and Management Consultants (Polska) Sp. z o.o.,0000078664,root.odpis.dane.dzial2.reprezentacja[0].sklad[9].imiona[0].imiona.imie,no_change,A****,A****
CGI Information Systems and Management Consultants (Polska) Sp. z o.o.,0000078664,root.odpis.dane.dzial2.reprezentacja[0].sklad[9].imiona[0].nrWpisuWprow,no_change,7,7
CGI Information Systems and Management Consultants (Polska) Sp. z o.o.,0000078664,root.odpis.dane.dzial2.reprezentacja[0].sklad[9].imiona[0].nrWpisuWykr,no_change,12,12
CGI Information Systems and Management Consultants (Polska) Sp. z o.o.,0000078664,root.odpis.dane.dzial2.reprezentacja[0].sklad[9].nazwisko[0].nazwisko.nazwiskoICzlon,no_change,I*****,I*****
CGI Information Systems and Management Consultants (Polska) Sp. z o.o.,0000078664,root.odpis.dane.dzial2.reprezentacja[0].sklad[9].nazwisko[0].nrWpisuWprow,no_change,7,7
CGI Information Systems and Management Consultants (Polska) Sp. z o.o.,0000078664,root.odpis.dane.dzial2.reprezentacja[0].sklad[9].nazwisko[0].nrWpisuWykr,no_change,12,12
CGI Information Systems and Management Consultants (Polska) Sp. z o.o.,0000078664,root.odpis.dane.dzial2.reprezentacja[0].sposobReprezentacji[0].nrWpisuWprow,no_change,1,1
CGI Information Systems and Management Consultants (Polska) Sp. z o.o.,0000078664,root.odpis.dane.dzial2.reprezentacja[0].sposobReprezentacji[0].nrWpisuWykr,no_change,5,5
CGI Information Systems and Management Consultants (Polska) Sp. z o.o.,0000078664,root.odpis.dane.dzial2.reprezentacja[0].sposobReprezentacji[0].sposobReprezentacji,no_change,"W PRZYPADKU GDY ZARZĄD JEST WIELOOSOBOWY, DO SKŁADANIA OŚWIADCZEŃ I PODPISYWANIA W IMIENIU SPÓŁKI UPOWAŻNIENI SĄ DWAJ CZŁONKOWIE ZARZĄDU ŁĄCZNIE","W PRZYPADKU GDY ZARZĄD JEST WIELOOSOBOWY, DO SKŁADANIA OŚWIADCZEŃ I PODPISYWANIA W IMIENIU SPÓŁKI UPOWAŻNIENI SĄ DWAJ CZŁONKOWIE ZARZĄDU ŁĄCZNIE"
CGI Information Systems and Management Consultants (Polska) Sp. z o.o.,0000078664,root.odpis.dane.dzial2.reprezentacja[0].sposobReprezentacji[1].nrWpisuWprow,no_change,5,5
CGI Information Systems and Management Consultants (Polska) Sp. z o.o.,0000078664,root.odpis.dane.dzial2.reprezentacja[0].sposobReprezentacji[1].sposobReprezentacji,no_change,KAŻDY CZŁONEK ZARZĄDU JEDNOOSOBOWO,KAŻDY CZŁONEK ZARZĄDU JEDNOOSOBOWO
CGI Information Systems and Management Consultants (Polska) Sp. z o.o.,0000078664,root.odpis.dane.dzial3.informacjaODniuKonczacymRokObrotowy.dzienKonczacyPierwszyRokObrotowy[0].dzienKonczacyPierwszyRokObrotowy,no_change,31.12.2000,31.12.2000
CGI Information Systems and Management Consultants (Polska) Sp. z o.o.,0000078664,root.odpis.dane.dzial3.informacjaODniuKonczacymRokObrotowy.dzienKonczacyPierwszyRokObrotowy[0].nrWpisuWprow,no_change,29,29
CGI Information Systems and Management Consultants (Polska) Sp. z o.o.,0000078664,root.odpis.dane.dzial3.przedmiotDzialalnosci.przedmiotPozostalejDzialalnosci[0].pozycja[0].kodDzial,no_change,72,72
CGI Information Systems and Management Consultants (Polska) Sp. z o.o.,0000078664,root.odpis.dane.dzial3.przedmiotDzialalnosci.przedmiotPozostalejDzialalnosci[0].pozycja[0].kodKlasa,no_change,20,20
CGI Information Systems and Management Consultants (Polska) Sp. z o.o.,0000078664,root.odpis.dane.dzial3.przedmiotDzialalnosci.przedmiotPozostalejDzialalnosci[0].pozycja[0].kodPodklasa,no_change,Z,Z
CGI Information Systems and Management Consultants (Polska) Sp. z o.o.,0000078664,root.odpis.dane.dzial3.przedmiotDzialalnosci.przedmiotPozostalejDzialalnosci[0].pozycja[0].nrWpisuWprow,no_change,1,1
CGI Information Systems and Management Consultants (Polska) Sp. z o.o.,0000078664,root.odpis.dane.dzial3.przedmiotDzialalnosci.przedmiotPozostalejDzialalnosci[0].pozycja[0].nrWpisuWykr,no_change,21,21
CGI Information Systems and Management Consultants (Polska) Sp. z o.o.,0000078664,root.odpis.dane.dzial3.przedmiotDzialalnosci.przedmiotPozostalejDzialalnosci[0].pozycja[0].opis,no_change,"TWORZENIE, DOKONYWANIE OPRACOWAŃ I LICENCJONOWANIE OPROGRAMOWANIA KOMPUTEROWEGO","TWORZENIE, DOKONYWANIE OPRACOWAŃ I LICENCJONOWANIE OPROGRAMOWANIA KOMPUTEROWEGO"
CGI Information Systems and Management Consultants (Polska) Sp. z o.o.,0000078664,root.odpis.dane.dzial3.przedmiotDzialalnosci.przedmiotPozostalejDzialalnosci[10].pozycja[0].kodDzial,no_change,78,78
CGI Information Systems and Management Consultants (Polska) Sp. z o.o.,0000078664,root.odpis.dane.dzial3.przedmiotDzialalnosci.przedmiotPozostalejDzialalnosci[10].pozycja[0].kodKlasa,no_change,10,10
CGI Information Systems and Management Consultants (Polska) Sp. z o.o.,0000078664,root.odpis.dane.dzial3.przedmiotDzialalnosci.przedmiotPozostalejDzialalnosci[10].pozycja[0].kodPodklasa,no_change,Z,Z
CGI Information Systems and Management Consultants (Polska) Sp. z o.o.,0000078664,root.odpis.dane.dzial3.przedmiotDzialalnosci.przedmiotPozostalejDzialalnosci[10].pozycja[0].nrWpisuWprow,no_change,70,70
CGI Information Systems and Management Consultants (Polska) Sp. z o.o.,0000078664,root.odpis.dane.dzial3.przedmiotDzialalnosci.przedmiotPozostalejDzialalnosci[10].pozycja[0].opis,no_change,DZIAŁALNOŚĆ ZWIĄZANA Z WYSZUKIWANIEM MIEJSC PRACY I POZYSKIWANIEM PRACOWNIKÓW,DZIAŁALNOŚĆ ZWIĄZANA Z WYSZUKIWANIEM MIEJSC PRACY I POZYSKIWANIEM PRACOWNIKÓW
CGI Information Systems and Management Consultants (Polska) Sp. z o.o.,0000078664,root.odpis.dane.dzial3.przedmiotDzialalnosci.przedmiotPozostalejDzialalnosci[11].pozycja[0].kodDzial,no_change,78,78
CGI Information Systems and Management Consultants (Polska) Sp. z o.o.,0000078664,root.odpis.dane.dzial3.przedmiotDzialalnosci.przedmiotPozostalejDzialalnosci[11].pozycja[0].kodKlasa,no_change,20,20
CGI Information Systems and Management Consultants (Polska) Sp. z o.o.,0000078664,root.odpis.dane.dzial3.przedmiotDzialalnosci.przedmiotPozostalejDzialalnosci[11].pozycja[0].kodPodklasa,no_change,Z,Z
CGI Information Systems and Management Consultants (Polska) Sp. z o.o.,0000078664,root.odpis.dane.dzial3.przedmiotDzialalnosci.przedmiotPozostalejDzialalnosci[11].pozycja[0].nrWpisuWprow,no_change,70,70
CGI Information Systems and Management Consultants (Polska) Sp. z o.o.,0000078664,root.odpis.dane.dzial3.przedmiotDzialalnosci.przedmiotPozostalejDzialalnosci[11].pozycja[0].opis,no_change,DZIAŁALNOŚĆ AGENCJI PRACY TYMCZASOWEJ I POZOSTAŁA DZIAŁALNOŚĆ ZWIĄZANA Z UDOSTĘPNIANIEM PRACOWNIKÓW,DZIAŁALNOŚĆ AGENCJI PRACY TYMCZASOWEJ I POZOSTAŁA DZIAŁALNOŚĆ ZWIĄZANA Z UDOSTĘPNIANIEM PRACOWNIKÓW
CGI Information Systems and Management Consultants (Polska) Sp. z o.o.,0000078664,root.odpis.dane.dzial3.przedmiotDzialalnosci.przedmiotPozostalejDzialalnosci[1].pozycja[0].kodDzial,no_change,72,72
CGI Information Systems and Management Consultants (Polska) Sp. z o.o.,0000078664,root.odpis.dane.dzial3.przedmiotDzialalnosci.przedmiotPozostalejDzialalnosci[1].pozycja[0].kodKlasa,no_change,10,10
CGI Information Systems and Management Consultants (Polska) Sp. z o.o.,0000078664,root.odpis.dane.dzial3.przedmiotDzialalnosci.przedmiotPozostalejDzialalnosci[1].pozycja[0].kodPodklasa,no_change,Z,Z
CGI Information Systems and Management Consultants (Polska) Sp. z o.o.,0000078664,root.odpis.dane.dzial3.przedmiotDzialalnosci.przedmiotPozostalejDzialalnosci[1].pozycja[0].nrWpisuWprow,no_change,1,1
CGI Information Systems and Management Consultants (Polska) Sp. z o.o.,0000078664,root.odpis.dane.dzial3.przedmiotDzialalnosci.przedmiotPozostalejDzialalnosci[1].pozycja[0].nrWpisuWykr,no_change,21,21
CGI Information Systems and Management Consultants (Polska) Sp. z o.o.,0000078664,root.odpis.dane.dzial3.przedmiotDzialalnosci.przedmiotPozostalejDzialalnosci[1].pozycja[0].opis,no_change,USŁUGI KONSULTINGOWE W ZAKRESIE ZARZĄDZANIA I DORADZTWA INFORMATYCZNEGO,USŁUGI KONSULTINGOWE W ZAKRESIE ZARZĄDZANIA I DORADZTWA INFORMATYCZNEGO
CGI Information Systems and Management Consultants (Polska) Sp. z o.o.,0000078664,root.odpis.dane.dzial3.przedmiotDzialalnosci.przedmiotPozostalejDzialalnosci[2].pozycja[0].kodDzial,no_change,72,72
CGI Information Systems and Management Consultants (Polska) Sp. z o.o.,0000078664,root.odpis.dane.dzial3.przedmiotDzialalnosci.przedmiotPozostalejDzialalnosci[2].pozycja[0].kodKlasa,no_change,60,60
CGI Information Systems and Management Consultants (Polska) Sp. z o.o.,0000078664,root.odpis.dane.dzial3.przedmiotDzialalnosci.przedmiotPozostalejDzialalnosci[2].pozycja[0].kodPodklasa,no_change,Z,Z
CGI Information Systems and Management Consultants (Polska) Sp. z o.o.,0000078664,root.odpis.dane.dzial3.przedmiotDzialalnosci.przedmiotPozostalejDzialalnosci[2].pozycja[0].nrWpisuWprow,no_change,1,1
CGI Information Systems and Management Consultants (Polska) Sp. z o.o.,0000078664,root.odpis.dane.dzial3.przedmiotDzialalnosci.przedmiotPozostalejDzialalnosci[2].pozycja[0].nrWpisuWykr,no_change,21,21
CGI Information Systems and Management Consultants (Polska) Sp. z o.o.,0000078664,root.odpis.dane.dzial3.przedmiotDzialalnosci.przedmiotPozostalejDzialalnosci[2].pozycja[0].opis,no_change,WSZELKA INNA DZIAŁALNOŚĆ GOSPODARCZA POMOCNA LUB ZWIĄZANA Z POWYŻSZĄ,WSZELKA INNA DZIAŁALNOŚĆ GOSPODARCZA POMOCNA LUB ZWIĄZANA Z POWYŻSZĄ
CGI Information Systems and Management Consultants (Polska) Sp. z o.o.,0000078664,root.odpis.dane.dzial3.przedmiotDzialalnosci.przedmiotPozostalejDzialalnosci[3].pozycja[0].kodDzial,no_change,62,62
CGI Information Systems and Management Consultants (Polska) Sp. z o.o.,0000078664,root.odpis.dane.dzial3.przedmiotDzialalnosci.przedmiotPozostalejDzialalnosci[3].pozycja[0].kodKlasa,no_change,02,02
CGI Information Systems and Management Consultants (Polska) Sp. z o.o.,0000078664,root.odpis.dane.dzial3.przedmiotDzialalnosci.przedmiotPozostalejDzialalnosci[3].pozycja[0].kodPodklasa,no_change,Z,Z
CGI Information Systems and Management Consultants (Polska) Sp. z o.o.,0000078664,root.odpis.dane.dzial3.przedmiotDzialalnosci.przedmiotPozostalejDzialalnosci[3].pozycja[0].nrWpisuWprow,no_change,21,21
CGI Information Systems and Management Consultants (Polska) Sp. z o.o.,0000078664,root.odpis.dane.dzial3.przedmiotDzialalnosci.przedmiotPozostalejDzialalnosci[3].pozycja[0].nrWpisuWykr,no_change,70,70
CGI Information Systems and Management Consultants (Polska) Sp. z o.o.,0000078664,root.odpis.dane.dzial3.przedmiotDzialalnosci.przedmiotPozostalejDzialalnosci[3].pozycja[0].opis,no_change,DZIAŁALNOŚĆ ZWIĄZANA Z DORADZTWEM W ZAKRESIE INFORMATYKI,DZIAŁALNOŚĆ ZWIĄZANA Z DORADZTWEM W ZAKRESIE INFORMATYKI
CGI Information Systems and Management Consultants (Polska) Sp. z o.o.,0000078664,root.odpis.dane.dzial3.przedmiotDzialalnosci.przedmiotPozostalejDzialalnosci[4].pozycja[0].kodDzial,no_change,62,62
CGI Information Systems and Management Consultants (Polska) Sp. z o.o.,0000078664,root.odpis.dane.dzial3.przedmiotDzialalnosci.przedmiotPozostalejDzialalnosci[4].pozycja[0].kodKlasa,no_change,09,09
CGI Information Systems and Management Consultants (Polska) Sp. z o.o.,0000078664,root.odpis.dane.dzial3.przedmiotDzialalnosci.przedmiotPozostalejDzialalnosci[4].pozycja[0].kodPodklasa,no_change,Z,Z
CGI Information Systems and Management Consultants (Polska) Sp. z o.o.,0000078664,root.odpis.dane.dzial3.przedmiotDzialalnosci.przedmiotPozostalejDzialalnosci[4].pozycja[0].nrWpisuWprow,no_change,21,21
CGI Information Systems and Management Consultants (Polska) Sp. z o.o.,0000078664,root.odpis.dane.dzial3.przedmiotDzialalnosci.przedmiotPozostalejDzialalnosci[4].pozycja[0].nrWpisuWykr,no_change,70,70
CGI Information Systems and Management Consultants (Polska) Sp. z o.o.,0000078664,root.odpis.dane.dzial3.przedmiotDzialalnosci.przedmiotPozostalejDzialalnosci[4].pozycja[0].opis,no_change,POZOSTAŁA DZIAŁALNOŚĆ USŁUGOWA W ZAKRESIE TECHNOLOGII INFORMATYCZNYCH,POZOSTAŁA DZIAŁALNOŚĆ USŁUGOWA W ZAKRESIE TECHNOLOGII INFORMATYCZNYCH
CGI Information Systems and Management Consultants (Polska) Sp. z o.o.,0000078664,root.odpis.dane.dzial3.przedmiotDzialalnosci.przedmiotPozostalejDzialalnosci[5].pozycja[0].kodDzial,no_change,78,78
CGI Information Systems and Management Consultants (Polska) Sp. z o.o.,0000078664,root.odpis.dane.dzial3.przedmiotDzialalnosci.przedmiotPozostalejDzialalnosci[5].pozycja[0].kodKlasa,no_change,10,10
CGI Information Systems and Management Consultants (Polska) Sp. z o.o.,0000078664,root.odpis.dane.dzial3.przedmiotDzialalnosci.przedmiotPozostalejDzialalnosci[5].pozycja[0].kodPodklasa,no_change,Z,Z
CGI Information Systems and Management Consultants (Polska) Sp. z o.o.,0000078664,root.odpis.dane.dzial3.przedmiotDzialalnosci.przedmiotPozostalejDzialalnosci[5].pozycja[0].nrWpisuWprow,no_change,45,45
CGI Information Systems and Management Consultants (Polska) Sp. z o.o.,0000078664,root.odpis.dane.dzial3.przedmiotDzialalnosci.przedmiotPozostalejDzialalnosci[5].pozycja[0].nrWpisuWykr,no_change,70,70
CGI Information Systems and Management Consultants (Polska) Sp. z o.o.,0000078664,root.odpis.dane.dzial3.przedmiotDzialalnosci.przedmiotPozostalejDzialalnosci[5].pozycja[0].opis,no_change,DZIAŁALNOŚĆ ZWIĄZANA Z WYSZUKIWANIEM MIEJSC PRACY I POZYSKIWANIEM PRACOWNIKÓW,DZIAŁALNOŚĆ ZWIĄZANA Z WYSZUKIWANIEM MIEJSC PRACY I POZYSKIWANIEM PRACOWNIKÓW
CGI Information Systems and Management Consultants (Polska) Sp. z o.o.,0000078664,root.odpis.dane.dzial3.przedmiotDzialalnosci.przedmiotPozostalejDzialalnosci[6].pozycja[0].kodDzial,no_change,78,78
CGI Information Systems and Management Consultants (Polska) Sp. z o.o.,0000078664,root.odpis.dane.dzial3.przedmiotDzialalnosci.przedmiotPozostalejDzialalnosci[6].pozycja[0].kodKlasa,no_change,20,20
CGI Information Systems and Management Consultants (Polska) Sp. z o.o.,0000078664,root.odpis.dane.dzial3.przedmiotDzialalnosci.przedmiotPozostalejDzialalnosci[6].pozycja[0].kodPodklasa,no_change,Z,Z
CGI Information Systems and Management Consultants (Polska) Sp. z o.o.,0000078664,root.odpis.dane.dzial3.przedmiotDzialalnosci.przedmiotPozostalejDzialalnosci[6].pozycja[0].nrWpisuWprow,no_change,45,45
CGI Information Systems and Management Consultants (Polska) Sp. z o.o.,0000078664,root.odpis.dane.dzial3.przedmiotDzialalnosci.przedmiotPozostalejDzialalnosci[6].pozycja[0].nrWpisuWykr,no_change,70,70
CGI Information Systems and Management Consultants (Polska) Sp. z o.o.,0000078664,root.odpis.dane.dzial3.przedmiotDzialalnosci.przedmiotPozostalejDzialalnosci[6].pozycja[0].opis,no_change,DZIAŁALNOŚĆ AGENCJI PRACY TYMCZASOWEJ,DZIAŁALNOŚĆ AGENCJI PRACY TYMCZASOWEJ
CGI Information Systems and Management Consultants (Polska) Sp. z o.o.,0000078664,root.odpis.dane.dzial3.przedmiotDzialalnosci.przedmiotPozostalejDzialalnosci[7].pozycja[0].kodDzial,no_change,78,78
CGI Information Systems and Management Consultants (Polska) Sp. z o.o.,0000078664,root.odpis.dane.dzial3.przedmiotDzialalnosci.przedmiotPozostalejDzialalnosci[7].pozycja[0].kodKlasa,no_change,30,30
CGI Information Systems and Management Consultants (Polska) Sp. z o.o.,0000078664,root.odpis.dane.dzial3.przedmiotDzialalnosci.przedmiotPozostalejDzialalnosci[7].pozycja[0].kodPodklasa,no_change,Z,Z
CGI Information Systems and Management Consultants (Polska) Sp. z o.o.,0000078664,root.odpis.dane.dzial3.przedmiotDzialalnosci.przedmiotPozostalejDzialalnosci[7].pozycja[0].nrWpisuWprow,no_change,45,45
CGI Information Systems and Management Consultants (Polska) Sp. z o.o.,0000078664,root.odpis.dane.dzial3.przedmiotDzialalnosci.przedmiotPozostalejDzialalnosci[7].pozycja[0].nrWpisuWykr,no_change,70,70
CGI Information Systems and Management Consultants (Polska) Sp. z o.o.,0000078664,root.odpis.dane.dzial3.przedmiotDzialalnosci.przedmiotPozostalejDzialalnosci[7].pozycja[0].opis,no_change,POZOSTAŁA DZIAŁALNOŚĆ ZWIĄZANA Z UDOSTĘPNIANIEM PRACOWNIKÓW,POZOSTAŁA DZIAŁALNOŚĆ ZWIĄZANA Z UDOSTĘPNIANIEM PRACOWNIKÓW
CGI Information Systems and Management Consultants (Polska) Sp. z o.o.,0000078664,root.odpis.dane.dzial3.przedmiotDzialalnosci.przedmiotPozostalejDzialalnosci[8].pozycja[0].kodDzial,no_change,62,62
CGI Information Systems and Management Consultants (Polska) Sp. z o.o.,0000078664,root.odpis.dane.dzial3.przedmiotDzialalnosci.przedmiotPozostalejDzialalnosci[8].pozycja[0].kodKlasa,no_change,20,20
CGI Information Systems and Management Consultants (Polska) Sp. z o.o.,0000078664,root.odpis.dane.dzial3.przedmiotDzialalnosci.przedmiotPozostalejDzialalnosci[8].pozycja[0].kodPodklasa,no_change,B,B
CGI Information Systems and Management Consultants (Polska) Sp. z o.o.,0000078664,root.odpis.dane.dzial3.przedmiotDzialalnosci.przedmiotPozostalejDzialalnosci[8].pozycja[0].nrWpisuWprow,no_change,70,70
CGI Information Systems and Management Consultants (Polska) Sp. z o.o.,0000078664,root.odpis.dane.dzial3.przedmiotDzialalnosci.przedmiotPozostalejDzialalnosci[8].pozycja[0].opis,no_change,POZOSTAŁA DZIAŁALNOŚĆ ZWIĄZANA Z DORADZTWEM W ZAKRESIE INFORMATYKI ORAZ ZARZĄDZANIEM URZĄDZENIAMI INFORMATYCZNYMI,POZOSTAŁA DZIAŁALNOŚĆ ZWIĄZANA Z DORADZTWEM W ZAKRESIE INFORMATYKI ORAZ ZARZĄDZANIEM URZĄDZENIAMI INFORMATYCZNYMI
CGI Information Systems and Management Consultants (Polska) Sp. z o.o.,0000078664,root.odpis.dane.dzial3.przedmiotDzialalnosci.przedmiotPozostalejDzialalnosci[9].pozycja[0].kodDzial,no_change,62,62
CGI Information Systems and Management Consultants (Polska) Sp. z o.o.,0000078664,root.odpis.dane.dzial3.przedmiotDzialalnosci.przedmiotPozostalejDzialalnosci[9].pozycja[0].kodKlasa,no_change,90,90
CGI Information Systems and Management Consultants (Polska) Sp. z o.o.,0000078664,root.odpis.dane.dzial3.przedmiotDzialalnosci.przedmiotPozostalejDzialalnosci[9].pozycja[0].kodPodklasa,no_change,Z,Z
CGI Information Systems and Management Consultants (Polska) Sp. z o.o.,0000078664,root.odpis.dane.dzial3.przedmiotDzialalnosci.przedmiotPozostalejDzialalnosci[9].pozycja[0].nrWpisuWprow,no_change,70,70
CGI Information Systems and Management Consultants (Polska) Sp. z o.o.,0000078664,root.odpis.dane.dzial3.przedmiotDzialalnosci.przedmiotPozostalejDzialalnosci[9].pozycja[0].opis,no_change,POZOSTAŁA DZIAŁALNOŚĆ USŁUGOWA W ZAKRESIE TECHNOLOGII INFORMATYCZNYCH I KOMPUTEROWYCH,POZOSTAŁA DZIAŁALNOŚĆ USŁUGOWA W ZAKRESIE TECHNOLOGII INFORMATYCZNYCH I KOMPUTEROWYCH
CGI Information Systems and Management Consultants (Polska) Sp. z o.o.,0000078664,root.odpis.dane.dzial3.przedmiotDzialalnosci.przedmiotPrzewazajacejDzialalnosci[0].pozycja[0].kodDzial,no_change,62,62
CGI Information Systems and Management Consultants (Polska) Sp. z o.o.,0000078664,root.odpis.dane.dzial3.przedmiotDzialalnosci.przedmiotPrzewazajacejDzialalnosci[0].pozycja[0].kodKlasa,no_change,01,01
CGI Information Systems and Management Consultants (Polska) Sp. z o.o.,0000078664,root.odpis.dane.dzial3.przedmiotDzialalnosci.przedmiotPrzewazajacejDzialalnosci[0].pozycja[0].kodPodklasa,no_change,Z,Z
CGI Information Systems and Management Consultants (Polska) Sp. z o.o.,0000078664,root.odpis.dane.dzial3.przedmiotDzialalnosci.przedmiotPrzewazajacejDzialalnosci[0].pozycja[0].nrWpisuWprow,no_change,21,21
CGI Information Systems and Management Consultants (Polska) Sp. z o.o.,0000078664,root.odpis.dane.dzial3.przedmiotDzialalnosci.przedmiotPrzewazajacejDzialalnosci[0].pozycja[0].nrWpisuWykr,no_change,70,70
CGI Information Systems and Management Consultants (Polska) Sp. z o.o.,0000078664,root.odpis.dane.dzial3.przedmiotDzialalnosci.przedmiotPrzewazajacejDzialalnosci[0].pozycja[0].opis,no_change,DZIAŁALNOŚĆ ZWIĄZANA Z OPROGRAMOWANIEM,DZIAŁALNOŚĆ ZWIĄZANA Z OPROGRAMOWANIEM
CGI Information Systems and Management Consultants (Polska) Sp. z o.o.,0000078664,root.odpis.dane.dzial3.przedmiotDzialalnosci.przedmiotPrzewazajacejDzialalnosci[0].pozycja[1].kodDzial,no_change,62,62
CGI Information Systems and Management Consultants (Polska) Sp. z o.o.,0000078664,root.odpis.dane.dzial3.przedmiotDzialalnosci.przedmiotPrzewazajacejDzialalnosci[0].pozycja[1].kodKlasa,no_change,10,10
CGI Information Systems and Management Consultants (Polska) Sp. z o.o.,0000078664,root.odpis.dane.dzial3.przedmiotDzialalnosci.przedmiotPrzewazajacejDzialalnosci[0].pozycja[1].kodPodklasa,no_change,B,B
CGI Information Systems and Management Consultants (Polska) Sp. z o.o.,0000078664,root.odpis.dane.dzial3.przedmiotDzialalnosci.przedmiotPrzewazajacejDzialalnosci[0].pozycja[1].nrWpisuWprow,no_change,70,70
CGI Information Systems and Management Consultants (Polska) Sp. z o.o.,0000078664,root.odpis.dane.dzial3.przedmiotDzialalnosci.przedmiotPrzewazajacejDzialalnosci[0].pozycja[1].opis,no_change,POZOSTAŁA DZIAŁALNOŚĆ W ZAKRESIE PROGRAMOWANIA,POZOSTAŁA DZIAŁALNOŚĆ W ZAKRESIE PROGRAMOWANIA
CGI Information Systems and Management Consultants (Polska) Sp. z o.o.,0000078664,root.odpis.dane.dzial3.wzmiankiOZlozonychDokumentach.wzmiankaOZlozeniuOpiniiBieglegoRewidentaSprawozdaniaZBadania[0].pozycja[0].nrWpisuWprow,no_change,3,3
CGI Information Systems and Management Consultants (Polska) Sp. z o.o.,0000078664,root.odpis.dane.dzial3.wzmiankiOZlozonychDokumentach.wzmiankaOZlozeniuOpiniiBieglegoRewidentaSprawozdaniaZBadania[0].pozycja[0].zaOkresOdDo,no_change,1 STYCZNIA 2000 - 31 GRUDNIA 2000,1 STYCZNIA 2000 - 31 GRUDNIA 2000
CGI Information Systems and Management Consultants (Polska) Sp. z o.o.,0000078664,root.odpis.dane.dzial3.wzmiankiOZlozonychDokumentach.wzmiankaOZlozeniuOpiniiBieglegoRewidentaSprawozdaniaZBadania[10].pozycja[0].nrWpisuWprow,no_change,19,19
CGI Information Systems and Management Consultants (Polska) Sp. z o.o.,0000078664,root.odpis.dane.dzial3.wzmiankiOZlozonychDokumentach.wzmiankaOZlozeniuOpiniiBieglegoRewidentaSprawozdaniaZBadania[10].pozycja[0].zaOkresOdDo,no_change,OD 01.10.2011 DO 30.09.2012,OD 01.10.2011 DO 30.09.2012
CGI Information Systems and Management Consultants (Polska) Sp. z o.o.,0000078664,root.odpis.dane.dzial3.wzmiankiOZlozonychDokumentach.wzmiankaOZlozeniuOpiniiBieglegoRewidentaSprawozdaniaZBadania[11].pozycja[0].nrWpisuWprow,no_change,20,20
CGI Information Systems and Management Consultants (Polska) Sp. z o.o.,0000078664,root.odpis.dane.dzial3.wzmiankiOZlozonychDokumentach.wzmiankaOZlozeniuOpiniiBieglegoRewidentaSprawozdaniaZBadania[11].pozycja[0].zaOkresOdDo,no_change,OD 01.10.2012 DO 30.09.2013,OD 01.10.2012 DO 30.09.2013
CGI Information Systems and Management Consultants (Polska) Sp. z o.o.,0000078664,root.odpis.dane.dzial3.wzmiankiOZlozonychDokumentach.wzmiankaOZlozeniuOpiniiBieglegoRewidentaSprawozdaniaZBadania[12].pozycja[0].nrWpisuWprow,no_change,21,21
CGI Information Systems and Management Consultants (Polska) Sp. z o.o.,0000078664,root.odpis.dane.dzial3.wzmiankiOZlozonychDokumentach.wzmiankaOZlozeniuOpiniiBieglegoRewidentaSprawozdaniaZBadania[12].pozycja[0].zaOkresOdDo,no_change,OD 01.10.2013 DO 30.09.2014,OD 01.10.2013 DO 30.09.2014
CGI Information Systems and Management Consultants (Polska) Sp. z o.o.,0000078664,root.odpis.dane.dzial3.wzmiankiOZlozonychDokumentach.wzmiankaOZlozeniuOpiniiBieglegoRewidentaSprawozdaniaZBadania[13].pozycja[0].nrWpisuWprow,no_change,26,26
CGI Information Systems and Management Consultants (Polska) Sp. z o.o.,0000078664,root.odpis.dane.dzial3.wzmiankiOZlozonychDokumentach.wzmiankaOZlozeniuOpiniiBieglegoRewidentaSprawozdaniaZBadania[13].pozycja[0].zaOkresOdDo,no_change,OD 01.10.2014 DO 30.09.2015,OD 01.10.2014 DO 30.09.2015
CGI Information Systems and Management Consultants (Polska) Sp. z o.o.,0000078664,root.odpis.dane.dzial3.wzmiankiOZlozonychDokumentach.wzmiankaOZlozeniuOpiniiBieglegoRewidentaSprawozdaniaZBadania[14].pozycja[0].nrWpisuWprow,no_change,28,28
CGI Information Systems and Management Consultants (Polska) Sp. z o.o.,0000078664,root.odpis.dane.dzial3.wzmiankiOZlozonychDokumentach.wzmiankaOZlozeniuOpiniiBieglegoRewidentaSprawozdaniaZBadania[14].pozycja[0].zaOkresOdDo,no_change,OD 01.10.2015 DO 01.10.2016,OD 01.10.2015 DO 01.10.2016
CGI Information Systems and Management Consultants (Polska) Sp. z o.o.,0000078664,root.odpis.dane.dzial3.wzmiankiOZlozonychDokumentach.wzmiankaOZlozeniuOpiniiBieglegoRewidentaSprawozdaniaZBadania[15].pozycja[0].nrWpisuWprow,no_change,33,33
CGI Information Systems and Management Consultants (Polska) Sp. z o.o.,0000078664,root.odpis.dane.dzial3.wzmiankiOZlozonychDokumentach.wzmiankaOZlozeniuOpiniiBieglegoRewidentaSprawozdaniaZBadania[15].pozycja[0].zaOkresOdDo,no_change,OD 01.10.2016 DO 30.09.2017,OD 01.10.2016 DO 30.09.2017
CGI Information Systems and Management Consultants (Polska) Sp. z o.o.,0000078664,root.odpis.dane.dzial3.wzmiankiOZlozonychDokumentach.wzmiankaOZlozeniuOpiniiBieglegoRewidentaSprawozdaniaZBadania[16].pozycja[0].nrWpisuWprow,no_change,38,38
CGI Information Systems and Management Consultants (Polska) Sp. z o.o.,0000078664,root.odpis.dane.dzial3.wzmiankiOZlozonychDokumentach.wzmiankaOZlozeniuOpiniiBieglegoRewidentaSprawozdaniaZBadania[16].pozycja[0].zaOkresOdDo,no_change,OD 01.10.2017 DO 30.09.2018,OD 01.10.2017 DO 30.09.2018
CGI Information Systems and Management Consultants (Polska) Sp. z o.o.,0000078664,root.odpis.dane.dzial3.wzmiankiOZlozonychDokumentach.wzmiankaOZlozeniuOpiniiBieglegoRewidentaSprawozdaniaZBadania[17].pozycja[0].nrWpisuWprow,no_change,42,42
CGI Information Systems and Management Consultants (Polska) Sp. z o.o.,0000078664,root.odpis.dane.dzial3.wzmiankiOZlozonychDokumentach.wzmiankaOZlozeniuOpiniiBieglegoRewidentaSprawozdaniaZBadania[17].pozycja[0].zaOkresOdDo,no_change,OD 01.10.2018 DO 30.09.2019,OD 01.10.2018 DO 30.09.2019
CGI Information Systems and Management Consultants (Polska) Sp. z o.o.,0000078664,root.odpis.dane.dzial3.wzmiankiOZlozonychDokumentach.wzmiankaOZlozeniuOpiniiBieglegoRewidentaSprawozdaniaZBadania[18].pozycja[0].nrWpisuWprow,no_change,47,47
CGI Information Systems and Management Consultants (Polska) Sp. z o.o.,0000078664,root.odpis.dane.dzial3.wzmiankiOZlozonychDokumentach.wzmiankaOZlozeniuOpiniiBieglegoRewidentaSprawozdaniaZBadania[18].pozycja[0].zaOkresOdDo,no_change,OD 01.10.2019 DO 30.09.2020,OD 01.10.2019 DO 30.09.2020
CGI Information Systems and Management Consultants (Polska) Sp. z o.o.,0000078664,root.odpis.dane.dzial3.wzmiankiOZlozonychDokumentach.wzmiankaOZlozeniuOpiniiBieglegoRewidentaSprawozdaniaZBadania[19].pozycja[0].nrWpisuWprow,no_change,51,51
CGI Information Systems and Management Consultants (Polska) Sp. z o.o.,0000078664,root.odpis.dane.dzial3.wzmiankiOZlozonychDokumentach.wzmiankaOZlozeniuOpiniiBieglegoRewidentaSprawozdaniaZBadania[19].pozycja[0].zaOkresOdDo,no_change,OD 01.10.2020 DO 30.09.2021,OD 01.10.2020 DO 30.09.2021
CGI Information Systems and Management Consultants (Polska) Sp. z o.o.,0000078664,root.odpis.dane.dzial3.wzmiankiOZlozonychDokumentach.wzmiankaOZlozeniuOpiniiBieglegoRewidentaSprawozdaniaZBadania[1].pozycja[0].nrWpisuWprow,no_change,4,4
CGI Information Systems and Management Consultants (Polska) Sp. z o.o.,0000078664,root.odpis.dane.dzial3.wzmiankiOZlozonychDokumentach.wzmiankaOZlozeniuOpiniiBieglegoRewidentaSprawozdaniaZBadania[1].pozycja[0].zaOkresOdDo,no_change,OD 1 STYCZNIA 2001 DO 31 GRUDNIA 2001,OD 1 STYCZNIA 2001 DO 31 GRUDNIA 2001
CGI Information Systems and Management Consultants (Polska) Sp. z o.o.,0000078664,root.odpis.dane.dzial3.wzmiankiOZlozonychDokumentach.wzmiankaOZlozeniuOpiniiBieglegoRewidentaSprawozdaniaZBadania[20].pozycja[0].nrWpisuWprow,no_change,55,55
CGI Information Systems and Management Consultants (Polska) Sp. z o.o.,0000078664,root.odpis.dane.dzial3.wzmiankiOZlozonychDokumentach.wzmiankaOZlozeniuOpiniiBieglegoRewidentaSprawozdaniaZBadania[20].pozycja[0].zaOkresOdDo,no_change,OD 01.10.2021 DO 30.09.2022,OD 01.10.2021 DO 30.09.2022
CGI Information Systems and Management Consultants (Polska) Sp. z o.o.,0000078664,root.odpis.dane.dzial3.wzmiankiOZlozonychDokumentach.wzmiankaOZlozeniuOpiniiBieglegoRewidentaSprawozdaniaZBadania[21].pozycja[0].nrWpisuWprow,no_change,62,62
CGI Information Systems and Management Consultants (Polska) Sp. z o.o.,0000078664,root.odpis.dane.dzial3.wzmiankiOZlozonychDokumentach.wzmiankaOZlozeniuOpiniiBieglegoRewidentaSprawozdaniaZBadania[21].pozycja[0].zaOkresOdDo,no_change,OD 01.10.2022 DO 30.09.2023,OD 01.10.2022 DO 30.09.2023
CGI Information Systems and Management Consultants (Polska) Sp. z o.o.,0000078664,root.odpis.dane.dzial3.wzmiankiOZlozonychDokumentach.wzmiankaOZlozeniuOpiniiBieglegoRewidentaSprawozdaniaZBadania[22].pozycja[0].nrWpisuWprow,no_change,66,66
CGI Information Systems and Management Consultants (Polska) Sp. z o.o.,0000078664,root.odpis.dane.dzial3.wzmiankiOZlozonychDokumentach.wzmiankaOZlozeniuOpiniiBieglegoRewidentaSprawozdaniaZBadania[22].pozycja[0].zaOkresOdDo,no_change,OD 01.10.2023 DO 30.09.2024,OD 01.10.2023 DO 30.09.2024
CGI Information Systems and Management Consultants (Polska) Sp. z o.o.,0000078664,root.odpis.dane.dzial3.wzmiankiOZlozonychDokumentach.wzmiankaOZlozeniuOpiniiBieglegoRewidentaSprawozdaniaZBadania[23].pozycja[0].nrWpisuWprow,no_change,73,73
CGI Information Systems and Management Consultants (Polska) Sp. z o.o.,0000078664,root.odpis.dane.dzial3.wzmiankiOZlozonychDokumentach.wzmiankaOZlozeniuOpiniiBieglegoRewidentaSprawozdaniaZBadania[23].pozycja[0].zaOkresOdDo,no_change,OD 01.10.2024 DO 30.09.2025,OD 01.10.2024 DO 30.09.2025
CGI Information Systems and Management Consultants (Polska) Sp. z o.o.,0000078664,root.odpis.dane.dzial3.wzmiankiOZlozonychDokumentach.wzmiankaOZlozeniuOpiniiBieglegoRewidentaSprawozdaniaZBadania[2].pozycja[0].nrWpisuWprow,no_change,6,6
CGI Information Systems and Management Consultants (Polska) Sp. z o.o.,0000078664,root.odpis.dane.dzial3.wzmiankiOZlozonychDokumentach.wzmiankaOZlozeniuOpiniiBieglegoRewidentaSprawozdaniaZBadania[2].pozycja[0].zaOkresOdDo,no_change,1 STYCZEŃ 2002 - 31 GRUDZIEŃ 2002,1 STYCZEŃ 2002 - 31 GRUDZIEŃ 2002
CGI Information Systems and Management Consultants (Polska) Sp. z o.o.,0000078664,root.odpis.dane.dzial3.wzmiankiOZlozonychDokumentach.wzmiankaOZlozeniuOpiniiBieglegoRewidentaSprawozdaniaZBadania[3].pozycja[0].nrWpisuWprow,no_change,12,12
CGI Information Systems and Management Consultants (Polska) Sp. z o.o.,0000078664,root.odpis.dane.dzial3.wzmiankiOZlozonychDokumentach.wzmiankaOZlozeniuOpiniiBieglegoRewidentaSprawozdaniaZBadania[3].pozycja[0].zaOkresOdDo,no_change,1 STYCZNIA 2004 - 31 GRUDNIA 2004,1 STYCZNIA 2004 - 31 GRUDNIA 2004
CGI Information Systems and Management Consultants (Polska) Sp. z o.o.,0000078664,root.odpis.dane.dzial3.wzmiankiOZlozonychDokumentach.wzmiankaOZlozeniuOpiniiBieglegoRewidentaSprawozdaniaZBadania[4].pozycja[0].nrWpisuWprow,no_change,13,13
CGI Information Systems and Management Consultants (Polska) Sp. z o.o.,0000078664,root.odpis.dane.dzial3.wzmiankiOZlozonychDokumentach.wzmiankaOZlozeniuOpiniiBieglegoRewidentaSprawozdaniaZBadania[4].pozycja[0].zaOkresOdDo,no_change,01.01.2005 - 30.09.2006,01.01.2005 - 30.09.2006
CGI Information Systems and Management Consultants (Polska) Sp. z o.o.,0000078664,root.odpis.dane.dzial3.wzmiankiOZlozonychDokumentach.wzmiankaOZlozeniuOpiniiBieglegoRewidentaSprawozdaniaZBadania[5].pozycja[0].nrWpisuWprow,no_change,14,14
CGI Information Systems and Management Consultants (Polska) Sp. z o.o.,0000078664,root.odpis.dane.dzial3.wzmiankiOZlozonychDokumentach.wzmiankaOZlozeniuOpiniiBieglegoRewidentaSprawozdaniaZBadania[5].pozycja[0].zaOkresOdDo,no_change,01.10.2006 - 30.09.2007,01.10.2006 - 30.09.2007
CGI Information Systems and Management Consultants (Polska) Sp. z o.o.,0000078664,root.odpis.dane.dzial3.wzmiankiOZlozonychDokumentach.wzmiankaOZlozeniuOpiniiBieglegoRewidentaSprawozdaniaZBadania[6].pozycja[0].nrWpisuWprow,no_change,15,15
CGI Information Systems and Management Consultants (Polska) Sp. z o.o.,0000078664,root.odpis.dane.dzial3.wzmiankiOZlozonychDokumentach.wzmiankaOZlozeniuOpiniiBieglegoRewidentaSprawozdaniaZBadania[6].pozycja[0].zaOkresOdDo,no_change,01.10.2008 - 30.09.2009,01.10.2008 - 30.09.2009
CGI Information Systems and Management Consultants (Polska) Sp. z o.o.,0000078664,root.odpis.dane.dzial3.wzmiankiOZlozonychDokumentach.wzmiankaOZlozeniuOpiniiBieglegoRewidentaSprawozdaniaZBadania[7].pozycja[0].nrWpisuWprow,no_change,16,16
CGI Information Systems and Management Consultants (Polska) Sp. z o.o.,0000078664,root.odpis.dane.dzial3.wzmiankiOZlozonychDokumentach.wzmiankaOZlozeniuOpiniiBieglegoRewidentaSprawozdaniaZBadania[7].pozycja[0].zaOkresOdDo,no_change,01.10.2007 R. - 30.09.2008 R.,01.10.2007 R. - 30.09.2008 R.
CGI Information Systems and Management Consultants (Polska) Sp. z o.o.,0000078664,root.odpis.dane.dzial3.wzmiankiOZlozonychDokumentach.wzmiankaOZlozeniuOpiniiBieglegoRewidentaSprawozdaniaZBadania[8].pozycja[0].nrWpisuWprow,no_change,17,17
CGI Information Systems and Management Consultants (Polska) Sp. z o.o.,0000078664,root.odpis.dane.dzial3.wzmiankiOZlozonychDokumentach.wzmiankaOZlozeniuOpiniiBieglegoRewidentaSprawozdaniaZBadania[8].pozycja[0].zaOkresOdDo,no_change,01.10.2009 - 30.09.2010,01.10.2009 - 30.09.2010
CGI Information Systems and Management Consultants (Polska) Sp. z o.o.,0000078664,root.odpis.dane.dzial3.wzmiankiOZlozonychDokumentach.wzmiankaOZlozeniuOpiniiBieglegoRewidentaSprawozdaniaZBadania[9].pozycja[0].nrWpisuWprow,no_change,18,18
CGI Information Systems and Management Consultants (Polska) Sp. z o.o.,0000078664,root.odpis.dane.dzial3.wzmiankiOZlozonychDokumentach.wzmiankaOZlozeniuOpiniiBieglegoRewidentaSprawozdaniaZBadania[9].pozycja[0].zaOkresOdDo,no_change,01.10.2010 - 30.09.2011,01.10.2010 - 30.09.2011
CGI Information Systems and Management Consultants (Polska) Sp. z o.o.,0000078664,root.odpis.dane.dzial3.wzmiankiOZlozonychDokumentach.wzmiankaOZlozeniuRocznegoSprawozdaniaFinansowego[0].pozycja[0].dataZlozenia,no_change,13.03.2002,13.03.2002
CGI Information Systems and Management Consultants (Polska) Sp. z o.o.,0000078664,root.odpis.dane.dzial3.wzmiankiOZlozonychDokumentach.wzmiankaOZlozeniuRocznegoSprawozdaniaFinansowego[0].pozycja[0].nrWpisuWprow,no_change,3,3
CGI Information Systems and Management Consultants (Polska) Sp. z o.o.,0000078664,root.odpis.dane.dzial3.wzmiankiOZlozonychDokumentach.wzmiankaOZlozeniuRocznegoSprawozdaniaFinansowego[0].pozycja[0].zaOkresOdDo,no_change,1 STYCZNIA 2000 - 31 GRUDNIA 2000,1 STYCZNIA 2000 - 31 GRUDNIA 2000
CGI Information Systems and Management Consultants (Polska) Sp. z o.o.,0000078664,root.odpis.dane.dzial3.wzmiankiOZlozonychDokumentach.wzmiankaOZlozeniuRocznegoSprawozdaniaFinansowego[10].pozycja[0].dataZlozenia,no_change,27.12.2012,27.12.2012
CGI Information Systems and Management Consultants (Polska) Sp. z o.o.,0000078664,root.odpis.dane.dzial3.wzmiankiOZlozonychDokumentach.wzmiankaOZlozeniuRocznegoSprawozdaniaFinansowego[10].pozycja[0].nrWpisuWprow,no_change,18,18
CGI Information Systems and Management Consultants (Polska) Sp. z o.o.,0000078664,root.odpis.dane.dzial3.wzmiankiOZlozonychDokumentach.wzmiankaOZlozeniuRocznegoSprawozdaniaFinansowego[10].pozycja[0].zaOkresOdDo,no_change,01.10.2010 - 30.09.2011,01.10.2010 - 30.09.2011
CGI Information Systems and Management Consultants (Polska) Sp. z o.o.,0000078664,root.odpis.dane.dzial3.wzmiankiOZlozonychDokumentach.wzmiankaOZlozeniuRocznegoSprawozdaniaFinansowego[11].pozycja[0].dataZlozenia,no_change,02.04.2014,02.04.2014
CGI Information Systems and Management Consultants (Polska) Sp. z o.o.,0000078664,root.odpis.dane.dzial3.wzmiankiOZlozonychDokumentach.wzmiankaOZlozeniuRocznegoSprawozdaniaFinansowego[11].pozycja[0].nrWpisuWprow,no_change,19,19
CGI Information Systems and Management Consultants (Polska) Sp. z o.o.,0000078664,root.odpis.dane.dzial3.wzmiankiOZlozonychDokumentach.wzmiankaOZlozeniuRocznegoSprawozdaniaFinansowego[11].pozycja[0].zaOkresOdDo,no_change,OD 01.10.2011 DO 30.09.2012,OD 01.10.2011 DO 30.09.2012
CGI Information Systems and Management Consultants (Polska) Sp. z o.o.,0000078664,root.odpis.dane.dzial3.wzmiankiOZlozonychDokumentach.wzmiankaOZlozeniuRocznegoSprawozdaniaFinansowego[12].pozycja[0].dataZlozenia,no_change,04.11.2014,04.11.2014
CGI Information Systems and Management Consultants (Polska) Sp. z o.o.,0000078664,root.odpis.dane.dzial3.wzmiankiOZlozonychDokumentach.wzmiankaOZlozeniuRocznegoSprawozdaniaFinansowego[12].pozycja[0].nrWpisuWprow,no_change,20,20
CGI Information Systems and Management Consultants (Polska) Sp. z o.o.,0000078664,root.odpis.dane.dzial3.wzmiankiOZlozonychDokumentach.wzmiankaOZlozeniuRocznegoSprawozdaniaFinansowego[12].pozycja[0].zaOkresOdDo,no_change,OD 01.10.2012 DO 30.09.2013,OD 01.10.2012 DO 30.09.2013
CGI Information Systems and Management Consultants (Polska) Sp. z o.o.,0000078664,root.odpis.dane.dzial3.wzmiankiOZlozonychDokumentach.wzmiankaOZlozeniuRocznegoSprawozdaniaFinansowego[13].pozycja[0].dataZlozenia,no_change,16.10.2015,16.10.2015
CGI Information Systems and Management Consultants (Polska) Sp. z o.o.,0000078664,root.odpis.dane.dzial3.wzmiankiOZlozonychDokumentach.wzmiankaOZlozeniuRocznegoSprawozdaniaFinansowego[13].pozycja[0].nrWpisuWprow,no_change,21,21
CGI Information Systems and Management Consultants (Polska) Sp. z o.o.,0000078664,root.odpis.dane.dzial3.wzmiankiOZlozonychDokumentach.wzmiankaOZlozeniuRocznegoSprawozdaniaFinansowego[13].pozycja[0].zaOkresOdDo,no_change,OD 01.10.2013 DO 30.09.2014,OD 01.10.2013 DO 30.09.2014
CGI Information Systems and Management Consultants (Polska) Sp. z o.o.,0000078664,root.odpis.dane.dzial3.wzmiankiOZlozonychDokumentach.wzmiankaOZlozeniuRocznegoSprawozdaniaFinansowego[14].pozycja[0].dataZlozenia,no_change,08.12.2016,08.12.2016
CGI Information Systems and Management Consultants (Polska) Sp. z o.o.,0000078664,root.odpis.dane.dzial3.wzmiankiOZlozonychDokumentach.wzmiankaOZlozeniuRocznegoSprawozdaniaFinansowego[14].pozycja[0].nrWpisuWprow,no_change,26,26
CGI Information Systems and Management Consultants (Polska) Sp. z o.o.,0000078664,root.odpis.dane.dzial3.wzmiankiOZlozonychDokumentach.wzmiankaOZlozeniuRocznegoSprawozdaniaFinansowego[14].pozycja[0].zaOkresOdDo,no_change,OD 01.10.2014 DO 30.09.2015,OD 01.10.2014 DO 30.09.2015
CGI Information Systems and Management Consultants (Polska) Sp. z o.o.,0000078664,root.odpis.dane.dzial3.wzmiankiOZlozonychDokumentach.wzmiankaOZlozeniuRocznegoSprawozdaniaFinansowego[15].pozycja[0].dataZlozenia,no_change,30.10.2018,30.10.2018
CGI Information Systems and Management Consultants (Polska) Sp. z o.o.,0000078664,root.odpis.dane.dzial3.wzmiankiOZlozonychDokumentach.wzmiankaOZlozeniuRocznegoSprawozdaniaFinansowego[15].pozycja[0].nrWpisuWprow,no_change,28,28
CGI Information Systems and Management Consultants (Polska) Sp. z o.o.,0000078664,root.odpis.dane.dzial3.wzmiankiOZlozonychDokumentach.wzmiankaOZlozeniuRocznegoSprawozdaniaFinansowego[15].pozycja[0].zaOkresOdDo,no_change,OD 01.10.2015 DO 01.10.2016,OD 01.10.2015 DO 01.10.2016
CGI Information Systems and Management Consultants (Polska) Sp. z o.o.,0000078664,root.odpis.dane.dzial3.wzmiankiOZlozonychDokumentach.wzmiankaOZlozeniuRocznegoSprawozdaniaFinansowego[16].pozycja[0].dataZlozenia,no_change,24.11.2020,24.11.2020
CGI Information Systems and Management Consultants (Polska) Sp. z o.o.,0000078664,root.odpis.dane.dzial3.wzmiankiOZlozonychDokumentach.wzmiankaOZlozeniuRocznegoSprawozdaniaFinansowego[16].pozycja[0].nrWpisuWprow,no_change,32,32
CGI Information Systems and Management Consultants (Polska) Sp. z o.o.,0000078664,root.odpis.dane.dzial3.wzmiankiOZlozonychDokumentach.wzmiankaOZlozeniuRocznegoSprawozdaniaFinansowego[16].pozycja[0].zaOkresOdDo,no_change,OD 01.10.2016 DO 30.09.2017,OD 01.10.2016 DO 30.09.2017
CGI Information Systems and Management Consultants (Polska) Sp. z o.o.,0000078664,root.odpis.dane.dzial3.wzmiankiOZlozonychDokumentach.wzmiankaOZlozeniuRocznegoSprawozdaniaFinansowego[17].pozycja[0].dataZlozenia,no_change,01.04.2021,01.04.2021
CGI Information Systems and Management Consultants (Polska) Sp. z o.o.,0000078664,root.odpis.dane.dzial3.wzmiankiOZlozonychDokumentach.wzmiankaOZlozeniuRocznegoSprawozdaniaFinansowego[17].pozycja[0].nrWpisuWprow,no_change,37,37
CGI Information Systems and Management Consultants (Polska) Sp. z o.o.,0000078664,root.odpis.dane.dzial3.wzmiankiOZlozonychDokumentach.wzmiankaOZlozeniuRocznegoSprawozdaniaFinansowego[17].pozycja[0].zaOkresOdDo,no_change,OD 01.10.2017 DO 30.09.2018,OD 01.10.2017 DO 30.09.2018
CGI Information Systems and Management Consultants (Polska) Sp. z o.o.,0000078664,root.odpis.dane.dzial3.wzmiankiOZlozonychDokumentach.wzmiankaOZlozeniuRocznegoSprawozdaniaFinansowego[18].pozycja[0].dataZlozenia,no_change,25.08.2021,25.08.2021
CGI Information Systems and Management Consultants (Polska) Sp. z o.o.,0000078664,root.odpis.dane.dzial3.wzmiankiOZlozonychDokumentach.wzmiankaOZlozeniuRocznegoSprawozdaniaFinansowego[18].pozycja[0].nrWpisuWprow,no_change,41,41
CGI Information Systems and Management Consultants (Polska) Sp. z o.o.,0000078664,root.odpis.dane.dzial3.wzmiankiOZlozonychDokumentach.wzmiankaOZlozeniuRocznegoSprawozdaniaFinansowego[18].pozycja[0].zaOkresOdDo,no_change,OD 01.10.2018 DO 30.09.2019,OD 01.10.2018 DO 30.09.2019
CGI Information Systems and Management Consultants (Polska) Sp. z o.o.,0000078664,root.odpis.dane.dzial3.wzmiankiOZlozonychDokumentach.wzmiankaOZlozeniuRocznegoSprawozdaniaFinansowego[19].pozycja[0].dataZlozenia,no_change,25.11.2021,25.11.2021
CGI Information Systems and Management Consultants (Polska) Sp. z o.o.,0000078664,root.odpis.dane.dzial3.wzmiankiOZlozonychDokumentach.wzmiankaOZlozeniuRocznegoSprawozdaniaFinansowego[19].pozycja[0].nrWpisuWprow,no_change,46,46
CGI Information Systems and Management Consultants (Polska) Sp. z o.o.,0000078664,root.odpis.dane.dzial3.wzmiankiOZlozonychDokumentach.wzmiankaOZlozeniuRocznegoSprawozdaniaFinansowego[19].pozycja[0].zaOkresOdDo,no_change,OD 01.10.2019 DO 30.09.2020,OD 01.10.2019 DO 30.09.2020
CGI Information Systems and Management Consultants (Polska) Sp. z o.o.,0000078664,root.odpis.dane.dzial3.wzmiankiOZlozonychDokumentach.wzmiankaOZlozeniuRocznegoSprawozdaniaFinansowego[1].pozycja[0].dataZlozenia,no_change,25.09.2002,25.09.2002
CGI Information Systems and Management Consultants (Polska) Sp. z o.o.,0000078664,root.odpis.dane.dzial3.wzmiankiOZlozonychDokumentach.wzmiankaOZlozeniuRocznegoSprawozdaniaFinansowego[1].pozycja[0].nrWpisuWprow,no_change,4,4
CGI Information Systems and Management Consultants (Polska) Sp. z o.o.,0000078664,root.odpis.dane.dzial3.wzmiankiOZlozonychDokumentach.wzmiankaOZlozeniuRocznegoSprawozdaniaFinansowego[1].pozycja[0].zaOkresOdDo,no_change,OD 1 STYCZNIA 2001 DO 31 GRUDNIA 2001,OD 1 STYCZNIA 2001 DO 31 GRUDNIA 2001
CGI Information Systems and Management Consultants (Polska) Sp. z o.o.,0000078664,root.odpis.dane.dzial3.wzmiankiOZlozonychDokumentach.wzmiankaOZlozeniuRocznegoSprawozdaniaFinansowego[20].pozycja[0].dataZlozenia,no_change,19.08.2022,19.08.2022
CGI Information Systems and Management Consultants (Polska) Sp. z o.o.,0000078664,root.odpis.dane.dzial3.wzmiankiOZlozonychDokumentach.wzmiankaOZlozeniuRocznegoSprawozdaniaFinansowego[20].pozycja[0].nrWpisuWprow,no_change,50,50
CGI Information Systems and Management Consultants (Polska) Sp. z o.o.,0000078664,root.odpis.dane.dzial3.wzmiankiOZlozonychDokumentach.wzmiankaOZlozeniuRocznegoSprawozdaniaFinansowego[20].pozycja[0].zaOkresOdDo,no_change,OD 01.10.2020 DO 30.09.2021,OD 01.10.2020 DO 30.09.2021
CGI Information Systems and Management Consultants (Polska) Sp. z o.o.,0000078664,root.odpis.dane.dzial3.wzmiankiOZlozonychDokumentach.wzmiankaOZlozeniuRocznegoSprawozdaniaFinansowego[21].pozycja[0].dataZlozenia,no_change,21.03.2023,21.03.2023
CGI Information Systems and Management Consultants (Polska) Sp. z o.o.,0000078664,root.odpis.dane.dzial3.wzmiankiOZlozonychDokumentach.wzmiankaOZlozeniuRocznegoSprawozdaniaFinansowego[21].pozycja[0].nrWpisuWprow,no_change,54,54
CGI Information Systems and Management Consultants (Polska) Sp. z o.o.,0000078664,root.odpis.dane.dzial3.wzmiankiOZlozonychDokumentach.wzmiankaOZlozeniuRocznegoSprawozdaniaFinansowego[21].pozycja[0].zaOkresOdDo,no_change,OD 01.10.2021 DO 30.09.2022,OD 01.10.2021 DO 30.09.2022
CGI Information Systems and Management Consultants (Polska) Sp. z o.o.,0000078664,root.odpis.dane.dzial3.wzmiankiOZlozonychDokumentach.wzmiankaOZlozeniuRocznegoSprawozdaniaFinansowego[22].pozycja[0].dataZlozenia,no_change,23.05.2024,23.05.2024
CGI Information Systems and Management Consultants (Polska) Sp. z o.o.,0000078664,root.odpis.dane.dzial3.wzmiankiOZlozonychDokumentach.wzmiankaOZlozeniuRocznegoSprawozdaniaFinansowego[22].pozycja[0].nrWpisuWprow,no_change,61,61
CGI Information Systems and Management Consultants (Polska) Sp. z o.o.,0000078664,root.odpis.dane.dzial3.wzmiankiOZlozonychDokumentach.wzmiankaOZlozeniuRocznegoSprawozdaniaFinansowego[22].pozycja[0].zaOkresOdDo,no_change,OD 01.10.2022 DO 30.09.2023,OD 01.10.2022 DO 30.09.2023
CGI Information Systems and Management Consultants (Polska) Sp. z o.o.,0000078664,root.odpis.dane.dzial3.wzmiankiOZlozonychDokumentach.wzmiankaOZlozeniuRocznegoSprawozdaniaFinansowego[23].pozycja[0].dataZlozenia,no_change,17.04.2025,17.04.2025
CGI Information Systems and Management Consultants (Polska) Sp. z o.o.,0000078664,root.odpis.dane.dzial3.wzmiankiOZlozonychDokumentach.wzmiankaOZlozeniuRocznegoSprawozdaniaFinansowego[23].pozycja[0].nrWpisuWprow,no_change,65,65
CGI Information Systems and Management Consultants (Polska) Sp. z o.o.,0000078664,root.odpis.dane.dzial3.wzmiankiOZlozonychDokumentach.wzmiankaOZlozeniuRocznegoSprawozdaniaFinansowego[23].pozycja[0].zaOkresOdDo,no_change,OD 01.10.2023 DO 30.09.2024,OD 01.10.2023 DO 30.09.2024
CGI Information Systems and Management Consultants (Polska) Sp. z o.o.,0000078664,root.odpis.dane.dzial3.wzmiankiOZlozonychDokumentach.wzmiankaOZlozeniuRocznegoSprawozdaniaFinansowego[24].pozycja[0].dataZlozenia,no_change,17.04.2026,17.04.2026
CGI Information Systems and Management Consultants (Polska) Sp. z o.o.,0000078664,root.odpis.dane.dzial3.wzmiankiOZlozonychDokumentach.wzmiankaOZlozeniuRocznegoSprawozdaniaFinansowego[24].pozycja[0].nrWpisuWprow,no_change,72,72
CGI Information Systems and Management Consultants (Polska) Sp. z o.o.,0000078664,root.odpis.dane.dzial3.wzmiankiOZlozonychDokumentach.wzmiankaOZlozeniuRocznegoSprawozdaniaFinansowego[24].pozycja[0].zaOkresOdDo,no_change,OD 01.10.2024 DO 30.09.2025,OD 01.10.2024 DO 30.09.2025
CGI Information Systems and Management Consultants (Polska) Sp. z o.o.,0000078664,root.odpis.dane.dzial3.wzmiankiOZlozonychDokumentach.wzmiankaOZlozeniuRocznegoSprawozdaniaFinansowego[2].pozycja[0].dataZlozenia,no_change,20.11.2003,20.11.2003
CGI Information Systems and Management Consultants (Polska) Sp. z o.o.,0000078664,root.odpis.dane.dzial3.wzmiankiOZlozonychDokumentach.wzmiankaOZlozeniuRocznegoSprawozdaniaFinansowego[2].pozycja[0].nrWpisuWprow,no_change,6,6
CGI Information Systems and Management Consultants (Polska) Sp. z o.o.,0000078664,root.odpis.dane.dzial3.wzmiankiOZlozonychDokumentach.wzmiankaOZlozeniuRocznegoSprawozdaniaFinansowego[2].pozycja[0].zaOkresOdDo,no_change,1 STYCZEŃ 2002 - 31 GRUDZIEŃ 2002,1 STYCZEŃ 2002 - 31 GRUDZIEŃ 2002
CGI Information Systems and Management Consultants (Polska) Sp. z o.o.,0000078664,root.odpis.dane.dzial3.wzmiankiOZlozonychDokumentach.wzmiankaOZlozeniuRocznegoSprawozdaniaFinansowego[3].pozycja[0].dataZlozenia,no_change,16.05.2006,16.05.2006
CGI Information Systems and Management Consultants (Polska) Sp. z o.o.,0000078664,root.odpis.dane.dzial3.wzmiankiOZlozonychDokumentach.wzmiankaOZlozeniuRocznegoSprawozdaniaFinansowego[3].pozycja[0].nrWpisuWprow,no_change,11,11
CGI Information Systems and Management Consultants (Polska) Sp. z o.o.,0000078664,root.odpis.dane.dzial3.wzmiankiOZlozonychDokumentach.wzmiankaOZlozeniuRocznegoSprawozdaniaFinansowego[3].pozycja[0].zaOkresOdDo,no_change,1 STYCZNIA 2003 - 31 GRUDNIA 2003,1 STYCZNIA 2003 - 31 GRUDNIA 2003
CGI Information Systems and Management Consultants (Polska) Sp. z o.o.,0000078664,root.odpis.dane.dzial3.wzmiankiOZlozonychDokumentach.wzmiankaOZlozeniuRocznegoSprawozdaniaFinansowego[4].pozycja[0].dataZlozenia,no_change,08.02.2008,08.02.2008
CGI Information Systems and Management Consultants (Polska) Sp. z o.o.,0000078664,root.odpis.dane.dzial3.wzmiankiOZlozonychDokumentach.wzmiankaOZlozeniuRocznegoSprawozdaniaFinansowego[4].pozycja[0].nrWpisuWprow,no_change,12,12
CGI Information Systems and Management Consultants (Polska) Sp. z o.o.,0000078664,root.odpis.dane.dzial3.wzmiankiOZlozonychDokumentach.wzmiankaOZlozeniuRocznegoSprawozdaniaFinansowego[4].pozycja[0].zaOkresOdDo,no_change,1 STYCZNIA 2004 - 31 GRUDNIA 2004,1 STYCZNIA 2004 - 31 GRUDNIA 2004
CGI Information Systems and Management Consultants (Polska) Sp. z o.o.,0000078664,root.odpis.dane.dzial3.wzmiankiOZlozonychDokumentach.wzmiankaOZlozeniuRocznegoSprawozdaniaFinansowego[5].pozycja[0].dataZlozenia,no_change,28.07.2008,28.07.2008
CGI Information Systems and Management Consultants (Polska) Sp. z o.o.,0000078664,root.odpis.dane.dzial3.wzmiankiOZlozonychDokumentach.wzmiankaOZlozeniuRocznegoSprawozdaniaFinansowego[5].pozycja[0].nrWpisuWprow,no_change,13,13
CGI Information Systems and Management Consultants (Polska) Sp. z o.o.,0000078664,root.odpis.dane.dzial3.wzmiankiOZlozonychDokumentach.wzmiankaOZlozeniuRocznegoSprawozdaniaFinansowego[5].pozycja[0].zaOkresOdDo,no_change,01.01.2005 - 30.09.2006,01.01.2005 - 30.09.2006
CGI Information Systems and Management Consultants (Polska) Sp. z o.o.,0000078664,root.odpis.dane.dzial3.wzmiankiOZlozonychDokumentach.wzmiankaOZlozeniuRocznegoSprawozdaniaFinansowego[6].pozycja[0].dataZlozenia,no_change,18.01.2010,18.01.2010
CGI Information Systems and Management Consultants (Polska) Sp. z o.o.,0000078664,root.odpis.dane.dzial3.wzmiankiOZlozonychDokumentach.wzmiankaOZlozeniuRocznegoSprawozdaniaFinansowego[6].pozycja[0].nrWpisuWprow,no_change,14,14
CGI Information Systems and Management Consultants (Polska) Sp. z o.o.,0000078664,root.odpis.dane.dzial3.wzmiankiOZlozonychDokumentach.wzmiankaOZlozeniuRocznegoSprawozdaniaFinansowego[6].pozycja[0].zaOkresOdDo,no_change,01.10.2006 - 30.09.2007,01.10.2006 - 30.09.2007
CGI Information Systems and Management Consultants (Polska) Sp. z o.o.,0000078664,root.odpis.dane.dzial3.wzmiankiOZlozonychDokumentach.wzmiankaOZlozeniuRocznegoSprawozdaniaFinansowego[7].pozycja[0].dataZlozenia,no_change,28.06.2011,28.06.2011
CGI Information Systems and Management Consultants (Polska) Sp. z o.o.,0000078664,root.odpis.dane.dzial3.wzmiankiOZlozonychDokumentach.wzmiankaOZlozeniuRocznegoSprawozdaniaFinansowego[7].pozycja[0].nrWpisuWprow,no_change,15,15
CGI Information Systems and Management Consultants (Polska) Sp. z o.o.,0000078664,root.odpis.dane.dzial3.wzmiankiOZlozonychDokumentach.wzmiankaOZlozeniuRocznegoSprawozdaniaFinansowego[7].pozycja[0].zaOkresOdDo,no_change,01.10.2008 - 30.09.2009,01.10.2008 - 30.09.2009
CGI Information Systems and Management Consultants (Polska) Sp. z o.o.,0000078664,root.odpis.dane.dzial3.wzmiankiOZlozonychDokumentach.wzmiankaOZlozeniuRocznegoSprawozdaniaFinansowego[8].pozycja[0].dataZlozenia,no_change,07.09.2011,07.09.2011
CGI Information Systems and Management Consultants (Polska) Sp. z o.o.,0000078664,root.odpis.dane.dzial3.wzmiankiOZlozonychDokumentach.wzmiankaOZlozeniuRocznegoSprawozdaniaFinansowego[8].pozycja[0].nrWpisuWprow,no_change,16,16
CGI Information Systems and Management Consultants (Polska) Sp. z o.o.,0000078664,root.odpis.dane.dzial3.wzmiankiOZlozonychDokumentach.wzmiankaOZlozeniuRocznegoSprawozdaniaFinansowego[8].pozycja[0].zaOkresOdDo,no_change,01.10.2007 R. - 30.09.2008 R.,01.10.2007 R. - 30.09.2008 R.
CGI Information Systems and Management Consultants (Polska) Sp. z o.o.,0000078664,root.odpis.dane.dzial3.wzmiankiOZlozonychDokumentach.wzmiankaOZlozeniuRocznegoSprawozdaniaFinansowego[9].pozycja[0].dataZlozenia,no_change,11.04.2012,11.04.2012
CGI Information Systems and Management Consultants (Polska) Sp. z o.o.,0000078664,root.odpis.dane.dzial3.wzmiankiOZlozonychDokumentach.wzmiankaOZlozeniuRocznegoSprawozdaniaFinansowego[9].pozycja[0].nrWpisuWprow,no_change,17,17
CGI Information Systems and Management Consultants (Polska) Sp. z o.o.,0000078664,root.odpis.dane.dzial3.wzmiankiOZlozonychDokumentach.wzmiankaOZlozeniuRocznegoSprawozdaniaFinansowego[9].pozycja[0].zaOkresOdDo,no_change,01.10.2009 - 30.09.2010,01.10.2009 - 30.09.2010
CGI Information Systems and Management Consultants (Polska) Sp. z o.o.,0000078664,root.odpis.dane.dzial3.wzmiankiOZlozonychDokumentach.wzmiankaOZlozeniuSprawozdaniaZDzialalnosci[0].pozycja[0].nrWpisuWprow,no_change,3,3
CGI Information Systems and Management Consultants (Polska) Sp. z o.o.,0000078664,root.odpis.dane.dzial3.wzmiankiOZlozonychDokumentach.wzmiankaOZlozeniuSprawozdaniaZDzialalnosci[0].pozycja[0].zaOkresOdDo,no_change,1 STYCZNIA 2000 - 31 GRUDNIA 2000,1 STYCZNIA 2000 - 31 GRUDNIA 2000
CGI Information Systems and Management Consultants (Polska) Sp. z o.o.,0000078664,root.odpis.dane.dzial3.wzmiankiOZlozonychDokumentach.wzmiankaOZlozeniuSprawozdaniaZDzialalnosci[10].pozycja[0].nrWpisuWprow,no_change,18,18
CGI Information Systems and Management Consultants (Polska) Sp. z o.o.,0000078664,root.odpis.dane.dzial3.wzmiankiOZlozonychDokumentach.wzmiankaOZlozeniuSprawozdaniaZDzialalnosci[10].pozycja[0].zaOkresOdDo,no_change,01.10.2010 - 30.09.2011,01.10.2010 - 30.09.2011
CGI Information Systems and Management Consultants (Polska) Sp. z o.o.,0000078664,root.odpis.dane.dzial3.wzmiankiOZlozonychDokumentach.wzmiankaOZlozeniuSprawozdaniaZDzialalnosci[11].pozycja[0].nrWpisuWprow,no_change,19,19
CGI Information Systems and Management Consultants (Polska) Sp. z o.o.,0000078664,root.odpis.dane.dzial3.wzmiankiOZlozonychDokumentach.wzmiankaOZlozeniuSprawozdaniaZDzialalnosci[11].pozycja[0].zaOkresOdDo,no_change,OD 01.10.2011 DO 30.09.2012,OD 01.10.2011 DO 30.09.2012
CGI Information Systems and Management Consultants (Polska) Sp. z o.o.,0000078664,root.odpis.dane.dzial3.wzmiankiOZlozonychDokumentach.wzmiankaOZlozeniuSprawozdaniaZDzialalnosci[12].pozycja[0].nrWpisuWprow,no_change,20,20
CGI Information Systems and Management Consultants (Polska) Sp. z o.o.,0000078664,root.odpis.dane.dzial3.wzmiankiOZlozonychDokumentach.wzmiankaOZlozeniuSprawozdaniaZDzialalnosci[12].pozycja[0].zaOkresOdDo,no_change,OD 01.10.2012 DO 30.09.2013,OD 01.10.2012 DO 30.09.2013
CGI Information Systems and Management Consultants (Polska) Sp. z o.o.,0000078664,root.odpis.dane.dzial3.wzmiankiOZlozonychDokumentach.wzmiankaOZlozeniuSprawozdaniaZDzialalnosci[13].pozycja[0].nrWpisuWprow,no_change,21,21
CGI Information Systems and Management Consultants (Polska) Sp. z o.o.,0000078664,root.odpis.dane.dzial3.wzmiankiOZlozonychDokumentach.wzmiankaOZlozeniuSprawozdaniaZDzialalnosci[13].pozycja[0].zaOkresOdDo,no_change,OD 01.10.2013 DO 30.09.2014,OD 01.10.2013 DO 30.09.2014
CGI Information Systems and Management Consultants (Polska) Sp. z o.o.,0000078664,root.odpis.dane.dzial3.wzmiankiOZlozonychDokumentach.wzmiankaOZlozeniuSprawozdaniaZDzialalnosci[14].pozycja[0].nrWpisuWprow,no_change,26,26
CGI Information Systems and Management Consultants (Polska) Sp. z o.o.,0000078664,root.odpis.dane.dzial3.wzmiankiOZlozonychDokumentach.wzmiankaOZlozeniuSprawozdaniaZDzialalnosci[14].pozycja[0].zaOkresOdDo,no_change,OD 01.10.2014 DO 30.09.2015,OD 01.10.2014 DO 30.09.2015
CGI Information Systems and Management Consultants (Polska) Sp. z o.o.,0000078664,root.odpis.dane.dzial3.wzmiankiOZlozonychDokumentach.wzmiankaOZlozeniuSprawozdaniaZDzialalnosci[15].pozycja[0].nrWpisuWprow,no_change,28,28
CGI Information Systems and Management Consultants (Polska) Sp. z o.o.,0000078664,root.odpis.dane.dzial3.wzmiankiOZlozonychDokumentach.wzmiankaOZlozeniuSprawozdaniaZDzialalnosci[15].pozycja[0].zaOkresOdDo,no_change,OD 01.10.2015 DO 01.10.2016,OD 01.10.2015 DO 01.10.2016
CGI Information Systems and Management Consultants (Polska) Sp. z o.o.,0000078664,root.odpis.dane.dzial3.wzmiankiOZlozonychDokumentach.wzmiankaOZlozeniuSprawozdaniaZDzialalnosci[16].pozycja[0].nrWpisuWprow,no_change,35,35
CGI Information Systems and Management Consultants (Polska) Sp. z o.o.,0000078664,root.odpis.dane.dzial3.wzmiankiOZlozonychDokumentach.wzmiankaOZlozeniuSprawozdaniaZDzialalnosci[16].pozycja[0].zaOkresOdDo,no_change,OD 01.10.2016 DO 30.09.2017,OD 01.10.2016 DO 30.09.2017
CGI Information Systems and Management Consultants (Polska) Sp. z o.o.,0000078664,root.odpis.dane.dzial3.wzmiankiOZlozonychDokumentach.wzmiankaOZlozeniuSprawozdaniaZDzialalnosci[17].pozycja[0].nrWpisuWprow,no_change,40,40
CGI Information Systems and Management Consultants (Polska) Sp. z o.o.,0000078664,root.odpis.dane.dzial3.wzmiankiOZlozonychDokumentach.wzmiankaOZlozeniuSprawozdaniaZDzialalnosci[17].pozycja[0].zaOkresOdDo,no_change,OD 01.10.2017 DO 30.09.2018,OD 01.10.2017 DO 30.09.2018
CGI Information Systems and Management Consultants (Polska) Sp. z o.o.,0000078664,root.odpis.dane.dzial3.wzmiankiOZlozonychDokumentach.wzmiankaOZlozeniuSprawozdaniaZDzialalnosci[18].pozycja[0].nrWpisuWprow,no_change,44,44
CGI Information Systems and Management Consultants (Polska) Sp. z o.o.,0000078664,root.odpis.dane.dzial3.wzmiankiOZlozonychDokumentach.wzmiankaOZlozeniuSprawozdaniaZDzialalnosci[18].pozycja[0].zaOkresOdDo,no_change,OD 01.10.2018 DO 30.09.2019,OD 01.10.2018 DO 30.09.2019
CGI Information Systems and Management Consultants (Polska) Sp. z o.o.,0000078664,root.odpis.dane.dzial3.wzmiankiOZlozonychDokumentach.wzmiankaOZlozeniuSprawozdaniaZDzialalnosci[19].pozycja[0].nrWpisuWprow,no_change,48,48
CGI Information Systems and Management Consultants (Polska) Sp. z o.o.,0000078664,root.odpis.dane.dzial3.wzmiankiOZlozonychDokumentach.wzmiankaOZlozeniuSprawozdaniaZDzialalnosci[19].pozycja[0].zaOkresOdDo,no_change,OD 01.10.2019 DO 30.09.2020,OD 01.10.2019 DO 30.09.2020
CGI Information Systems and Management Consultants (Polska) Sp. z o.o.,0000078664,root.odpis.dane.dzial3.wzmiankiOZlozonychDokumentach.wzmiankaOZlozeniuSprawozdaniaZDzialalnosci[1].pozycja[0].nrWpisuWprow,no_change,4,4
CGI Information Systems and Management Consultants (Polska) Sp. z o.o.,0000078664,root.odpis.dane.dzial3.wzmiankiOZlozonychDokumentach.wzmiankaOZlozeniuSprawozdaniaZDzialalnosci[1].pozycja[0].zaOkresOdDo,no_change,OD 1 STYCZNIA 2001 DO 31 GRUDNIA 2001,OD 1 STYCZNIA 2001 DO 31 GRUDNIA 2001
CGI Information Systems and Management Consultants (Polska) Sp. z o.o.,0000078664,root.odpis.dane.dzial3.wzmiankiOZlozonychDokumentach.wzmiankaOZlozeniuSprawozdaniaZDzialalnosci[20].pozycja[0].nrWpisuWprow,no_change,53,53
CGI Information Systems and Management Consultants (Polska) Sp. z o.o.,0000078664,root.odpis.dane.dzial3.wzmiankiOZlozonychDokumentach.wzmiankaOZlozeniuSprawozdaniaZDzialalnosci[20].pozycja[0].zaOkresOdDo,no_change,OD 01.10.2020 DO 30.09.2021,OD 01.10.2020 DO 30.09.2021
CGI Information Systems and Management Consultants (Polska) Sp. z o.o.,0000078664,root.odpis.dane.dzial3.wzmiankiOZlozonychDokumentach.wzmiankaOZlozeniuSprawozdaniaZDzialalnosci[21].pozycja[0].nrWpisuWprow,no_change,57,57
CGI Information Systems and Management Consultants (Polska) Sp. z o.o.,0000078664,root.odpis.dane.dzial3.wzmiankiOZlozonychDokumentach.wzmiankaOZlozeniuSprawozdaniaZDzialalnosci[21].pozycja[0].zaOkresOdDo,no_change,OD 01.10.2021 DO 30.09.2022,OD 01.10.2021 DO 30.09.2022
CGI Information Systems and Management Consultants (Polska) Sp. z o.o.,0000078664,root.odpis.dane.dzial3.wzmiankiOZlozonychDokumentach.wzmiankaOZlozeniuSprawozdaniaZDzialalnosci[22].pozycja[0].nrWpisuWprow,no_change,64,64
CGI Information Systems and Management Consultants (Polska) Sp. z o.o.,0000078664,root.odpis.dane.dzial3.wzmiankiOZlozonychDokumentach.wzmiankaOZlozeniuSprawozdaniaZDzialalnosci[22].pozycja[0].zaOkresOdDo,no_change,OD 01.10.2022 DO 30.09.2023,OD 01.10.2022 DO 30.09.2023
CGI Information Systems and Management Consultants (Polska) Sp. z o.o.,0000078664,root.odpis.dane.dzial3.wzmiankiOZlozonychDokumentach.wzmiankaOZlozeniuSprawozdaniaZDzialalnosci[23].pozycja[0].nrWpisuWprow,no_change,68,68
CGI Information Systems and Management Consultants (Polska) Sp. z o.o.,0000078664,root.odpis.dane.dzial3.wzmiankiOZlozonychDokumentach.wzmiankaOZlozeniuSprawozdaniaZDzialalnosci[23].pozycja[0].zaOkresOdDo,no_change,OD 01.10.2023 DO 30.09.2024,OD 01.10.2023 DO 30.09.2024
CGI Information Systems and Management Consultants (Polska) Sp. z o.o.,0000078664,root.odpis.dane.dzial3.wzmiankiOZlozonychDokumentach.wzmiankaOZlozeniuSprawozdaniaZDzialalnosci[24].pozycja[0].nrWpisuWprow,no_change,75,75
CGI Information Systems and Management Consultants (Polska) Sp. z o.o.,0000078664,root.odpis.dane.dzial3.wzmiankiOZlozonychDokumentach.wzmiankaOZlozeniuSprawozdaniaZDzialalnosci[24].pozycja[0].zaOkresOdDo,no_change,OD 01.10.2024 DO 30.09.2025,OD 01.10.2024 DO 30.09.2025
CGI Information Systems and Management Consultants (Polska) Sp. z o.o.,0000078664,root.odpis.dane.dzial3.wzmiankiOZlozonychDokumentach.wzmiankaOZlozeniuSprawozdaniaZDzialalnosci[2].pozycja[0].nrWpisuWprow,no_change,6,6
CGI Information Systems and Management Consultants (Polska) Sp. z o.o.,0000078664,root.odpis.dane.dzial3.wzmiankiOZlozonychDokumentach.wzmiankaOZlozeniuSprawozdaniaZDzialalnosci[2].pozycja[0].zaOkresOdDo,no_change,1 STYCZEŃ 2002 - 31 GRUDZIEŃ 2002,1 STYCZEŃ 2002 - 31 GRUDZIEŃ 2002
CGI Information Systems and Management Consultants (Polska) Sp. z o.o.,0000078664,root.odpis.dane.dzial3.wzmiankiOZlozonychDokumentach.wzmiankaOZlozeniuSprawozdaniaZDzialalnosci[3].pozycja[0].nrWpisuWprow,no_change,11,11
CGI Information Systems and Management Consultants (Polska) Sp. z o.o.,0000078664,root.odpis.dane.dzial3.wzmiankiOZlozonychDokumentach.wzmiankaOZlozeniuSprawozdaniaZDzialalnosci[3].pozycja[0].zaOkresOdDo,no_change,1 STYCZNIA 2003 - 31 GRUDNIA 2003,1 STYCZNIA 2003 - 31 GRUDNIA 2003
CGI Information Systems and Management Consultants (Polska) Sp. z o.o.,0000078664,root.odpis.dane.dzial3.wzmiankiOZlozonychDokumentach.wzmiankaOZlozeniuSprawozdaniaZDzialalnosci[4].pozycja[0].nrWpisuWprow,no_change,12,12
CGI Information Systems and Management Consultants (Polska) Sp. z o.o.,0000078664,root.odpis.dane.dzial3.wzmiankiOZlozonychDokumentach.wzmiankaOZlozeniuSprawozdaniaZDzialalnosci[4].pozycja[0].zaOkresOdDo,no_change,1 STYCZNIA 2004 - 31 GRUDNIA 2004,1 STYCZNIA 2004 - 31 GRUDNIA 2004
CGI Information Systems and Management Consultants (Polska) Sp. z o.o.,0000078664,root.odpis.dane.dzial3.wzmiankiOZlozonychDokumentach.wzmiankaOZlozeniuSprawozdaniaZDzialalnosci[5].pozycja[0].nrWpisuWprow,no_change,13,13
CGI Information Systems and Management Consultants (Polska) Sp. z o.o.,0000078664,root.odpis.dane.dzial3.wzmiankiOZlozonychDokumentach.wzmiankaOZlozeniuSprawozdaniaZDzialalnosci[5].pozycja[0].zaOkresOdDo,no_change,01.01.2005 - 30.09.2006,01.01.2005 - 30.09.2006
CGI Information Systems and Management Consultants (Polska) Sp. z o.o.,0000078664,root.odpis.dane.dzial3.wzmiankiOZlozonychDokumentach.wzmiankaOZlozeniuSprawozdaniaZDzialalnosci[6].pozycja[0].nrWpisuWprow,no_change,14,14
CGI Information Systems and Management Consultants (Polska) Sp. z o.o.,0000078664,root.odpis.dane.dzial3.wzmiankiOZlozonychDokumentach.wzmiankaOZlozeniuSprawozdaniaZDzialalnosci[6].pozycja[0].zaOkresOdDo,no_change,01.10.2006 - 30.09.2007,01.10.2006 - 30.09.2007
CGI Information Systems and Management Consultants (Polska) Sp. z o.o.,0000078664,root.odpis.dane.dzial3.wzmiankiOZlozonychDokumentach.wzmiankaOZlozeniuSprawozdaniaZDzialalnosci[7].pozycja[0].nrWpisuWprow,no_change,15,15
CGI Information Systems and Management Consultants (Polska) Sp. z o.o.,0000078664,root.odpis.dane.dzial3.wzmiankiOZlozonychDokumentach.wzmiankaOZlozeniuSprawozdaniaZDzialalnosci[7].pozycja[0].zaOkresOdDo,no_change,01.10.2008 - 30.09.2009,01.10.2008 - 30.09.2009
CGI Information Systems and Management Consultants (Polska) Sp. z o.o.,0000078664,root.odpis.dane.dzial3.wzmiankiOZlozonychDokumentach.wzmiankaOZlozeniuSprawozdaniaZDzialalnosci[8].pozycja[0].nrWpisuWprow,no_change,16,16
CGI Information Systems and Management Consultants (Polska) Sp. z o.o.,0000078664,root.odpis.dane.dzial3.wzmiankiOZlozonychDokumentach.wzmiankaOZlozeniuSprawozdaniaZDzialalnosci[8].pozycja[0].zaOkresOdDo,no_change,01.10.2007 R. - 30.09.2008 R.,01.10.2007 R. - 30.09.2008 R.
CGI Information Systems and Management Consultants (Polska) Sp. z o.o.,0000078664,root.odpis.dane.dzial3.wzmiankiOZlozonychDokumentach.wzmiankaOZlozeniuSprawozdaniaZDzialalnosci[9].pozycja[0].nrWpisuWprow,no_change,17,17
CGI Information Systems and Management Consultants (Polska) Sp. z o.o.,0000078664,root.odpis.dane.dzial3.wzmiankiOZlozonychDokumentach.wzmiankaOZlozeniuSprawozdaniaZDzialalnosci[9].pozycja[0].zaOkresOdDo,no_change,01.10.2009 - 30.09.2010,01.10.2009 - 30.09.2010
CGI Information Systems and Management Consultants (Polska) Sp. z o.o.,0000078664,root.odpis.dane.dzial3.wzmiankiOZlozonychDokumentach.wzmiankaOZlozeniuUchwalyPostanowieniaOZatwierdzeniuRocznegoSprawozdaniaFinansowego[0].pozycja[0].nrWpisuWprow,no_change,3,3
CGI Information Systems and Management Consultants (Polska) Sp. z o.o.,0000078664,root.odpis.dane.dzial3.wzmiankiOZlozonychDokumentach.wzmiankaOZlozeniuUchwalyPostanowieniaOZatwierdzeniuRocznegoSprawozdaniaFinansowego[0].pozycja[0].zaOkresOdDo,no_change,1 STYCZNIA 2000 - 31 GRUDNIA 2000,1 STYCZNIA 2000 - 31 GRUDNIA 2000
CGI Information Systems and Management Consultants (Polska) Sp. z o.o.,0000078664,root.odpis.dane.dzial3.wzmiankiOZlozonychDokumentach.wzmiankaOZlozeniuUchwalyPostanowieniaOZatwierdzeniuRocznegoSprawozdaniaFinansowego[10].pozycja[0].nrWpisuWprow,no_change,18,18
CGI Information Systems and Management Consultants (Polska) Sp. z o.o.,0000078664,root.odpis.dane.dzial3.wzmiankiOZlozonychDokumentach.wzmiankaOZlozeniuUchwalyPostanowieniaOZatwierdzeniuRocznegoSprawozdaniaFinansowego[10].pozycja[0].zaOkresOdDo,no_change,01.10.2010 - 30.09.2011,01.10.2010 - 30.09.2011
CGI Information Systems and Management Consultants (Polska) Sp. z o.o.,0000078664,root.odpis.dane.dzial3.wzmiankiOZlozonychDokumentach.wzmiankaOZlozeniuUchwalyPostanowieniaOZatwierdzeniuRocznegoSprawozdaniaFinansowego[11].pozycja[0].nrWpisuWprow,no_change,19,19
CGI Information Systems and Management Consultants (Polska) Sp. z o.o.,0000078664,root.odpis.dane.dzial3.wzmiankiOZlozonychDokumentach.wzmiankaOZlozeniuUchwalyPostanowieniaOZatwierdzeniuRocznegoSprawozdaniaFinansowego[11].pozycja[0].zaOkresOdDo,no_change,OD 01.10.2011 DO 30.09.2012,OD 01.10.2011 DO 30.09.2012
CGI Information Systems and Management Consultants (Polska) Sp. z o.o.,0000078664,root.odpis.dane.dzial3.wzmiankiOZlozonychDokumentach.wzmiankaOZlozeniuUchwalyPostanowieniaOZatwierdzeniuRocznegoSprawozdaniaFinansowego[12].pozycja[0].nrWpisuWprow,no_change,20,20
CGI Information Systems and Management Consultants (Polska) Sp. z o.o.,0000078664,root.odpis.dane.dzial3.wzmiankiOZlozonychDokumentach.wzmiankaOZlozeniuUchwalyPostanowieniaOZatwierdzeniuRocznegoSprawozdaniaFinansowego[12].pozycja[0].zaOkresOdDo,no_change,OD 01.10.2012 DO 30.09.2013,OD 01.10.2012 DO 30.09.2013
CGI Information Systems and Management Consultants (Polska) Sp. z o.o.,0000078664,root.odpis.dane.dzial3.wzmiankiOZlozonychDokumentach.wzmiankaOZlozeniuUchwalyPostanowieniaOZatwierdzeniuRocznegoSprawozdaniaFinansowego[13].pozycja[0].nrWpisuWprow,no_change,21,21
CGI Information Systems and Management Consultants (Polska) Sp. z o.o.,0000078664,root.odpis.dane.dzial3.wzmiankiOZlozonychDokumentach.wzmiankaOZlozeniuUchwalyPostanowieniaOZatwierdzeniuRocznegoSprawozdaniaFinansowego[13].pozycja[0].zaOkresOdDo,no_change,OD 01.10.2013 DO 30.09.2014,OD 01.10.2013 DO 30.09.2014
CGI Information Systems and Management Consultants (Polska) Sp. z o.o.,0000078664,root.odpis.dane.dzial3.wzmiankiOZlozonychDokumentach.wzmiankaOZlozeniuUchwalyPostanowieniaOZatwierdzeniuRocznegoSprawozdaniaFinansowego[14].pozycja[0].nrWpisuWprow,no_change,26,26
CGI Information Systems and Management Consultants (Polska) Sp. z o.o.,0000078664,root.odpis.dane.dzial3.wzmiankiOZlozonychDokumentach.wzmiankaOZlozeniuUchwalyPostanowieniaOZatwierdzeniuRocznegoSprawozdaniaFinansowego[14].pozycja[0].zaOkresOdDo,no_change,OD 01.10.2014 DO 30.09.2015,OD 01.10.2014 DO 30.09.2015
CGI Information Systems and Management Consultants (Polska) Sp. z o.o.,0000078664,root.odpis.dane.dzial3.wzmiankiOZlozonychDokumentach.wzmiankaOZlozeniuUchwalyPostanowieniaOZatwierdzeniuRocznegoSprawozdaniaFinansowego[15].pozycja[0].nrWpisuWprow,no_change,28,28
CGI Information Systems and Management Consultants (Polska) Sp. z o.o.,0000078664,root.odpis.dane.dzial3.wzmiankiOZlozonychDokumentach.wzmiankaOZlozeniuUchwalyPostanowieniaOZatwierdzeniuRocznegoSprawozdaniaFinansowego[15].pozycja[0].zaOkresOdDo,no_change,OD 01.10.2015 DO 01.10.2016,OD 01.10.2015 DO 01.10.2016
CGI Information Systems and Management Consultants (Polska) Sp. z o.o.,0000078664,root.odpis.dane.dzial3.wzmiankiOZlozonychDokumentach.wzmiankaOZlozeniuUchwalyPostanowieniaOZatwierdzeniuRocznegoSprawozdaniaFinansowego[16].pozycja[0].nrWpisuWprow,no_change,34,34
CGI Information Systems and Management Consultants (Polska) Sp. z o.o.,0000078664,root.odpis.dane.dzial3.wzmiankiOZlozonychDokumentach.wzmiankaOZlozeniuUchwalyPostanowieniaOZatwierdzeniuRocznegoSprawozdaniaFinansowego[16].pozycja[0].zaOkresOdDo,no_change,OD 01.10.2016 DO 30.09.2017,OD 01.10.2016 DO 30.09.2017
CGI Information Systems and Management Consultants (Polska) Sp. z o.o.,0000078664,root.odpis.dane.dzial3.wzmiankiOZlozonychDokumentach.wzmiankaOZlozeniuUchwalyPostanowieniaOZatwierdzeniuRocznegoSprawozdaniaFinansowego[17].pozycja[0].nrWpisuWprow,no_change,39,39
CGI Information Systems and Management Consultants (Polska) Sp. z o.o.,0000078664,root.odpis.dane.dzial3.wzmiankiOZlozonychDokumentach.wzmiankaOZlozeniuUchwalyPostanowieniaOZatwierdzeniuRocznegoSprawozdaniaFinansowego[17].pozycja[0].zaOkresOdDo,no_change,OD 01.10.2017 DO 30.09.2018,OD 01.10.2017 DO 30.09.2018
CGI Information Systems and Management Consultants (Polska) Sp. z o.o.,0000078664,root.odpis.dane.dzial3.wzmiankiOZlozonychDokumentach.wzmiankaOZlozeniuUchwalyPostanowieniaOZatwierdzeniuRocznegoSprawozdaniaFinansowego[18].pozycja[0].nrWpisuWprow,no_change,43,43
CGI Information Systems and Management Consultants (Polska) Sp. z o.o.,0000078664,root.odpis.dane.dzial3.wzmiankiOZlozonychDokumentach.wzmiankaOZlozeniuUchwalyPostanowieniaOZatwierdzeniuRocznegoSprawozdaniaFinansowego[18].pozycja[0].zaOkresOdDo,no_change,OD 01.10.2018 DO 30.09.2019,OD 01.10.2018 DO 30.09.2019
CGI Information Systems and Management Consultants (Polska) Sp. z o.o.,0000078664,root.odpis.dane.dzial3.wzmiankiOZlozonychDokumentach.wzmiankaOZlozeniuUchwalyPostanowieniaOZatwierdzeniuRocznegoSprawozdaniaFinansowego[19].pozycja[0].nrWpisuWprow,no_change,52,52
CGI Information Systems and Management Consultants (Polska) Sp. z o.o.,0000078664,root.odpis.dane.dzial3.wzmiankiOZlozonychDokumentach.wzmiankaOZlozeniuUchwalyPostanowieniaOZatwierdzeniuRocznegoSprawozdaniaFinansowego[19].pozycja[0].zaOkresOdDo,no_change,OD 01.10.2020 DO 30.09.2021,OD 01.10.2020 DO 30.09.2021
CGI Information Systems and Management Consultants (Polska) Sp. z o.o.,0000078664,root.odpis.dane.dzial3.wzmiankiOZlozonychDokumentach.wzmiankaOZlozeniuUchwalyPostanowieniaOZatwierdzeniuRocznegoSprawozdaniaFinansowego[1].pozycja[0].nrWpisuWprow,no_change,4,4
CGI Information Systems and Management Consultants (Polska) Sp. z o.o.,0000078664,root.odpis.dane.dzial3.wzmiankiOZlozonychDokumentach.wzmiankaOZlozeniuUchwalyPostanowieniaOZatwierdzeniuRocznegoSprawozdaniaFinansowego[1].pozycja[0].zaOkresOdDo,no_change,OD 1 STYCZNIA 2001 DO 31 GRUDNIA 2001,OD 1 STYCZNIA 2001 DO 31 GRUDNIA 2001
CGI Information Systems and Management Consultants (Polska) Sp. z o.o.,0000078664,root.odpis.dane.dzial3.wzmiankiOZlozonychDokumentach.wzmiankaOZlozeniuUchwalyPostanowieniaOZatwierdzeniuRocznegoSprawozdaniaFinansowego[20].pozycja[0].nrWpisuWprow,no_change,56,56
CGI Information Systems and Management Consultants (Polska) Sp. z o.o.,0000078664,root.odpis.dane.dzial3.wzmiankiOZlozonychDokumentach.wzmiankaOZlozeniuUchwalyPostanowieniaOZatwierdzeniuRocznegoSprawozdaniaFinansowego[20].pozycja[0].zaOkresOdDo,no_change,OD 01.10.2021 DO 30.09.2022,OD 01.10.2021 DO 30.09.2022
CGI Information Systems and Management Consultants (Polska) Sp. z o.o.,0000078664,root.odpis.dane.dzial3.wzmiankiOZlozonychDokumentach.wzmiankaOZlozeniuUchwalyPostanowieniaOZatwierdzeniuRocznegoSprawozdaniaFinansowego[21].pozycja[0].nrWpisuWprow,no_change,63,63
CGI Information Systems and Management Consultants (Polska) Sp. z o.o.,0000078664,root.odpis.dane.dzial3.wzmiankiOZlozonychDokumentach.wzmiankaOZlozeniuUchwalyPostanowieniaOZatwierdzeniuRocznegoSprawozdaniaFinansowego[21].pozycja[0].zaOkresOdDo,no_change,OD 01.10.2022 DO 30.09.2023,OD 01.10.2022 DO 30.09.2023
CGI Information Systems and Management Consultants (Polska) Sp. z o.o.,0000078664,root.odpis.dane.dzial3.wzmiankiOZlozonychDokumentach.wzmiankaOZlozeniuUchwalyPostanowieniaOZatwierdzeniuRocznegoSprawozdaniaFinansowego[22].pozycja[0].nrWpisuWprow,no_change,67,67
CGI Information Systems and Management Consultants (Polska) Sp. z o.o.,0000078664,root.odpis.dane.dzial3.wzmiankiOZlozonychDokumentach.wzmiankaOZlozeniuUchwalyPostanowieniaOZatwierdzeniuRocznegoSprawozdaniaFinansowego[22].pozycja[0].zaOkresOdDo,no_change,OD 01.10.2023 DO 30.09.2024,OD 01.10.2023 DO 30.09.2024
CGI Information Systems and Management Consultants (Polska) Sp. z o.o.,0000078664,root.odpis.dane.dzial3.wzmiankiOZlozonychDokumentach.wzmiankaOZlozeniuUchwalyPostanowieniaOZatwierdzeniuRocznegoSprawozdaniaFinansowego[23].pozycja[0].nrWpisuWprow,no_change,74,74
CGI Information Systems and Management Consultants (Polska) Sp. z o.o.,0000078664,root.odpis.dane.dzial3.wzmiankiOZlozonychDokumentach.wzmiankaOZlozeniuUchwalyPostanowieniaOZatwierdzeniuRocznegoSprawozdaniaFinansowego[23].pozycja[0].zaOkresOdDo,no_change,OD 01.10.2024 DO 30.09.2025,OD 01.10.2024 DO 30.09.2025
CGI Information Systems and Management Consultants (Polska) Sp. z o.o.,0000078664,root.odpis.dane.dzial3.wzmiankiOZlozonychDokumentach.wzmiankaOZlozeniuUchwalyPostanowieniaOZatwierdzeniuRocznegoSprawozdaniaFinansowego[2].pozycja[0].nrWpisuWprow,no_change,6,6
CGI Information Systems and Management Consultants (Polska) Sp. z o.o.,0000078664,root.odpis.dane.dzial3.wzmiankiOZlozonychDokumentach.wzmiankaOZlozeniuUchwalyPostanowieniaOZatwierdzeniuRocznegoSprawozdaniaFinansowego[2].pozycja[0].zaOkresOdDo,no_change,1 STYCZEŃ 2002 - 31 GRUDZIEŃ 2002,1 STYCZEŃ 2002 - 31 GRUDZIEŃ 2002
CGI Information Systems and Management Consultants (Polska) Sp. z o.o.,0000078664,root.odpis.dane.dzial3.wzmiankiOZlozonychDokumentach.wzmiankaOZlozeniuUchwalyPostanowieniaOZatwierdzeniuRocznegoSprawozdaniaFinansowego[3].pozycja[0].nrWpisuWprow,no_change,11,11
CGI Information Systems and Management Consultants (Polska) Sp. z o.o.,0000078664,root.odpis.dane.dzial3.wzmiankiOZlozonychDokumentach.wzmiankaOZlozeniuUchwalyPostanowieniaOZatwierdzeniuRocznegoSprawozdaniaFinansowego[3].pozycja[0].zaOkresOdDo,no_change,1 STYCZNIA 2003 - 31 GRUDNIA 2003,1 STYCZNIA 2003 - 31 GRUDNIA 2003
CGI Information Systems and Management Consultants (Polska) Sp. z o.o.,0000078664,root.odpis.dane.dzial3.wzmiankiOZlozonychDokumentach.wzmiankaOZlozeniuUchwalyPostanowieniaOZatwierdzeniuRocznegoSprawozdaniaFinansowego[4].pozycja[0].nrWpisuWprow,no_change,12,12
CGI Information Systems and Management Consultants (Polska) Sp. z o.o.,0000078664,root.odpis.dane.dzial3.wzmiankiOZlozonychDokumentach.wzmiankaOZlozeniuUchwalyPostanowieniaOZatwierdzeniuRocznegoSprawozdaniaFinansowego[4].pozycja[0].zaOkresOdDo,no_change,1 STYCZNIA 2004 - 31 GRUDNIA 2004,1 STYCZNIA 2004 - 31 GRUDNIA 2004
CGI Information Systems and Management Consultants (Polska) Sp. z o.o.,0000078664,root.odpis.dane.dzial3.wzmiankiOZlozonychDokumentach.wzmiankaOZlozeniuUchwalyPostanowieniaOZatwierdzeniuRocznegoSprawozdaniaFinansowego[5].pozycja[0].nrWpisuWprow,no_change,13,13
CGI Information Systems and Management Consultants (Polska) Sp. z o.o.,0000078664,root.odpis.dane.dzial3.wzmiankiOZlozonychDokumentach.wzmiankaOZlozeniuUchwalyPostanowieniaOZatwierdzeniuRocznegoSprawozdaniaFinansowego[5].pozycja[0].zaOkresOdDo,no_change,01.01.2005 - 30.09.2006,01.01.2005 - 30.09.2006
CGI Information Systems and Management Consultants (Polska) Sp. z o.o.,0000078664,root.odpis.dane.dzial3.wzmiankiOZlozonychDokumentach.wzmiankaOZlozeniuUchwalyPostanowieniaOZatwierdzeniuRocznegoSprawozdaniaFinansowego[6].pozycja[0].nrWpisuWprow,no_change,14,14
CGI Information Systems and Management Consultants (Polska) Sp. z o.o.,0000078664,root.odpis.dane.dzial3.wzmiankiOZlozonychDokumentach.wzmiankaOZlozeniuUchwalyPostanowieniaOZatwierdzeniuRocznegoSprawozdaniaFinansowego[6].pozycja[0].zaOkresOdDo,no_change,01.10.2006 - 30.09.2007,01.10.2006 - 30.09.2007
CGI Information Systems and Management Consultants (Polska) Sp. z o.o.,0000078664,root.odpis.dane.dzial3.wzmiankiOZlozonychDokumentach.wzmiankaOZlozeniuUchwalyPostanowieniaOZatwierdzeniuRocznegoSprawozdaniaFinansowego[7].pozycja[0].nrWpisuWprow,no_change,15,15
CGI Information Systems and Management Consultants (Polska) Sp. z o.o.,0000078664,root.odpis.dane.dzial3.wzmiankiOZlozonychDokumentach.wzmiankaOZlozeniuUchwalyPostanowieniaOZatwierdzeniuRocznegoSprawozdaniaFinansowego[7].pozycja[0].zaOkresOdDo,no_change,01.10.2008 - 30.09.2009,01.10.2008 - 30.09.2009
CGI Information Systems and Management Consultants (Polska) Sp. z o.o.,0000078664,root.odpis.dane.dzial3.wzmiankiOZlozonychDokumentach.wzmiankaOZlozeniuUchwalyPostanowieniaOZatwierdzeniuRocznegoSprawozdaniaFinansowego[8].pozycja[0].nrWpisuWprow,no_change,16,16
CGI Information Systems and Management Consultants (Polska) Sp. z o.o.,0000078664,root.odpis.dane.dzial3.wzmiankiOZlozonychDokumentach.wzmiankaOZlozeniuUchwalyPostanowieniaOZatwierdzeniuRocznegoSprawozdaniaFinansowego[8].pozycja[0].zaOkresOdDo,no_change,01.10.2007 R. - 30.09.2008 R.,01.10.2007 R. - 30.09.2008 R.
CGI Information Systems and Management Consultants (Polska) Sp. z o.o.,0000078664,root.odpis.dane.dzial3.wzmiankiOZlozonychDokumentach.wzmiankaOZlozeniuUchwalyPostanowieniaOZatwierdzeniuRocznegoSprawozdaniaFinansowego[9].pozycja[0].nrWpisuWprow,no_change,17,17
CGI Information Systems and Management Consultants (Polska) Sp. z o.o.,0000078664,root.odpis.dane.dzial3.wzmiankiOZlozonychDokumentach.wzmiankaOZlozeniuUchwalyPostanowieniaOZatwierdzeniuRocznegoSprawozdaniaFinansowego[9].pozycja[0].zaOkresOdDo,no_change,01.10.2009 - 30.09.2010,01.10.2009 - 30.09.2010
CGI Information Systems and Management Consultants (Polska) Sp. z o.o.,0000078664,root.odpis.dane.dzial6.polaczeniePodzialPrzeksztalcenie[0].okreslenieOkolicznosci[0].nrWpisuWprow,no_change,25,25
CGI Information Systems and Management Consultants (Polska) Sp. z o.o.,0000078664,root.odpis.dane.dzial6.polaczeniePodzialPrzeksztalcenie[0].okreslenieOkolicznosci[0].okreslenieOkolicznosci,no_change,PRZEJĘCIE INNEJ SPÓŁKI,PRZEJĘCIE INNEJ SPÓŁKI
CGI Information Systems and Management Consultants (Polska) Sp. z o.o.,0000078664,root.odpis.dane.dzial6.polaczeniePodzialPrzeksztalcenie[0].opisPolaczeniaPodzialuPrzeksztalcenia[0].nrWpisuWprow,no_change,25,25
CGI Information Systems and Management Consultants (Polska) Sp. z o.o.,0000078664,root.odpis.dane.dzial6.polaczeniePodzialPrzeksztalcenie[0].opisPolaczeniaPodzialuPrzeksztalcenia[0].opisPolaczeniaPodzialuPrzeksztalcenia,no_change,"POŁĄCZENIE POPRZEZ PRZEJĘCIE W TRYBIE ART. 492 § 1 PKT 1 KSH INNEJ SPÓŁKI, TJ. LOGICACMG SPÓŁKA Z OGRANICZONĄ ODPOWIEDZIALNOŚCIĄ Z SIEDZIBĄ W WARSZAWIE (ADRES: UL. HRUBIESZOWSKA 2, 01-209 WARSZAWA) - REGON 017271036, NIP 5252210159 - WPISANEJ DO REJESTRU PRZEDSIĘBIORCÓW KRAJOWEGO REJESTRU SĄDOWEGO PROWADZONEGO PRZEZ SĄD REJONOWY DLA M. ST. WARSZAWY, XII WYDZIAŁ GOSPODARCZY KRAJOWEGO REJESTRU SĄDOWEGO, POD NUMEREM KRS: 000007375. PODSTAWĄ POŁĄCZENIA JEST UCHWAŁA NR 1 NADZWYCZAJNEGO ZGROMADZENIA WSPÓLNIKÓW SPÓŁKI POD FIRMĄ: LOGICACMG SPÓŁKA Z OGRANICZONĄ ODPOWIEDZIALNOŚCIĄ Z SIEDZIBĄ W WARSZAWIE Z DNIA 08 SIERPNIA 2016 ROKU W SPRAWIE: POŁĄCZENIA SPÓŁKI PRZEJMOWANEJ, ZAPROTOKOŁOWANA PRZEZ DOMINIKA PIOTROWSKIEGO, NOTARIUSZA W WARSZAWIE, PROWADZĄCEGO KANCELARIĘ NOTARIALNĄ PRZY UL. NOWOLIPKI 27B LOK. 3, 01-010 WARSZAWA, POD NR REP. A - 7718/2016.","POŁĄCZENIE POPRZEZ PRZEJĘCIE W TRYBIE ART. 492 § 1 PKT 1 KSH INNEJ SPÓŁKI, TJ. LOGICACMG SPÓŁKA Z OGRANICZONĄ ODPOWIEDZIALNOŚCIĄ Z SIEDZIBĄ W WARSZAWIE (ADRES: UL. HRUBIESZOWSKA 2, 01-209 WARSZAWA) - REGON 017271036, NIP 5252210159 - WPISANEJ DO REJESTRU PRZEDSIĘBIORCÓW KRAJOWEGO REJESTRU SĄDOWEGO PROWADZONEGO PRZEZ SĄD REJONOWY DLA M. ST. WARSZAWY, XII WYDZIAŁ GOSPODARCZY KRAJOWEGO REJESTRU SĄDOWEGO, POD NUMEREM KRS: 000007375. PODSTAWĄ POŁĄCZENIA JEST UCHWAŁA NR 1 NADZWYCZAJNEGO ZGROMADZENIA WSPÓLNIKÓW SPÓŁKI POD FIRMĄ: LOGICACMG SPÓŁKA Z OGRANICZONĄ ODPOWIEDZIALNOŚCIĄ Z SIEDZIBĄ W WARSZAWIE Z DNIA 08 SIERPNIA 2016 ROKU W SPRAWIE: POŁĄCZENIA SPÓŁKI PRZEJMOWANEJ, ZAPROTOKOŁOWANA PRZEZ DOMINIKA PIOTROWSKIEGO, NOTARIUSZA W WARSZAWIE, PROWADZĄCEGO KANCELARIĘ NOTARIALNĄ PRZY UL. NOWOLIPKI 27B LOK. 3, 01-010 WARSZAWA, POD NR REP. A - 7718/2016."
CGI Information Systems and Management Consultants (Polska) Sp. z o.o.,0000078664,root.odpis.dane.dzial6.polaczeniePodzialPrzeksztalcenie[0].podmiotyPrzejmowane[0].identyfikator[0].nrWpisuWprow,no_change,25,25
CGI Information Systems and Management Consultants (Polska) Sp. z o.o.,0000078664,root.odpis.dane.dzial6.polaczeniePodzialPrzeksztalcenie[0].podmiotyPrzejmowane[0].identyfikator[0].regon,no_change,01727103600000,01727103600000
CGI Information Systems and Management Consultants (Polska) Sp. z o.o.,0000078664,root.odpis.dane.dzial6.polaczeniePodzialPrzeksztalcenie[0].podmiotyPrzejmowane[0].krajNazwaRejestru[0].krajNazwaRejestru,no_change,KRAJOWY REJESTR SĄDOWY,KRAJOWY REJESTR SĄDOWY
CGI Information Systems and Management Consultants (Polska) Sp. z o.o.,0000078664,root.odpis.dane.dzial6.polaczeniePodzialPrzeksztalcenie[0].podmiotyPrzejmowane[0].krajNazwaRejestru[0].nrWpisuWprow,no_change,25,25
CGI Information Systems and Management Consultants (Polska) Sp. z o.o.,0000078664,root.odpis.dane.dzial6.polaczeniePodzialPrzeksztalcenie[0].podmiotyPrzejmowane[0].nazwa[0].nazwa,no_change,"LOGICACMG SPÓŁKA Z OGRANICZONĄ ODPOWIEDZIALNOŚCIĄ,------","LOGICACMG SPÓŁKA Z OGRANICZONĄ ODPOWIEDZIALNOŚCIĄ,------"
CGI Information Systems and Management Consultants (Polska) Sp. z o.o.,0000078664,root.odpis.dane.dzial6.polaczeniePodzialPrzeksztalcenie[0].podmiotyPrzejmowane[0].nazwa[0].nrWpisuWprow,no_change,25,25
CGI Information Systems and Management Consultants (Polska) Sp. z o.o.,0000078664,root.odpis.dane.dzial6.polaczeniePodzialPrzeksztalcenie[1].okreslenieOkolicznosci[0].nrWpisuWprow,no_change,58,58
CGI Information Systems and Management Consultants (Polska) Sp. z o.o.,0000078664,root.odpis.dane.dzial6.polaczeniePodzialPrzeksztalcenie[1].okreslenieOkolicznosci[0].okreslenieOkolicznosci,no_change,PRZEJĘCIE INNEJ SPÓŁKI,PRZEJĘCIE INNEJ SPÓŁKI
CGI Information Systems and Management Consultants (Polska) Sp. z o.o.,0000078664,root.odpis.dane.dzial6.polaczeniePodzialPrzeksztalcenie[1].opisPolaczeniaPodzialuPrzeksztalcenia[0].nrWpisuWprow,no_change,58,58
CGI Information Systems and Management Consultants (Polska) Sp. z o.o.,0000078664,root.odpis.dane.dzial6.polaczeniePodzialPrzeksztalcenie[1].opisPolaczeniaPodzialuPrzeksztalcenia[0].opisPolaczeniaPodzialuPrzeksztalcenia,no_change,"POŁĄCZENIE SPÓŁKI CGI INFORMATION SYSTEMS AND MANAGEMENT CONSULTANTS (POLSKA) SPÓŁKA Z OGRANICZONĄ ODPOWIEDZIALNOŚCIĄ (KRS: 0000078664), JAKO SPÓŁKI PRZEJMUJĄCEJ, ZE SPÓŁKĄ AFFECTO POLAND SPÓŁKA Z OGRANICZONĄ ODPOWIEDZIALNOŚCIĄ (KRS: 0000286327), JAKO SPÓŁKĄ PRZEJMOWANĄ, POPRZEZ PRZENIESIENIE CAŁEGO MAJĄTKU SPÓŁKI PRZEJMOWANEJ NA SPÓŁKĘ PRZEJMUJĄCĄ W TRYBIE ART. 492 § 1 PKT 1 K.S.H. W ZW. Z ART. 516 § 6 K.S.H. (TJ. W TRYBIE UPROSZCZONYM) NA WARUNKACH OKREŚLONYCH W PLANIE POŁĄCZENIA Z DNIA 24 KWIETNIA 2023 ROKU, UCHWALONE UCHWAŁĄ NADZWYCZAJNEGO ZGROMADZENIA WSPÓLNIKÓW SPÓŁKI PRZEJMOWANEJ Z DNIA 13 CZERWCA 2023 ROKU, ZAPROTOKOŁOWANĄ PRZEZ NOTARIUSZA GRZEGORZA ROGALĘ, KANCELARIA NOTARIALNA W WARSZAWIE, REP. A. NR 8449/2023 ORAZ UCHWAŁĄ NADZWYCZAJNEGO ZGROMADZENIA WSPÓLNIKÓW SPÓŁKI PRZEJMUJĄCEJ Z DNIA 13 CZERWCA 2023 ROKU, ZAPROTOKOŁOWANĄ PRZEZ NOTARIUSZA GRZEGORZA ROGALĘ, KANCELARIA NOTARIALNA W WARSZAWIE, REP. A. NR 8444/2023., 13.06.2023, ZGROMADZENIE WSPÓLNIKÓW","POŁĄCZENIE SPÓŁKI CGI INFORMATION SYSTEMS AND MANAGEMENT CONSULTANTS (POLSKA) SPÓŁKA Z OGRANICZONĄ ODPOWIEDZIALNOŚCIĄ (KRS: 0000078664), JAKO SPÓŁKI PRZEJMUJĄCEJ, ZE SPÓŁKĄ AFFECTO POLAND SPÓŁKA Z OGRANICZONĄ ODPOWIEDZIALNOŚCIĄ (KRS: 0000286327), JAKO SPÓŁKĄ PRZEJMOWANĄ, POPRZEZ PRZENIESIENIE CAŁEGO MAJĄTKU SPÓŁKI PRZEJMOWANEJ NA SPÓŁKĘ PRZEJMUJĄCĄ W TRYBIE ART. 492 § 1 PKT 1 K.S.H. W ZW. Z ART. 516 § 6 K.S.H. (TJ. W TRYBIE UPROSZCZONYM) NA WARUNKACH OKREŚLONYCH W PLANIE POŁĄCZENIA Z DNIA 24 KWIETNIA 2023 ROKU, UCHWALONE UCHWAŁĄ NADZWYCZAJNEGO ZGROMADZENIA WSPÓLNIKÓW SPÓŁKI PRZEJMOWANEJ Z DNIA 13 CZERWCA 2023 ROKU, ZAPROTOKOŁOWANĄ PRZEZ NOTARIUSZA GRZEGORZA ROGALĘ, KANCELARIA NOTARIALNA W WARSZAWIE, REP. A. NR 8449/2023 ORAZ UCHWAŁĄ NADZWYCZAJNEGO ZGROMADZENIA WSPÓLNIKÓW SPÓŁKI PRZEJMUJĄCEJ Z DNIA 13 CZERWCA 2023 ROKU, ZAPROTOKOŁOWANĄ PRZEZ NOTARIUSZA GRZEGORZA ROGALĘ, KANCELARIA NOTARIALNA W WARSZAWIE, REP. A. NR 8444/2023., 13.06.2023, ZGROMADZENIE WSPÓLNIKÓW"
CGI Information Systems and Management Consultants (Polska) Sp. z o.o.,0000078664,root.odpis.dane.dzial6.polaczeniePodzialPrzeksztalcenie[1].podmiotyPrzejmowane[0].identyfikator[0].nrWpisuWprow,no_change,58,58
CGI Information Systems and Management Consultants (Polska) Sp. z o.o.,0000078664,root.odpis.dane.dzial6.polaczeniePodzialPrzeksztalcenie[1].podmiotyPrzejmowane[0].identyfikator[0].regon,no_change,141033390,141033390
CGI Information Systems and Management Consultants (Polska) Sp. z o.o.,0000078664,root.odpis.dane.dzial6.polaczeniePodzialPrzeksztalcenie[1].podmiotyPrzejmowane[0].krajNazwaRejestru[0].krajNazwaRejestru,no_change,"POLSKA,KRAJOWY REJESTR SĄDOWY","POLSKA,KRAJOWY REJESTR SĄDOWY"
CGI Information Systems and Management Consultants (Polska) Sp. z o.o.,0000078664,root.odpis.dane.dzial6.polaczeniePodzialPrzeksztalcenie[1].podmiotyPrzejmowane[0].krajNazwaRejestru[0].nrWpisuWprow,no_change,58,58
CGI Information Systems and Management Consultants (Polska) Sp. z o.o.,0000078664,root.odpis.dane.dzial6.polaczeniePodzialPrzeksztalcenie[1].podmiotyPrzejmowane[0].nazwa[0].nazwa,no_change,"AFFECTO POLAND SPÓŁKA Z OGRANICZONĄ ODPOWIEDZIALNOŚCIĄ,SPÓŁKA Z OGRANICZONĄ ODPOWIEDZIALNOŚCIĄ","AFFECTO POLAND SPÓŁKA Z OGRANICZONĄ ODPOWIEDZIALNOŚCIĄ,SPÓŁKA Z OGRANICZONĄ ODPOWIEDZIALNOŚCIĄ"
CGI Information Systems and Management Consultants (Polska) Sp. z o.o.,0000078664,root.odpis.dane.dzial6.polaczeniePodzialPrzeksztalcenie[1].podmiotyPrzejmowane[0].nazwa[0].nrWpisuWprow,no_change,58,58
CGI Information Systems and Management Consultants (Polska) Sp. z o.o.,0000078664,root.odpis.dane.dzial6.polaczeniePodzialPrzeksztalcenie[1].podmiotyPrzejmowane[0].numerWRejestrzeAlboEwidencji[0].nrWpisuWprow,no_change,58,58
CGI Information Systems and Management Consultants (Polska) Sp. z o.o.,0000078664,root.odpis.dane.dzial6.polaczeniePodzialPrzeksztalcenie[1].podmiotyPrzejmowane[0].numerWRejestrzeAlboEwidencji[0].numerWRejestrzeAlboEwidencji,no_change,0000286327,0000286327
CGI Information Systems and Management Consultants (Polska) Sp. z o.o.,0000078664,root.odpis.naglowekP.numerKRS,no_change,0000078664,0000078664
CGI Information Systems and Management Consultants (Polska) Sp. z o.o.,0000078664,root.odpis.naglowekP.rejestr,no_change,RejP,RejP
CGI Information Systems and Management Consultants (Polska) Sp. z o.o.,0000078664,root.odpis.naglowekP.stanPozycji,no_change,1,1
CGI Information Systems and Management Consultants (Polska) Sp. z o.o.,0000078664,root.odpis.naglowekP.stanZDnia,no_change,17.04.2026,17.04.2026
CGI Information Systems and Management Consultants (Polska) Sp. z o.o.,0000078664,root.odpis.naglowekP.wpis[0].dataWpisu,no_change,08.01.2002,08.01.2002
CGI Information Systems and Management Consultants (Polska) Sp. z o.o.,0000078664,root.odpis.naglowekP.wpis[0].numerWpisu,no_change,1,1
CGI Information Systems and Management Consultants (Polska) Sp. z o.o.,0000078664,root.odpis.naglowekP.wpis[0].opis,no_change,REJESTRACJA W KRAJOWYM REJESTRZE SĄDOWYM,REJESTRACJA W KRAJOWYM REJESTRZE SĄDOWYM
CGI Information Systems and Management Consultants (Polska) Sp. z o.o.,0000078664,root.odpis.naglowekP.wpis[0].oznaczenieSaduDokonujacegoWpisu,no_change,"SĄD REJONOWY DLA M. ST. WARSZAWY W WARSZAWIE, XIX WYDZIAŁ GOSPODARCZY KRAJOWEGO REJESTRU SĄDOWEGO","SĄD REJONOWY DLA M. ST. WARSZAWY W WARSZAWIE, XIX WYDZIAŁ GOSPODARCZY KRAJOWEGO REJESTRU SĄDOWEGO"
CGI Information Systems and Management Consultants (Polska) Sp. z o.o.,0000078664,root.odpis.naglowekP.wpis[0].sygnaturaAktSprawyDotyczacejWpisu,no_change,WA.XIX NS-REJ.KRS/10567/01/248,WA.XIX NS-REJ.KRS/10567/01/248
CGI Information Systems and Management Consultants (Polska) Sp. z o.o.,0000078664,root.odpis.naglowekP.wpis[10].dataWpisu,no_change,29.06.2006,29.06.2006
CGI Information Systems and Management Consultants (Polska) Sp. z o.o.,0000078664,root.odpis.naglowekP.wpis[10].numerWpisu,no_change,11,11
CGI Information Systems and Management Consultants (Polska) Sp. z o.o.,0000078664,root.odpis.naglowekP.wpis[10].opis,no_change,ZMIANA DANYCH W REJESTRZE,ZMIANA DANYCH W REJESTRZE
CGI Information Systems and Management Consultants (Polska) Sp. z o.o.,0000078664,root.odpis.naglowekP.wpis[10].oznaczenieSaduDokonujacegoWpisu,no_change,"SĄD REJONOWY DLA M. ST. WARSZAWY W WARSZAWIE, XII WYDZIAŁ GOSPODARCZY KRAJOWEGO REJESTRU SĄDOWEGO","SĄD REJONOWY DLA M. ST. WARSZAWY W WARSZAWIE, XII WYDZIAŁ GOSPODARCZY KRAJOWEGO REJESTRU SĄDOWEGO"
CGI Information Systems and Management Consultants (Polska) Sp. z o.o.,0000078664,root.odpis.naglowekP.wpis[10].sygnaturaAktSprawyDotyczacejWpisu,no_change,WA.XII NS-REJ.KRS/10927/06/383,WA.XII NS-REJ.KRS/10927/06/383
CGI Information Systems and Management Consultants (Polska) Sp. z o.o.,0000078664,root.odpis.naglowekP.wpis[11].dataWpisu,no_change,20.02.2008,20.02.2008
CGI Information Systems and Management Consultants (Polska) Sp. z o.o.,0000078664,root.odpis.naglowekP.wpis[11].numerWpisu,no_change,12,12
CGI Information Systems and Management Consultants (Polska) Sp. z o.o.,0000078664,root.odpis.naglowekP.wpis[11].opis,no_change,ZMIANA DANYCH W REJESTRZE,ZMIANA DANYCH W REJESTRZE
CGI Information Systems and Management Consultants (Polska) Sp. z o.o.,0000078664,root.odpis.naglowekP.wpis[11].oznaczenieSaduDokonujacegoWpisu,no_change,"SĄD REJONOWY DLA M. ST. WARSZAWY W WARSZAWIE, XII WYDZIAŁ GOSPODARCZY KRAJOWEGO REJESTRU SĄDOWEGO","SĄD REJONOWY DLA M. ST. WARSZAWY W WARSZAWIE, XII WYDZIAŁ GOSPODARCZY KRAJOWEGO REJESTRU SĄDOWEGO"
CGI Information Systems and Management Consultants (Polska) Sp. z o.o.,0000078664,root.odpis.naglowekP.wpis[11].sygnaturaAktSprawyDotyczacejWpisu,no_change,WA.XII NS-REJ.KRS/3325/08/187,WA.XII NS-REJ.KRS/3325/08/187
CGI Information Systems and Management Consultants (Polska) Sp. z o.o.,0000078664,root.odpis.naglowekP.wpis[12].dataWpisu,no_change,12.08.2008,12.08.2008
CGI Information Systems and Management Consultants (Polska) Sp. z o.o.,0000078664,root.odpis.naglowekP.wpis[12].numerWpisu,no_change,13,13
CGI Information Systems and Management Consultants (Polska) Sp. z o.o.,0000078664,root.odpis.naglowekP.wpis[12].opis,no_change,ZMIANA DANYCH W REJESTRZE,ZMIANA DANYCH W REJESTRZE
CGI Information Systems and Management Consultants (Polska) Sp. z o.o.,0000078664,root.odpis.naglowekP.wpis[12].oznaczenieSaduDokonujacegoWpisu,no_change,"SĄD REJONOWY DLA M. ST. WARSZAWY W WARSZAWIE, XII WYDZIAŁ GOSPODARCZY KRAJOWEGO REJESTRU SĄDOWEGO","SĄD REJONOWY DLA M. ST. WARSZAWY W WARSZAWIE, XII WYDZIAŁ GOSPODARCZY KRAJOWEGO REJESTRU SĄDOWEGO"
CGI Information Systems and Management Consultants (Polska) Sp. z o.o.,0000078664,root.odpis.naglowekP.wpis[12].sygnaturaAktSprawyDotyczacejWpisu,no_change,WA.XII NS-REJ.KRS/22794/08/380,WA.XII NS-REJ.KRS/22794/08/380
CGI Information Systems and Management Consultants (Polska) Sp. z o.o.,0000078664,root.odpis.naglowekP.wpis[13].dataWpisu,no_change,22.01.2010,22.01.2010
CGI Information Systems and Management Consultants (Polska) Sp. z o.o.,0000078664,root.odpis.naglowekP.wpis[13].numerWpisu,no_change,14,14
CGI Information Systems and Management Consultants (Polska) Sp. z o.o.,0000078664,root.odpis.naglowekP.wpis[13].opis,no_change,ZMIANA DANYCH W REJESTRZE,ZMIANA DANYCH W REJESTRZE
CGI Information Systems and Management Consultants (Polska) Sp. z o.o.,0000078664,root.odpis.naglowekP.wpis[13].oznaczenieSaduDokonujacegoWpisu,no_change,"SĄD REJONOWY DLA M. ST. WARSZAWY W WARSZAWIE, XII WYDZIAŁ GOSPODARCZY KRAJOWEGO REJESTRU SĄDOWEGO","SĄD REJONOWY DLA M. ST. WARSZAWY W WARSZAWIE, XII WYDZIAŁ GOSPODARCZY KRAJOWEGO REJESTRU SĄDOWEGO"
CGI Information Systems and Management Consultants (Polska) Sp. z o.o.,0000078664,root.odpis.naglowekP.wpis[13].sygnaturaAktSprawyDotyczacejWpisu,no_change,WA.XII NS-REJ.KRS/1589/10/754,WA.XII NS-REJ.KRS/1589/10/754
CGI Information Systems and Management Consultants (Polska) Sp. z o.o.,0000078664,root.odpis.naglowekP.wpis[14].dataWpisu,no_change,06.07.2011,06.07.2011
CGI Information Systems and Management Consultants (Polska) Sp. z o.o.,0000078664,root.odpis.naglowekP.wpis[14].numerWpisu,no_change,15,15
CGI Information Systems and Management Consultants (Polska) Sp. z o.o.,0000078664,root.odpis.naglowekP.wpis[14].opis,no_change,ZMIANA DANYCH W REJESTRZE,ZMIANA DANYCH W REJESTRZE
CGI Information Systems and Management Consultants (Polska) Sp. z o.o.,0000078664,root.odpis.naglowekP.wpis[14].oznaczenieSaduDokonujacegoWpisu,no_change,"SĄD REJONOWY DLA M. ST. WARSZAWY W WARSZAWIE, XII WYDZIAŁ GOSPODARCZY KRAJOWEGO REJESTRU SĄDOWEGO","SĄD REJONOWY DLA M. ST. WARSZAWY W WARSZAWIE, XII WYDZIAŁ GOSPODARCZY KRAJOWEGO REJESTRU SĄDOWEGO"
CGI Information Systems and Management Consultants (Polska) Sp. z o.o.,0000078664,root.odpis.naglowekP.wpis[14].sygnaturaAktSprawyDotyczacejWpisu,no_change,WA.XII NS-REJ.KRS/18862/11/115,WA.XII NS-REJ.KRS/18862/11/115
CGI Information Systems and Management Consultants (Polska) Sp. z o.o.,0000078664,root.odpis.naglowekP.wpis[15].dataWpisu,no_change,29.09.2011,29.09.2011
CGI Information Systems and Management Consultants (Polska) Sp. z o.o.,0000078664,root.odpis.naglowekP.wpis[15].numerWpisu,no_change,16,16
CGI Information Systems and Management Consultants (Polska) Sp. z o.o.,0000078664,root.odpis.naglowekP.wpis[15].opis,no_change,ZMIANA DANYCH W REJESTRZE,ZMIANA DANYCH W REJESTRZE
CGI Information Systems and Management Consultants (Polska) Sp. z o.o.,0000078664,root.odpis.naglowekP.wpis[15].oznaczenieSaduDokonujacegoWpisu,no_change,"SĄD REJONOWY DLA M. ST. WARSZAWY W WARSZAWIE, XII WYDZIAŁ GOSPODARCZY KRAJOWEGO REJESTRU SĄDOWEGO","SĄD REJONOWY DLA M. ST. WARSZAWY W WARSZAWIE, XII WYDZIAŁ GOSPODARCZY KRAJOWEGO REJESTRU SĄDOWEGO"
CGI Information Systems and Management Consultants (Polska) Sp. z o.o.,0000078664,root.odpis.naglowekP.wpis[15].sygnaturaAktSprawyDotyczacejWpisu,no_change,WA.XII NS-REJ.KRS/30376/11/981,WA.XII NS-REJ.KRS/30376/11/981
CGI Information Systems and Management Consultants (Polska) Sp. z o.o.,0000078664,root.odpis.naglowekP.wpis[16].dataWpisu,no_change,19.04.2012,19.04.2012
CGI Information Systems and Management Consultants (Polska) Sp. z o.o.,0000078664,root.odpis.naglowekP.wpis[16].numerWpisu,no_change,17,17
CGI Information Systems and Management Consultants (Polska) Sp. z o.o.,0000078664,root.odpis.naglowekP.wpis[16].opis,no_change,ZMIANA DANYCH W REJESTRZE,ZMIANA DANYCH W REJESTRZE
CGI Information Systems and Management Consultants (Polska) Sp. z o.o.,0000078664,root.odpis.naglowekP.wpis[16].oznaczenieSaduDokonujacegoWpisu,no_change,"SĄD REJONOWY DLA M. ST. WARSZAWY W WARSZAWIE, XII WYDZIAŁ GOSPODARCZY KRAJOWEGO REJESTRU SĄDOWEGO","SĄD REJONOWY DLA M. ST. WARSZAWY W WARSZAWIE, XII WYDZIAŁ GOSPODARCZY KRAJOWEGO REJESTRU SĄDOWEGO"
CGI Information Systems and Management Consultants (Polska) Sp. z o.o.,0000078664,root.odpis.naglowekP.wpis[16].sygnaturaAktSprawyDotyczacejWpisu,no_change,WA.XII NS-REJ.KRS/12427/12/9,WA.XII NS-REJ.KRS/12427/12/9
CGI Information Systems and Management Consultants (Polska) Sp. z o.o.,0000078664,root.odpis.naglowekP.wpis[17].dataWpisu,no_change,18.01.2013,18.01.2013
CGI Information Systems and Management Consultants (Polska) Sp. z o.o.,0000078664,root.odpis.naglowekP.wpis[17].numerWpisu,no_change,18,18
CGI Information Systems and Management Consultants (Polska) Sp. z o.o.,0000078664,root.odpis.naglowekP.wpis[17].opis,no_change,ZMIANA DANYCH W REJESTRZE,ZMIANA DANYCH W REJESTRZE
CGI Information Systems and Management Consultants (Polska) Sp. z o.o.,0000078664,root.odpis.naglowekP.wpis[17].oznaczenieSaduDokonujacegoWpisu,no_change,"SĄD REJONOWY DLA M. ST. WARSZAWY W WARSZAWIE, XII WYDZIAŁ GOSPODARCZY KRAJOWEGO REJESTRU SĄDOWEGO","SĄD REJONOWY DLA M. ST. WARSZAWY W WARSZAWIE, XII WYDZIAŁ GOSPODARCZY KRAJOWEGO REJESTRU SĄDOWEGO"
CGI Information Systems and Management Consultants (Polska) Sp. z o.o.,0000078664,root.odpis.naglowekP.wpis[17].sygnaturaAktSprawyDotyczacejWpisu,no_change,WA.XII NS-REJ.KRS/54786/12/7,WA.XII NS-REJ.KRS/54786/12/7
CGI Information Systems and Management Consultants (Polska) Sp. z o.o.,0000078664,root.odpis.naglowekP.wpis[18].dataWpisu,no_change,24.04.2014,24.04.2014
CGI Information Systems and Management Consultants (Polska) Sp. z o.o.,0000078664,root.odpis.naglowekP.wpis[18].numerWpisu,no_change,19,19
CGI Information Systems and Management Consultants (Polska) Sp. z o.o.,0000078664,root.odpis.naglowekP.wpis[18].opis,no_change,ZMIANA DANYCH W REJESTRZE,ZMIANA DANYCH W REJESTRZE
CGI Information Systems and Management Consultants (Polska) Sp. z o.o.,0000078664,root.odpis.naglowekP.wpis[18].oznaczenieSaduDokonujacegoWpisu,no_change,"SĄD REJONOWY DLA M. ST. WARSZAWY W WARSZAWIE, XII WYDZIAŁ GOSPODARCZY KRAJOWEGO REJESTRU SĄDOWEGO","SĄD REJONOWY DLA M. ST. WARSZAWY W WARSZAWIE, XII WYDZIAŁ GOSPODARCZY KRAJOWEGO REJESTRU SĄDOWEGO"
CGI Information Systems and Management Consultants (Polska) Sp. z o.o.,0000078664,root.odpis.naglowekP.wpis[18].sygnaturaAktSprawyDotyczacejWpisu,no_change,WA.XII NS-REJ.KRS/15954/14/493,WA.XII NS-REJ.KRS/15954/14/493
CGI Information Systems and Management Consultants (Polska) Sp. z o.o.,0000078664,root.odpis.naglowekP.wpis[19].dataWpisu,no_change,10.12.2014,10.12.2014
CGI Information Systems and Management Consultants (Polska) Sp. z o.o.,0000078664,root.odpis.naglowekP.wpis[19].numerWpisu,no_change,20,20
CGI Information Systems and Management Consultants (Polska) Sp. z o.o.,0000078664,root.odpis.naglowekP.wpis[19].opis,no_change,ZMIANA DANYCH W REJESTRZE,ZMIANA DANYCH W REJESTRZE
CGI Information Systems and Management Consultants (Polska) Sp. z o.o.,0000078664,root.odpis.naglowekP.wpis[19].oznaczenieSaduDokonujacegoWpisu,no_change,"SĄD REJONOWY DLA M. ST. WARSZAWY W WARSZAWIE, XII WYDZIAŁ GOSPODARCZY KRAJOWEGO REJESTRU SĄDOWEGO","SĄD REJONOWY DLA M. ST. WARSZAWY W WARSZAWIE, XII WYDZIAŁ GOSPODARCZY KRAJOWEGO REJESTRU SĄDOWEGO"
CGI Information Systems and Management Consultants (Polska) Sp. z o.o.,0000078664,root.odpis.naglowekP.wpis[19].sygnaturaAktSprawyDotyczacejWpisu,no_change,WA.XII NS-REJ.KRS/65269/14/147,WA.XII NS-REJ.KRS/65269/14/147
CGI Information Systems and Management Consultants (Polska) Sp. z o.o.,0000078664,root.odpis.naglowekP.wpis[1].dataWpisu,no_change,15.02.2002,15.02.2002
CGI Information Systems and Management Consultants (Polska) Sp. z o.o.,0000078664,root.odpis.naglowekP.wpis[1].numerWpisu,no_change,2,2
CGI Information Systems and Management Consultants (Polska) Sp. z o.o.,0000078664,root.odpis.naglowekP.wpis[1].opis,no_change,INNY WPIS,INNY WPIS
CGI Information Systems and Management Consultants (Polska) Sp. z o.o.,0000078664,root.odpis.naglowekP.wpis[1].oznaczenieSaduDokonujacegoWpisu,no_change,"SĄD REJONOWY DLA M. ST. WARSZAWY W WARSZAWIE, XIX WYDZIAŁ GOSPODARCZY KRAJOWEGO REJESTRU SĄDOWEGO","SĄD REJONOWY DLA M. ST. WARSZAWY W WARSZAWIE, XIX WYDZIAŁ GOSPODARCZY KRAJOWEGO REJESTRU SĄDOWEGO"
CGI Information Systems and Management Consultants (Polska) Sp. z o.o.,0000078664,root.odpis.naglowekP.wpis[1].sygnaturaAktSprawyDotyczacejWpisu,no_change,WA.XIX NS-REJ.KRS/501/02/912,WA.XIX NS-REJ.KRS/501/02/912
CGI Information Systems and Management Consultants (Polska) Sp. z o.o.,0000078664,root.odpis.naglowekP.wpis[20].dataWpisu,no_change,14.12.2015,14.12.2015
CGI Information Systems and Management Consultants (Polska) Sp. z o.o.,0000078664,root.odpis.naglowekP.wpis[20].numerWpisu,no_change,21,21
CGI Information Systems and Management Consultants (Polska) Sp. z o.o.,0000078664,root.odpis.naglowekP.wpis[20].opis,no_change,ZMIANA DANYCH W REJESTRZE,ZMIANA DANYCH W REJESTRZE
CGI Information Systems and Management Consultants (Polska) Sp. z o.o.,0000078664,root.odpis.naglowekP.wpis[20].oznaczenieSaduDokonujacegoWpisu,no_change,"SĄD REJONOWY DLA M. ST. WARSZAWY W WARSZAWIE, XII WYDZIAŁ GOSPODARCZY KRAJOWEGO REJESTRU SĄDOWEGO","SĄD REJONOWY DLA M. ST. WARSZAWY W WARSZAWIE, XII WYDZIAŁ GOSPODARCZY KRAJOWEGO REJESTRU SĄDOWEGO"
CGI Information Systems and Management Consultants (Polska) Sp. z o.o.,0000078664,root.odpis.naglowekP.wpis[20].sygnaturaAktSprawyDotyczacejWpisu,no_change,WA.XII NS-REJ.KRS/77830/15/333,WA.XII NS-REJ.KRS/77830/15/333
CGI Information Systems and Management Consultants (Polska) Sp. z o.o.,0000078664,root.odpis.naglowekP.wpis[21].dataWpisu,no_change,11.02.2016,11.02.2016
CGI Information Systems and Management Consultants (Polska) Sp. z o.o.,0000078664,root.odpis.naglowekP.wpis[21].numerWpisu,no_change,22,22
CGI Information Systems and Management Consultants (Polska) Sp. z o.o.,0000078664,root.odpis.naglowekP.wpis[21].opis,no_change,ZMIANA DANYCH W REJESTRZE,ZMIANA DANYCH W REJESTRZE
CGI Information Systems and Management Consultants (Polska) Sp. z o.o.,0000078664,root.odpis.naglowekP.wpis[21].oznaczenieSaduDokonujacegoWpisu,no_change,"SĄD REJONOWY DLA M. ST. WARSZAWY W WARSZAWIE, XII WYDZIAŁ GOSPODARCZY KRAJOWEGO REJESTRU SĄDOWEGO","SĄD REJONOWY DLA M. ST. WARSZAWY W WARSZAWIE, XII WYDZIAŁ GOSPODARCZY KRAJOWEGO REJESTRU SĄDOWEGO"
CGI Information Systems and Management Consultants (Polska) Sp. z o.o.,0000078664,root.odpis.naglowekP.wpis[21].sygnaturaAktSprawyDotyczacejWpisu,no_change,WA.XII NS-REJ.KRS/2866/16/301,WA.XII NS-REJ.KRS/2866/16/301
CGI Information Systems and Management Consultants (Polska) Sp. z o.o.,0000078664,root.odpis.naglowekP.wpis[22].dataWpisu,no_change,22.08.2016,22.08.2016
CGI Information Systems and Management Consultants (Polska) Sp. z o.o.,0000078664,root.odpis.naglowekP.wpis[22].numerWpisu,no_change,23,23
CGI Information Systems and Management Consultants (Polska) Sp. z o.o.,0000078664,root.odpis.naglowekP.wpis[22].opis,no_change,ZMIANA DANYCH W REJESTRZE,ZMIANA DANYCH W REJESTRZE
CGI Information Systems and Management Consultants (Polska) Sp. z o.o.,0000078664,root.odpis.naglowekP.wpis[22].oznaczenieSaduDokonujacegoWpisu,no_change,"SĄD REJONOWY DLA M. ST. WARSZAWY W WARSZAWIE, XII WYDZIAŁ GOSPODARCZY KRAJOWEGO REJESTRU SĄDOWEGO","SĄD REJONOWY DLA M. ST. WARSZAWY W WARSZAWIE, XII WYDZIAŁ GOSPODARCZY KRAJOWEGO REJESTRU SĄDOWEGO"
CGI Information Systems and Management Consultants (Polska) Sp. z o.o.,0000078664,root.odpis.naglowekP.wpis[22].sygnaturaAktSprawyDotyczacejWpisu,no_change,WA.XII NS-REJ.KRS/45956/16/322,WA.XII NS-REJ.KRS/45956/16/322
CGI Information Systems and Management Consultants (Polska) Sp. z o.o.,0000078664,root.odpis.naglowekP.wpis[23].dataWpisu,no_change,04.10.2016,04.10.2016
CGI Information Systems and Management Consultants (Polska) Sp. z o.o.,0000078664,root.odpis.naglowekP.wpis[23].numerWpisu,no_change,24,24
CGI Information Systems and Management Consultants (Polska) Sp. z o.o.,0000078664,root.odpis.naglowekP.wpis[23].opis,no_change,ZMIANA DANYCH W REJESTRZE,ZMIANA DANYCH W REJESTRZE
CGI Information Systems and Management Consultants (Polska) Sp. z o.o.,0000078664,root.odpis.naglowekP.wpis[23].oznaczenieSaduDokonujacegoWpisu,no_change,"SĄD REJONOWY DLA M. ST. WARSZAWY W WARSZAWIE, XII WYDZIAŁ GOSPODARCZY KRAJOWEGO REJESTRU SĄDOWEGO","SĄD REJONOWY DLA M. ST. WARSZAWY W WARSZAWIE, XII WYDZIAŁ GOSPODARCZY KRAJOWEGO REJESTRU SĄDOWEGO"
CGI Information Systems and Management Consultants (Polska) Sp. z o.o.,0000078664,root.odpis.naglowekP.wpis[23].sygnaturaAktSprawyDotyczacejWpisu,no_change,WA.XII NS-REJ.KRS/65758/16/936,WA.XII NS-REJ.KRS/65758/16/936
CGI Information Systems and Management Consultants (Polska) Sp. z o.o.,0000078664,root.odpis.naglowekP.wpis[24].dataWpisu,no_change,12.10.2016,12.10.2016
CGI Information Systems and Management Consultants (Polska) Sp. z o.o.,0000078664,root.odpis.naglowekP.wpis[24].numerWpisu,no_change,25,25
CGI Information Systems and Management Consultants (Polska) Sp. z o.o.,0000078664,root.odpis.naglowekP.wpis[24].opis,no_change,ZMIANA DANYCH W REJESTRZE,ZMIANA DANYCH W REJESTRZE
CGI Information Systems and Management Consultants (Polska) Sp. z o.o.,0000078664,root.odpis.naglowekP.wpis[24].oznaczenieSaduDokonujacegoWpisu,no_change,"SĄD REJONOWY DLA M. ST. WARSZAWY W WARSZAWIE, XII WYDZIAŁ GOSPODARCZY KRAJOWEGO REJESTRU SĄDOWEGO","SĄD REJONOWY DLA M. ST. WARSZAWY W WARSZAWIE, XII WYDZIAŁ GOSPODARCZY KRAJOWEGO REJESTRU SĄDOWEGO"
CGI Information Systems and Management Consultants (Polska) Sp. z o.o.,0000078664,root.odpis.naglowekP.wpis[24].sygnaturaAktSprawyDotyczacejWpisu,no_change,WA.XII NS-REJ.KRS/62730/16/873,WA.XII NS-REJ.KRS/62730/16/873
CGI Information Systems and Management Consultants (Polska) Sp. z o.o.,0000078664,root.odpis.naglowekP.wpis[25].dataWpisu,no_change,27.01.2017,27.01.2017
CGI Information Systems and Management Consultants (Polska) Sp. z o.o.,0000078664,root.odpis.naglowekP.wpis[25].numerWpisu,no_change,26,26
CGI Information Systems and Management Consultants (Polska) Sp. z o.o.,0000078664,root.odpis.naglowekP.wpis[25].opis,no_change,ZMIANA DANYCH W REJESTRZE,ZMIANA DANYCH W REJESTRZE
CGI Information Systems and Management Consultants (Polska) Sp. z o.o.,0000078664,root.odpis.naglowekP.wpis[25].oznaczenieSaduDokonujacegoWpisu,no_change,"SĄD REJONOWY DLA M. ST. WARSZAWY W WARSZAWIE, XII WYDZIAŁ GOSPODARCZY KRAJOWEGO REJESTRU SĄDOWEGO","SĄD REJONOWY DLA M. ST. WARSZAWY W WARSZAWIE, XII WYDZIAŁ GOSPODARCZY KRAJOWEGO REJESTRU SĄDOWEGO"
CGI Information Systems and Management Consultants (Polska) Sp. z o.o.,0000078664,root.odpis.naglowekP.wpis[25].sygnaturaAktSprawyDotyczacejWpisu,no_change,WA.XII NS-REJ.KRS/85072/16/479,WA.XII NS-REJ.KRS/85072/16/479
CGI Information Systems and Management Consultants (Polska) Sp. z o.o.,0000078664,root.odpis.naglowekP.wpis[26].dataWpisu,no_change,08.11.2017,08.11.2017
CGI Information Systems and Management Consultants (Polska) Sp. z o.o.,0000078664,root.odpis.naglowekP.wpis[26].numerWpisu,no_change,27,27
CGI Information Systems and Management Consultants (Polska) Sp. z o.o.,0000078664,root.odpis.naglowekP.wpis[26].opis,no_change,ZMIANA DANYCH W REJESTRZE,ZMIANA DANYCH W REJESTRZE
CGI Information Systems and Management Consultants (Polska) Sp. z o.o.,0000078664,root.odpis.naglowekP.wpis[26].oznaczenieSaduDokonujacegoWpisu,no_change,"SĄD REJONOWY DLA M. ST. WARSZAWY W WARSZAWIE, XII WYDZIAŁ GOSPODARCZY KRAJOWEGO REJESTRU SĄDOWEGO","SĄD REJONOWY DLA M. ST. WARSZAWY W WARSZAWIE, XII WYDZIAŁ GOSPODARCZY KRAJOWEGO REJESTRU SĄDOWEGO"
CGI Information Systems and Management Consultants (Polska) Sp. z o.o.,0000078664,root.odpis.naglowekP.wpis[26].sygnaturaAktSprawyDotyczacejWpisu,no_change,WA.XII NS-REJ.KRS/76998/17/503,WA.XII NS-REJ.KRS/76998/17/503
CGI Information Systems and Management Consultants (Polska) Sp. z o.o.,0000078664,root.odpis.naglowekP.wpis[27].dataWpisu,no_change,14.11.2018,14.11.2018
CGI Information Systems and Management Consultants (Polska) Sp. z o.o.,0000078664,root.odpis.naglowekP.wpis[27].numerWpisu,no_change,28,28
CGI Information Systems and Management Consultants (Polska) Sp. z o.o.,0000078664,root.odpis.naglowekP.wpis[27].opis,no_change,ZMIANA DANYCH W REJESTRZE,ZMIANA DANYCH W REJESTRZE
CGI Information Systems and Management Consultants (Polska) Sp. z o.o.,0000078664,root.odpis.naglowekP.wpis[27].oznaczenieSaduDokonujacegoWpisu,no_change,"SĄD REJONOWY DLA M. ST. WARSZAWY W WARSZAWIE, XII WYDZIAŁ GOSPODARCZY KRAJOWEGO REJESTRU SĄDOWEGO","SĄD REJONOWY DLA M. ST. WARSZAWY W WARSZAWIE, XII WYDZIAŁ GOSPODARCZY KRAJOWEGO REJESTRU SĄDOWEGO"
CGI Information Systems and Management Consultants (Polska) Sp. z o.o.,0000078664,root.odpis.naglowekP.wpis[27].sygnaturaAktSprawyDotyczacejWpisu,no_change,WA.XII NS-REJ.KRS/74916/18/994,WA.XII NS-REJ.KRS/74916/18/994
CGI Information Systems and Management Consultants (Polska) Sp. z o.o.,0000078664,root.odpis.naglowekP.wpis[28].dataWpisu,no_change,22.05.2019,22.05.2019
CGI Information Systems and Management Consultants (Polska) Sp. z o.o.,0000078664,root.odpis.naglowekP.wpis[28].numerWpisu,no_change,29,29
CGI Information Systems and Management Consultants (Polska) Sp. z o.o.,0000078664,root.odpis.naglowekP.wpis[28].opis,no_change,ZMIANA DANYCH W REJESTRZE,ZMIANA DANYCH W REJESTRZE
CGI Information Systems and Management Consultants (Polska) Sp. z o.o.,0000078664,root.odpis.naglowekP.wpis[28].oznaczenieSaduDokonujacegoWpisu,no_change,"SĄD REJONOWY DLA M. ST. WARSZAWY W WARSZAWIE, XII WYDZIAŁ GOSPODARCZY KRAJOWEGO REJESTRU SĄDOWEGO","SĄD REJONOWY DLA M. ST. WARSZAWY W WARSZAWIE, XII WYDZIAŁ GOSPODARCZY KRAJOWEGO REJESTRU SĄDOWEGO"
CGI Information Systems and Management Consultants (Polska) Sp. z o.o.,0000078664,root.odpis.naglowekP.wpis[28].sygnaturaAktSprawyDotyczacejWpisu,no_change,WA.XII NS-REJ.KRS/32869/19/534,WA.XII NS-REJ.KRS/32869/19/534
CGI Information Systems and Management Consultants (Polska) Sp. z o.o.,0000078664,root.odpis.naglowekP.wpis[29].dataWpisu,no_change,28.05.2020,28.05.2020
CGI Information Systems and Management Consultants (Polska) Sp. z o.o.,0000078664,root.odpis.naglowekP.wpis[29].numerWpisu,no_change,30,30
CGI Information Systems and Management Consultants (Polska) Sp. z o.o.,0000078664,root.odpis.naglowekP.wpis[29].opis,no_change,ZMIANA DANYCH W REJESTRZE,ZMIANA DANYCH W REJESTRZE
CGI Information Systems and Management Consultants (Polska) Sp. z o.o.,0000078664,root.odpis.naglowekP.wpis[29].oznaczenieSaduDokonujacegoWpisu,no_change,"SĄD REJONOWY DLA M. ST. WARSZAWY W WARSZAWIE, XII WYDZIAŁ GOSPODARCZY KRAJOWEGO REJESTRU SĄDOWEGO","SĄD REJONOWY DLA M. ST. WARSZAWY W WARSZAWIE, XII WYDZIAŁ GOSPODARCZY KRAJOWEGO REJESTRU SĄDOWEGO"
CGI Information Systems and Management Consultants (Polska) Sp. z o.o.,0000078664,root.odpis.naglowekP.wpis[29].sygnaturaAktSprawyDotyczacejWpisu,no_change,WA.XII NS-REJ.KRS/28728/20/141,WA.XII NS-REJ.KRS/28728/20/141
CGI Information Systems and Management Consultants (Polska) Sp. z o.o.,0000078664,root.odpis.naglowekP.wpis[2].dataWpisu,no_change,25.03.2002,25.03.2002
CGI Information Systems and Management Consultants (Polska) Sp. z o.o.,0000078664,root.odpis.naglowekP.wpis[2].numerWpisu,no_change,3,3
CGI Information Systems and Management Consultants (Polska) Sp. z o.o.,0000078664,root.odpis.naglowekP.wpis[2].opis,no_change,INNY WPIS,INNY WPIS
CGI Information Systems and Management Consultants (Polska) Sp. z o.o.,0000078664,root.odpis.naglowekP.wpis[2].oznaczenieSaduDokonujacegoWpisu,no_change,"SĄD REJONOWY DLA M. ST. WARSZAWY W WARSZAWIE, XIX WYDZIAŁ GOSPODARCZY KRAJOWEGO REJESTRU SĄDOWEGO","SĄD REJONOWY DLA M. ST. WARSZAWY W WARSZAWIE, XIX WYDZIAŁ GOSPODARCZY KRAJOWEGO REJESTRU SĄDOWEGO"
CGI Information Systems and Management Consultants (Polska) Sp. z o.o.,0000078664,root.odpis.naglowekP.wpis[2].sygnaturaAktSprawyDotyczacejWpisu,no_change,WA.XIX NS-REJ.KRS/3092/02/910,WA.XIX NS-REJ.KRS/3092/02/910
CGI Information Systems and Management Consultants (Polska) Sp. z o.o.,0000078664,root.odpis.naglowekP.wpis[30].dataWpisu,no_change,21.10.2020,21.10.2020
CGI Information Systems and Management Consultants (Polska) Sp. z o.o.,0000078664,root.odpis.naglowekP.wpis[30].numerWpisu,no_change,31,31
CGI Information Systems and Management Consultants (Polska) Sp. z o.o.,0000078664,root.odpis.naglowekP.wpis[30].opis,no_change,ZMIANA DANYCH W REJESTRZE,ZMIANA DANYCH W REJESTRZE
CGI Information Systems and Management Consultants (Polska) Sp. z o.o.,0000078664,root.odpis.naglowekP.wpis[30].oznaczenieSaduDokonujacegoWpisu,no_change,"SĄD REJONOWY DLA M. ST. WARSZAWY W WARSZAWIE, XII WYDZIAŁ GOSPODARCZY KRAJOWEGO REJESTRU SĄDOWEGO","SĄD REJONOWY DLA M. ST. WARSZAWY W WARSZAWIE, XII WYDZIAŁ GOSPODARCZY KRAJOWEGO REJESTRU SĄDOWEGO"
CGI Information Systems and Management Consultants (Polska) Sp. z o.o.,0000078664,root.odpis.naglowekP.wpis[30].sygnaturaAktSprawyDotyczacejWpisu,no_change,WA.XII NS-REJ.KRS/52262/20/109,WA.XII NS-REJ.KRS/52262/20/109
CGI Information Systems and Management Consultants (Polska) Sp. z o.o.,0000078664,root.odpis.naglowekP.wpis[31].dataWpisu,no_change,24.11.2020,24.11.2020
CGI Information Systems and Management Consultants (Polska) Sp. z o.o.,0000078664,root.odpis.naglowekP.wpis[31].numerWpisu,no_change,32,32
CGI Information Systems and Management Consultants (Polska) Sp. z o.o.,0000078664,root.odpis.naglowekP.wpis[31].opis,no_change,ZMIANA DANYCH W REJESTRZE,ZMIANA DANYCH W REJESTRZE
CGI Information Systems and Management Consultants (Polska) Sp. z o.o.,0000078664,root.odpis.naglowekP.wpis[31].oznaczenieSaduDokonujacegoWpisu,no_change,SYSTEM,SYSTEM
CGI Information Systems and Management Consultants (Polska) Sp. z o.o.,0000078664,root.odpis.naglowekP.wpis[31].sygnaturaAktSprawyDotyczacejWpisu,no_change,RDF/270522/20/898,RDF/270522/20/898
CGI Information Systems and Management Consultants (Polska) Sp. z o.o.,0000078664,root.odpis.naglowekP.wpis[32].dataWpisu,no_change,24.11.2020,24.11.2020
CGI Information Systems and Management Consultants (Polska) Sp. z o.o.,0000078664,root.odpis.naglowekP.wpis[32].numerWpisu,no_change,33,33
CGI Information Systems and Management Consultants (Polska) Sp. z o.o.,0000078664,root.odpis.naglowekP.wpis[32].opis,no_change,ZMIANA DANYCH W REJESTRZE,ZMIANA DANYCH W REJESTRZE
CGI Information Systems and Management Consultants (Polska) Sp. z o.o.,0000078664,root.odpis.naglowekP.wpis[32].oznaczenieSaduDokonujacegoWpisu,no_change,SYSTEM,SYSTEM
CGI Information Systems and Management Consultants (Polska) Sp. z o.o.,0000078664,root.odpis.naglowekP.wpis[32].sygnaturaAktSprawyDotyczacejWpisu,no_change,RDF/270522/20/299,RDF/270522/20/299
CGI Information Systems and Management Consultants (Polska) Sp. z o.o.,0000078664,root.odpis.naglowekP.wpis[33].dataWpisu,no_change,24.11.2020,24.11.2020
CGI Information Systems and Management Consultants (Polska) Sp. z o.o.,0000078664,root.odpis.naglowekP.wpis[33].numerWpisu,no_change,34,34
CGI Information Systems and Management Consultants (Polska) Sp. z o.o.,0000078664,root.odpis.naglowekP.wpis[33].opis,no_change,ZMIANA DANYCH W REJESTRZE,ZMIANA DANYCH W REJESTRZE
CGI Information Systems and Management Consultants (Polska) Sp. z o.o.,0000078664,root.odpis.naglowekP.wpis[33].oznaczenieSaduDokonujacegoWpisu,no_change,SYSTEM,SYSTEM
CGI Information Systems and Management Consultants (Polska) Sp. z o.o.,0000078664,root.odpis.naglowekP.wpis[33].sygnaturaAktSprawyDotyczacejWpisu,no_change,RDF/270522/20/700,RDF/270522/20/700
CGI Information Systems and Management Consultants (Polska) Sp. z o.o.,0000078664,root.odpis.naglowekP.wpis[34].dataWpisu,no_change,24.11.2020,24.11.2020
CGI Information Systems and Management Consultants (Polska) Sp. z o.o.,0000078664,root.odpis.naglowekP.wpis[34].numerWpisu,no_change,35,35
CGI Information Systems and Management Consultants (Polska) Sp. z o.o.,0000078664,root.odpis.naglowekP.wpis[34].opis,no_change,ZMIANA DANYCH W REJESTRZE,ZMIANA DANYCH W REJESTRZE
CGI Information Systems and Management Consultants (Polska) Sp. z o.o.,0000078664,root.odpis.naglowekP.wpis[34].oznaczenieSaduDokonujacegoWpisu,no_change,SYSTEM,SYSTEM
CGI Information Systems and Management Consultants (Polska) Sp. z o.o.,0000078664,root.odpis.naglowekP.wpis[34].sygnaturaAktSprawyDotyczacejWpisu,no_change,RDF/270523/20/412,RDF/270523/20/412
CGI Information Systems and Management Consultants (Polska) Sp. z o.o.,0000078664,root.odpis.naglowekP.wpis[35].dataWpisu,no_change,11.02.2021,11.02.2021
CGI Information Systems and Management Consultants (Polska) Sp. z o.o.,0000078664,root.odpis.naglowekP.wpis[35].numerWpisu,no_change,36,36
CGI Information Systems and Management Consultants (Polska) Sp. z o.o.,0000078664,root.odpis.naglowekP.wpis[35].opis,no_change,ZMIANA DANYCH W REJESTRZE,ZMIANA DANYCH W REJESTRZE
CGI Information Systems and Management Consultants (Polska) Sp. z o.o.,0000078664,root.odpis.naglowekP.wpis[35].oznaczenieSaduDokonujacegoWpisu,no_change,"SĄD REJONOWY DLA M. ST. WARSZAWY W WARSZAWIE, XII WYDZIAŁ GOSPODARCZY KRAJOWEGO REJESTRU SĄDOWEGO","SĄD REJONOWY DLA M. ST. WARSZAWY W WARSZAWIE, XII WYDZIAŁ GOSPODARCZY KRAJOWEGO REJESTRU SĄDOWEGO"
CGI Information Systems and Management Consultants (Polska) Sp. z o.o.,0000078664,root.odpis.naglowekP.wpis[35].sygnaturaAktSprawyDotyczacejWpisu,no_change,WA.XII NS-REJ.KRS/7423/21/751,WA.XII NS-REJ.KRS/7423/21/751
CGI Information Systems and Management Consultants (Polska) Sp. z o.o.,0000078664,root.odpis.naglowekP.wpis[36].dataWpisu,no_change,01.04.2021,01.04.2021
CGI Information Systems and Management Consultants (Polska) Sp. z o.o.,0000078664,root.odpis.naglowekP.wpis[36].numerWpisu,no_change,37,37
CGI Information Systems and Management Consultants (Polska) Sp. z o.o.,0000078664,root.odpis.naglowekP.wpis[36].opis,no_change,ZMIANA DANYCH W REJESTRZE,ZMIANA DANYCH W REJESTRZE
CGI Information Systems and Management Consultants (Polska) Sp. z o.o.,0000078664,root.odpis.naglowekP.wpis[36].oznaczenieSaduDokonujacegoWpisu,no_change,SYSTEM,SYSTEM
CGI Information Systems and Management Consultants (Polska) Sp. z o.o.,0000078664,root.odpis.naglowekP.wpis[36].sygnaturaAktSprawyDotyczacejWpisu,no_change,RDF/284322/21/55,RDF/284322/21/55
CGI Information Systems and Management Consultants (Polska) Sp. z o.o.,0000078664,root.odpis.naglowekP.wpis[37].dataWpisu,no_change,01.04.2021,01.04.2021
CGI Information Systems and Management Consultants (Polska) Sp. z o.o.,0000078664,root.odpis.naglowekP.wpis[37].numerWpisu,no_change,38,38
CGI Information Systems and Management Consultants (Polska) Sp. z o.o.,0000078664,root.odpis.naglowekP.wpis[37].opis,no_change,ZMIANA DANYCH W REJESTRZE,ZMIANA DANYCH W REJESTRZE
CGI Information Systems and Management Consultants (Polska) Sp. z o.o.,0000078664,root.odpis.naglowekP.wpis[37].oznaczenieSaduDokonujacegoWpisu,no_change,SYSTEM,SYSTEM
CGI Information Systems and Management Consultants (Polska) Sp. z o.o.,0000078664,root.odpis.naglowekP.wpis[37].sygnaturaAktSprawyDotyczacejWpisu,no_change,RDF/284322/21/456,RDF/284322/21/456
CGI Information Systems and Management Consultants (Polska) Sp. z o.o.,0000078664,root.odpis.naglowekP.wpis[38].dataWpisu,no_change,01.04.2021,01.04.2021
CGI Information Systems and Management Consultants (Polska) Sp. z o.o.,0000078664,root.odpis.naglowekP.wpis[38].numerWpisu,no_change,39,39
CGI Information Systems and Management Consultants (Polska) Sp. z o.o.,0000078664,root.odpis.naglowekP.wpis[38].opis,no_change,ZMIANA DANYCH W REJESTRZE,ZMIANA DANYCH W REJESTRZE
CGI Information Systems and Management Consultants (Polska) Sp. z o.o.,0000078664,root.odpis.naglowekP.wpis[38].oznaczenieSaduDokonujacegoWpisu,no_change,SYSTEM,SYSTEM
CGI Information Systems and Management Consultants (Polska) Sp. z o.o.,0000078664,root.odpis.naglowekP.wpis[38].sygnaturaAktSprawyDotyczacejWpisu,no_change,RDF/284322/21/857,RDF/284322/21/857
CGI Information Systems and Management Consultants (Polska) Sp. z o.o.,0000078664,root.odpis.naglowekP.wpis[39].dataWpisu,no_change,01.04.2021,01.04.2021
CGI Information Systems and Management Consultants (Polska) Sp. z o.o.,0000078664,root.odpis.naglowekP.wpis[39].numerWpisu,no_change,40,40
CGI Information Systems and Management Consultants (Polska) Sp. z o.o.,0000078664,root.odpis.naglowekP.wpis[39].opis,no_change,ZMIANA DANYCH W REJESTRZE,ZMIANA DANYCH W REJESTRZE
CGI Information Systems and Management Consultants (Polska) Sp. z o.o.,0000078664,root.odpis.naglowekP.wpis[39].oznaczenieSaduDokonujacegoWpisu,no_change,SYSTEM,SYSTEM
CGI Information Systems and Management Consultants (Polska) Sp. z o.o.,0000078664,root.odpis.naglowekP.wpis[39].sygnaturaAktSprawyDotyczacejWpisu,no_change,RDF/284322/21/258,RDF/284322/21/258
CGI Information Systems and Management Consultants (Polska) Sp. z o.o.,0000078664,root.odpis.naglowekP.wpis[3].dataWpisu,no_change,04.10.2002,04.10.2002
CGI Information Systems and Management Consultants (Polska) Sp. z o.o.,0000078664,root.odpis.naglowekP.wpis[3].numerWpisu,no_change,4,4
CGI Information Systems and Management Consultants (Polska) Sp. z o.o.,0000078664,root.odpis.naglowekP.wpis[3].opis,no_change,ZMIANA DANYCH W REJESTRZE,ZMIANA DANYCH W REJESTRZE
CGI Information Systems and Management Consultants (Polska) Sp. z o.o.,0000078664,root.odpis.naglowekP.wpis[3].oznaczenieSaduDokonujacegoWpisu,no_change,"SĄD REJONOWY DLA M. ST. WARSZAWY W WARSZAWIE, XIX WYDZIAŁ GOSPODARCZY KRAJOWEGO REJESTRU SĄDOWEGO","SĄD REJONOWY DLA M. ST. WARSZAWY W WARSZAWIE, XIX WYDZIAŁ GOSPODARCZY KRAJOWEGO REJESTRU SĄDOWEGO"
CGI Information Systems and Management Consultants (Polska) Sp. z o.o.,0000078664,root.odpis.naglowekP.wpis[3].sygnaturaAktSprawyDotyczacejWpisu,no_change,WA.XIX NS-REJ.KRS/14480/02/269,WA.XIX NS-REJ.KRS/14480/02/269
CGI Information Systems and Management Consultants (Polska) Sp. z o.o.,0000078664,root.odpis.naglowekP.wpis[40].dataWpisu,no_change,25.08.2021,25.08.2021
CGI Information Systems and Management Consultants (Polska) Sp. z o.o.,0000078664,root.odpis.naglowekP.wpis[40].numerWpisu,no_change,41,41
CGI Information Systems and Management Consultants (Polska) Sp. z o.o.,0000078664,root.odpis.naglowekP.wpis[40].opis,no_change,ZMIANA DANYCH W REJESTRZE,ZMIANA DANYCH W REJESTRZE
CGI Information Systems and Management Consultants (Polska) Sp. z o.o.,0000078664,root.odpis.naglowekP.wpis[40].oznaczenieSaduDokonujacegoWpisu,no_change,SYSTEM,SYSTEM
CGI Information Systems and Management Consultants (Polska) Sp. z o.o.,0000078664,root.odpis.naglowekP.wpis[40].sygnaturaAktSprawyDotyczacejWpisu,no_change,RDF/325448/21/942,RDF/325448/21/942
CGI Information Systems and Management Consultants (Polska) Sp. z o.o.,0000078664,root.odpis.naglowekP.wpis[41].dataWpisu,no_change,25.08.2021,25.08.2021
CGI Information Systems and Management Consultants (Polska) Sp. z o.o.,0000078664,root.odpis.naglowekP.wpis[41].numerWpisu,no_change,42,42
CGI Information Systems and Management Consultants (Polska) Sp. z o.o.,0000078664,root.odpis.naglowekP.wpis[41].opis,no_change,ZMIANA DANYCH W REJESTRZE,ZMIANA DANYCH W REJESTRZE
CGI Information Systems and Management Consultants (Polska) Sp. z o.o.,0000078664,root.odpis.naglowekP.wpis[41].oznaczenieSaduDokonujacegoWpisu,no_change,SYSTEM,SYSTEM
CGI Information Systems and Management Consultants (Polska) Sp. z o.o.,0000078664,root.odpis.naglowekP.wpis[41].sygnaturaAktSprawyDotyczacejWpisu,no_change,RDF/325448/21/343,RDF/325448/21/343
CGI Information Systems and Management Consultants (Polska) Sp. z o.o.,0000078664,root.odpis.naglowekP.wpis[42].dataWpisu,no_change,25.08.2021,25.08.2021
CGI Information Systems and Management Consultants (Polska) Sp. z o.o.,0000078664,root.odpis.naglowekP.wpis[42].numerWpisu,no_change,43,43
CGI Information Systems and Management Consultants (Polska) Sp. z o.o.,0000078664,root.odpis.naglowekP.wpis[42].opis,no_change,ZMIANA DANYCH W REJESTRZE,ZMIANA DANYCH W REJESTRZE
CGI Information Systems and Management Consultants (Polska) Sp. z o.o.,0000078664,root.odpis.naglowekP.wpis[42].oznaczenieSaduDokonujacegoWpisu,no_change,SYSTEM,SYSTEM
CGI Information Systems and Management Consultants (Polska) Sp. z o.o.,0000078664,root.odpis.naglowekP.wpis[42].sygnaturaAktSprawyDotyczacejWpisu,no_change,RDF/325448/21/744,RDF/325448/21/744
CGI Information Systems and Management Consultants (Polska) Sp. z o.o.,0000078664,root.odpis.naglowekP.wpis[43].dataWpisu,no_change,25.08.2021,25.08.2021
CGI Information Systems and Management Consultants (Polska) Sp. z o.o.,0000078664,root.odpis.naglowekP.wpis[43].numerWpisu,no_change,44,44
CGI Information Systems and Management Consultants (Polska) Sp. z o.o.,0000078664,root.odpis.naglowekP.wpis[43].opis,no_change,ZMIANA DANYCH W REJESTRZE,ZMIANA DANYCH W REJESTRZE
CGI Information Systems and Management Consultants (Polska) Sp. z o.o.,0000078664,root.odpis.naglowekP.wpis[43].oznaczenieSaduDokonujacegoWpisu,no_change,SYSTEM,SYSTEM
CGI Information Systems and Management Consultants (Polska) Sp. z o.o.,0000078664,root.odpis.naglowekP.wpis[43].sygnaturaAktSprawyDotyczacejWpisu,no_change,RDF/325448/21/145,RDF/325448/21/145
CGI Information Systems and Management Consultants (Polska) Sp. z o.o.,0000078664,root.odpis.naglowekP.wpis[44].dataWpisu,no_change,13.10.2021,13.10.2021
CGI Information Systems and Management Consultants (Polska) Sp. z o.o.,0000078664,root.odpis.naglowekP.wpis[44].numerWpisu,no_change,45,45
CGI Information Systems and Management Consultants (Polska) Sp. z o.o.,0000078664,root.odpis.naglowekP.wpis[44].opis,no_change,ZMIANA DANYCH W REJESTRZE,ZMIANA DANYCH W REJESTRZE
CGI Information Systems and Management Consultants (Polska) Sp. z o.o.,0000078664,root.odpis.naglowekP.wpis[44].oznaczenieSaduDokonujacegoWpisu,no_change,"SĄD REJONOWY DLA M.ST. WARSZAWY W WARSZAWIE, XII WYDZIAŁ GOSPODARCZY KRAJOWEGO REJESTRU SĄDOWEGO","SĄD REJONOWY DLA M.ST. WARSZAWY W WARSZAWIE, XII WYDZIAŁ GOSPODARCZY KRAJOWEGO REJESTRU SĄDOWEGO"
CGI Information Systems and Management Consultants (Polska) Sp. z o.o.,0000078664,root.odpis.naglowekP.wpis[44].sygnaturaAktSprawyDotyczacejWpisu,no_change,WA.XII NS-REJ.KRS/56532/21/736,WA.XII NS-REJ.KRS/56532/21/736
CGI Information Systems and Management Consultants (Polska) Sp. z o.o.,0000078664,root.odpis.naglowekP.wpis[45].dataWpisu,no_change,25.11.2021,25.11.2021
CGI Information Systems and Management Consultants (Polska) Sp. z o.o.,0000078664,root.odpis.naglowekP.wpis[45].numerWpisu,no_change,46,46
CGI Information Systems and Management Consultants (Polska) Sp. z o.o.,0000078664,root.odpis.naglowekP.wpis[45].opis,no_change,ZMIANA DANYCH W REJESTRZE,ZMIANA DANYCH W REJESTRZE
CGI Information Systems and Management Consultants (Polska) Sp. z o.o.,0000078664,root.odpis.naglowekP.wpis[45].oznaczenieSaduDokonujacegoWpisu,no_change,SYSTEM,SYSTEM
CGI Information Systems and Management Consultants (Polska) Sp. z o.o.,0000078664,root.odpis.naglowekP.wpis[45].sygnaturaAktSprawyDotyczacejWpisu,no_change,RDF/362401/21/550,RDF/362401/21/550
CGI Information Systems and Management Consultants (Polska) Sp. z o.o.,0000078664,root.odpis.naglowekP.wpis[46].dataWpisu,no_change,25.11.2021,25.11.2021
CGI Information Systems and Management Consultants (Polska) Sp. z o.o.,0000078664,root.odpis.naglowekP.wpis[46].numerWpisu,no_change,47,47
CGI Information Systems and Management Consultants (Polska) Sp. z o.o.,0000078664,root.odpis.naglowekP.wpis[46].opis,no_change,ZMIANA DANYCH W REJESTRZE,ZMIANA DANYCH W REJESTRZE
CGI Information Systems and Management Consultants (Polska) Sp. z o.o.,0000078664,root.odpis.naglowekP.wpis[46].oznaczenieSaduDokonujacegoWpisu,no_change,SYSTEM,SYSTEM
CGI Information Systems and Management Consultants (Polska) Sp. z o.o.,0000078664,root.odpis.naglowekP.wpis[46].sygnaturaAktSprawyDotyczacejWpisu,no_change,RDF/362401/21/951,RDF/362401/21/951
CGI Information Systems and Management Consultants (Polska) Sp. z o.o.,0000078664,root.odpis.naglowekP.wpis[47].dataWpisu,no_change,25.11.2021,25.11.2021
CGI Information Systems and Management Consultants (Polska) Sp. z o.o.,0000078664,root.odpis.naglowekP.wpis[47].numerWpisu,no_change,48,48
CGI Information Systems and Management Consultants (Polska) Sp. z o.o.,0000078664,root.odpis.naglowekP.wpis[47].opis,no_change,ZMIANA DANYCH W REJESTRZE,ZMIANA DANYCH W REJESTRZE
CGI Information Systems and Management Consultants (Polska) Sp. z o.o.,0000078664,root.odpis.naglowekP.wpis[47].oznaczenieSaduDokonujacegoWpisu,no_change,SYSTEM,SYSTEM
CGI Information Systems and Management Consultants (Polska) Sp. z o.o.,0000078664,root.odpis.naglowekP.wpis[47].sygnaturaAktSprawyDotyczacejWpisu,no_change,RDF/362401/21/352,RDF/362401/21/352
CGI Information Systems and Management Consultants (Polska) Sp. z o.o.,0000078664,root.odpis.naglowekP.wpis[48].dataWpisu,no_change,01.07.2022,01.07.2022
CGI Information Systems and Management Consultants (Polska) Sp. z o.o.,0000078664,root.odpis.naglowekP.wpis[48].numerWpisu,no_change,49,49
CGI Information Systems and Management Consultants (Polska) Sp. z o.o.,0000078664,root.odpis.naglowekP.wpis[48].opis,no_change,ZMIANA DANYCH W REJESTRZE,ZMIANA DANYCH W REJESTRZE
CGI Information Systems and Management Consultants (Polska) Sp. z o.o.,0000078664,root.odpis.naglowekP.wpis[48].oznaczenieSaduDokonujacegoWpisu,no_change,"SĄD REJONOWY DLA M.ST. WARSZAWY W WARSZAWIE, XII WYDZIAŁ GOSPODARCZY KRAJOWEGO REJESTRU SĄDOWEGO","SĄD REJONOWY DLA M.ST. WARSZAWY W WARSZAWIE, XII WYDZIAŁ GOSPODARCZY KRAJOWEGO REJESTRU SĄDOWEGO"
CGI Information Systems and Management Consultants (Polska) Sp. z o.o.,0000078664,root.odpis.naglowekP.wpis[48].sygnaturaAktSprawyDotyczacejWpisu,no_change,WA.XII NS-REJ.KRS/37051/22/532,WA.XII NS-REJ.KRS/37051/22/532
CGI Information Systems and Management Consultants (Polska) Sp. z o.o.,0000078664,root.odpis.naglowekP.wpis[49].dataWpisu,no_change,19.08.2022,19.08.2022
CGI Information Systems and Management Consultants (Polska) Sp. z o.o.,0000078664,root.odpis.naglowekP.wpis[49].numerWpisu,no_change,50,50
CGI Information Systems and Management Consultants (Polska) Sp. z o.o.,0000078664,root.odpis.naglowekP.wpis[49].opis,no_change,ZMIANA DANYCH W REJESTRZE,ZMIANA DANYCH W REJESTRZE
CGI Information Systems and Management Consultants (Polska) Sp. z o.o.,0000078664,root.odpis.naglowekP.wpis[49].oznaczenieSaduDokonujacegoWpisu,no_change,SYSTEM,SYSTEM
CGI Information Systems and Management Consultants (Polska) Sp. z o.o.,0000078664,root.odpis.naglowekP.wpis[49].sygnaturaAktSprawyDotyczacejWpisu,no_change,RDF/414912/22/90,RDF/414912/22/90
CGI Information Systems and Management Consultants (Polska) Sp. z o.o.,0000078664,root.odpis.naglowekP.wpis[4].dataWpisu,no_change,16.12.2002,16.12.2002
CGI Information Systems and Management Consultants (Polska) Sp. z o.o.,0000078664,root.odpis.naglowekP.wpis[4].numerWpisu,no_change,5,5
CGI Information Systems and Management Consultants (Polska) Sp. z o.o.,0000078664,root.odpis.naglowekP.wpis[4].opis,no_change,ZMIANA DANYCH W REJESTRZE,ZMIANA DANYCH W REJESTRZE
CGI Information Systems and Management Consultants (Polska) Sp. z o.o.,0000078664,root.odpis.naglowekP.wpis[4].oznaczenieSaduDokonujacegoWpisu,no_change,"SĄD REJONOWY DLA M. ST. WARSZAWY W WARSZAWIE, XIX WYDZIAŁ GOSPODARCZY KRAJOWEGO REJESTRU SĄDOWEGO","SĄD REJONOWY DLA M. ST. WARSZAWY W WARSZAWIE, XIX WYDZIAŁ GOSPODARCZY KRAJOWEGO REJESTRU SĄDOWEGO"
CGI Information Systems and Management Consultants (Polska) Sp. z o.o.,0000078664,root.odpis.naglowekP.wpis[4].sygnaturaAktSprawyDotyczacejWpisu,no_change,WA.XIX NS-REJ.KRS/19511/02/879,WA.XIX NS-REJ.KRS/19511/02/879
CGI Information Systems and Management Consultants (Polska) Sp. z o.o.,0000078664,root.odpis.naglowekP.wpis[50].dataWpisu,no_change,19.08.2022,19.08.2022
CGI Information Systems and Management Consultants (Polska) Sp. z o.o.,0000078664,root.odpis.naglowekP.wpis[50].numerWpisu,no_change,51,51
CGI Information Systems and Management Consultants (Polska) Sp. z o.o.,0000078664,root.odpis.naglowekP.wpis[50].opis,no_change,ZMIANA DANYCH W REJESTRZE,ZMIANA DANYCH W REJESTRZE
CGI Information Systems and Management Consultants (Polska) Sp. z o.o.,0000078664,root.odpis.naglowekP.wpis[50].oznaczenieSaduDokonujacegoWpisu,no_change,SYSTEM,SYSTEM
CGI Information Systems and Management Consultants (Polska) Sp. z o.o.,0000078664,root.odpis.naglowekP.wpis[50].sygnaturaAktSprawyDotyczacejWpisu,no_change,RDF/414912/22/491,RDF/414912/22/491
CGI Information Systems and Management Consultants (Polska) Sp. z o.o.,0000078664,root.odpis.naglowekP.wpis[51].dataWpisu,no_change,19.08.2022,19.08.2022
CGI Information Systems and Management Consultants (Polska) Sp. z o.o.,0000078664,root.odpis.naglowekP.wpis[51].numerWpisu,no_change,52,52
CGI Information Systems and Management Consultants (Polska) Sp. z o.o.,0000078664,root.odpis.naglowekP.wpis[51].opis,no_change,ZMIANA DANYCH W REJESTRZE,ZMIANA DANYCH W REJESTRZE
CGI Information Systems and Management Consultants (Polska) Sp. z o.o.,0000078664,root.odpis.naglowekP.wpis[51].oznaczenieSaduDokonujacegoWpisu,no_change,SYSTEM,SYSTEM
CGI Information Systems and Management Consultants (Polska) Sp. z o.o.,0000078664,root.odpis.naglowekP.wpis[51].sygnaturaAktSprawyDotyczacejWpisu,no_change,RDF/414912/22/892,RDF/414912/22/892
CGI Information Systems and Management Consultants (Polska) Sp. z o.o.,0000078664,root.odpis.naglowekP.wpis[52].dataWpisu,no_change,19.08.2022,19.08.2022
CGI Information Systems and Management Consultants (Polska) Sp. z o.o.,0000078664,root.odpis.naglowekP.wpis[52].numerWpisu,no_change,53,53
CGI Information Systems and Management Consultants (Polska) Sp. z o.o.,0000078664,root.odpis.naglowekP.wpis[52].opis,no_change,ZMIANA DANYCH W REJESTRZE,ZMIANA DANYCH W REJESTRZE
CGI Information Systems and Management Consultants (Polska) Sp. z o.o.,0000078664,root.odpis.naglowekP.wpis[52].oznaczenieSaduDokonujacegoWpisu,no_change,SYSTEM,SYSTEM
CGI Information Systems and Management Consultants (Polska) Sp. z o.o.,0000078664,root.odpis.naglowekP.wpis[52].sygnaturaAktSprawyDotyczacejWpisu,no_change,RDF/414912/22/293,RDF/414912/22/293
CGI Information Systems and Management Consultants (Polska) Sp. z o.o.,0000078664,root.odpis.naglowekP.wpis[53].dataWpisu,no_change,21.03.2023,21.03.2023
CGI Information Systems and Management Consultants (Polska) Sp. z o.o.,0000078664,root.odpis.naglowekP.wpis[53].numerWpisu,no_change,54,54
CGI Information Systems and Management Consultants (Polska) Sp. z o.o.,0000078664,root.odpis.naglowekP.wpis[53].opis,no_change,ZMIANA DANYCH W REJESTRZE,ZMIANA DANYCH W REJESTRZE
CGI Information Systems and Management Consultants (Polska) Sp. z o.o.,0000078664,root.odpis.naglowekP.wpis[53].oznaczenieSaduDokonujacegoWpisu,no_change,SYSTEM,SYSTEM
CGI Information Systems and Management Consultants (Polska) Sp. z o.o.,0000078664,root.odpis.naglowekP.wpis[53].sygnaturaAktSprawyDotyczacejWpisu,no_change,RDF/473503/23/843,RDF/473503/23/843
CGI Information Systems and Management Consultants (Polska) Sp. z o.o.,0000078664,root.odpis.naglowekP.wpis[54].dataWpisu,no_change,21.03.2023,21.03.2023
CGI Information Systems and Management Consultants (Polska) Sp. z o.o.,0000078664,root.odpis.naglowekP.wpis[54].numerWpisu,no_change,55,55
CGI Information Systems and Management Consultants (Polska) Sp. z o.o.,0000078664,root.odpis.naglowekP.wpis[54].opis,no_change,ZMIANA DANYCH W REJESTRZE,ZMIANA DANYCH W REJESTRZE
CGI Information Systems and Management Consultants (Polska) Sp. z o.o.,0000078664,root.odpis.naglowekP.wpis[54].oznaczenieSaduDokonujacegoWpisu,no_change,SYSTEM,SYSTEM
CGI Information Systems and Management Consultants (Polska) Sp. z o.o.,0000078664,root.odpis.naglowekP.wpis[54].sygnaturaAktSprawyDotyczacejWpisu,no_change,RDF/473503/23/244,RDF/473503/23/244
CGI Information Systems and Management Consultants (Polska) Sp. z o.o.,0000078664,root.odpis.naglowekP.wpis[55].dataWpisu,no_change,21.03.2023,21.03.2023
CGI Information Systems and Management Consultants (Polska) Sp. z o.o.,0000078664,root.odpis.naglowekP.wpis[55].numerWpisu,no_change,56,56
CGI Information Systems and Management Consultants (Polska) Sp. z o.o.,0000078664,root.odpis.naglowekP.wpis[55].opis,no_change,ZMIANA DANYCH W REJESTRZE,ZMIANA DANYCH W REJESTRZE
CGI Information Systems and Management Consultants (Polska) Sp. z o.o.,0000078664,root.odpis.naglowekP.wpis[55].oznaczenieSaduDokonujacegoWpisu,no_change,SYSTEM,SYSTEM
CGI Information Systems and Management Consultants (Polska) Sp. z o.o.,0000078664,root.odpis.naglowekP.wpis[55].sygnaturaAktSprawyDotyczacejWpisu,no_change,RDF/473503/23/645,RDF/473503/23/645
CGI Information Systems and Management Consultants (Polska) Sp. z o.o.,0000078664,root.odpis.naglowekP.wpis[56].dataWpisu,no_change,21.03.2023,21.03.2023
CGI Information Systems and Management Consultants (Polska) Sp. z o.o.,0000078664,root.odpis.naglowekP.wpis[56].numerWpisu,no_change,57,57
CGI Information Systems and Management Consultants (Polska) Sp. z o.o.,0000078664,root.odpis.naglowekP.wpis[56].opis,no_change,ZMIANA DANYCH W REJESTRZE,ZMIANA DANYCH W REJESTRZE
CGI Information Systems and Management Consultants (Polska) Sp. z o.o.,0000078664,root.odpis.naglowekP.wpis[56].oznaczenieSaduDokonujacegoWpisu,no_change,SYSTEM,SYSTEM
CGI Information Systems and Management Consultants (Polska) Sp. z o.o.,0000078664,root.odpis.naglowekP.wpis[56].sygnaturaAktSprawyDotyczacejWpisu,no_change,RDF/473503/23/46,RDF/473503/23/46
CGI Information Systems and Management Consultants (Polska) Sp. z o.o.,0000078664,root.odpis.naglowekP.wpis[57].dataWpisu,no_change,31.08.2023,31.08.2023
CGI Information Systems and Management Consultants (Polska) Sp. z o.o.,0000078664,root.odpis.naglowekP.wpis[57].numerWpisu,no_change,58,58
CGI Information Systems and Management Consultants (Polska) Sp. z o.o.,0000078664,root.odpis.naglowekP.wpis[57].opis,no_change,ZMIANA DANYCH W REJESTRZE,ZMIANA DANYCH W REJESTRZE
CGI Information Systems and Management Consultants (Polska) Sp. z o.o.,0000078664,root.odpis.naglowekP.wpis[57].oznaczenieSaduDokonujacegoWpisu,no_change,"SĄD REJONOWY DLA M.ST. WARSZAWY W WARSZAWIE, XII WYDZIAŁ GOSPODARCZY KRAJOWEGO REJESTRU SĄDOWEGO","SĄD REJONOWY DLA M.ST. WARSZAWY W WARSZAWIE, XII WYDZIAŁ GOSPODARCZY KRAJOWEGO REJESTRU SĄDOWEGO"
CGI Information Systems and Management Consultants (Polska) Sp. z o.o.,0000078664,root.odpis.naglowekP.wpis[57].sygnaturaAktSprawyDotyczacejWpisu,no_change,WA.XII NS-REJ.KRS/38365/23/834,WA.XII NS-REJ.KRS/38365/23/834
CGI Information Systems and Management Consultants (Polska) Sp. z o.o.,0000078664,root.odpis.naglowekP.wpis[58].dataWpisu,no_change,04.09.2023,04.09.2023
CGI Information Systems and Management Consultants (Polska) Sp. z o.o.,0000078664,root.odpis.naglowekP.wpis[58].numerWpisu,no_change,59,59
CGI Information Systems and Management Consultants (Polska) Sp. z o.o.,0000078664,root.odpis.naglowekP.wpis[58].opis,no_change,ZMIANA DANYCH W REJESTRZE,ZMIANA DANYCH W REJESTRZE
CGI Information Systems and Management Consultants (Polska) Sp. z o.o.,0000078664,root.odpis.naglowekP.wpis[58].oznaczenieSaduDokonujacegoWpisu,no_change,"SĄD REJONOWY DLA M.ST. WARSZAWY W WARSZAWIE, XII WYDZIAŁ GOSPODARCZY KRAJOWEGO REJESTRU SĄDOWEGO","SĄD REJONOWY DLA M.ST. WARSZAWY W WARSZAWIE, XII WYDZIAŁ GOSPODARCZY KRAJOWEGO REJESTRU SĄDOWEGO"
CGI Information Systems and Management Consultants (Polska) Sp. z o.o.,0000078664,root.odpis.naglowekP.wpis[58].sygnaturaAktSprawyDotyczacejWpisu,no_change,WA.XII NS-REJ.KRS/45251/23/602,WA.XII NS-REJ.KRS/45251/23/602
CGI Information Systems and Management Consultants (Polska) Sp. z o.o.,0000078664,root.odpis.naglowekP.wpis[59].dataWpisu,no_change,30.11.2023,30.11.2023
CGI Information Systems and Management Consultants (Polska) Sp. z o.o.,0000078664,root.odpis.naglowekP.wpis[59].numerWpisu,no_change,60,60
CGI Information Systems and Management Consultants (Polska) Sp. z o.o.,0000078664,root.odpis.naglowekP.wpis[59].opis,no_change,ZMIANA DANYCH W REJESTRZE,ZMIANA DANYCH W REJESTRZE
CGI Information Systems and Management Consultants (Polska) Sp. z o.o.,0000078664,root.odpis.naglowekP.wpis[59].oznaczenieSaduDokonujacegoWpisu,no_change,"SĄD REJONOWY DLA M.ST. WARSZAWY W WARSZAWIE, XII WYDZIAŁ GOSPODARCZY KRAJOWEGO REJESTRU SĄDOWEGO","SĄD REJONOWY DLA M.ST. WARSZAWY W WARSZAWIE, XII WYDZIAŁ GOSPODARCZY KRAJOWEGO REJESTRU SĄDOWEGO"
CGI Information Systems and Management Consultants (Polska) Sp. z o.o.,0000078664,root.odpis.naglowekP.wpis[59].sygnaturaAktSprawyDotyczacejWpisu,no_change,WA.XII NS-REJ.KRS/67674/23/7,WA.XII NS-REJ.KRS/67674/23/7
CGI Information Systems and Management Consultants (Polska) Sp. z o.o.,0000078664,root.odpis.naglowekP.wpis[5].dataWpisu,no_change,25.11.2003,25.11.2003
CGI Information Systems and Management Consultants (Polska) Sp. z o.o.,0000078664,root.odpis.naglowekP.wpis[5].numerWpisu,no_change,6,6
CGI Information Systems and Management Consultants (Polska) Sp. z o.o.,0000078664,root.odpis.naglowekP.wpis[5].opis,no_change,ZMIANA DANYCH W REJESTRZE,ZMIANA DANYCH W REJESTRZE
CGI Information Systems and Management Consultants (Polska) Sp. z o.o.,0000078664,root.odpis.naglowekP.wpis[5].oznaczenieSaduDokonujacegoWpisu,no_change,"SĄD REJONOWY DLA M. ST. WARSZAWY W WARSZAWIE, XIX WYDZIAŁ GOSPODARCZY KRAJOWEGO REJESTRU SĄDOWEGO","SĄD REJONOWY DLA M. ST. WARSZAWY W WARSZAWIE, XIX WYDZIAŁ GOSPODARCZY KRAJOWEGO REJESTRU SĄDOWEGO"
CGI Information Systems and Management Consultants (Polska) Sp. z o.o.,0000078664,root.odpis.naglowekP.wpis[5].sygnaturaAktSprawyDotyczacejWpisu,no_change,WA.XIX NS-REJ.KRS/22296/03/662,WA.XIX NS-REJ.KRS/22296/03/662
CGI Information Systems and Management Consultants (Polska) Sp. z o.o.,0000078664,root.odpis.naglowekP.wpis[60].dataWpisu,no_change,23.05.2024,23.05.2024
CGI Information Systems and Management Consultants (Polska) Sp. z o.o.,0000078664,root.odpis.naglowekP.wpis[60].numerWpisu,no_change,61,61
CGI Information Systems and Management Consultants (Polska) Sp. z o.o.,0000078664,root.odpis.naglowekP.wpis[60].opis,no_change,ZMIANA DANYCH W REJESTRZE,ZMIANA DANYCH W REJESTRZE
CGI Information Systems and Management Consultants (Polska) Sp. z o.o.,0000078664,root.odpis.naglowekP.wpis[60].oznaczenieSaduDokonujacegoWpisu,no_change,SYSTEM,SYSTEM
CGI Information Systems and Management Consultants (Polska) Sp. z o.o.,0000078664,root.odpis.naglowekP.wpis[60].sygnaturaAktSprawyDotyczacejWpisu,no_change,RDF/605585/24/423,RDF/605585/24/423
CGI Information Systems and Management Consultants (Polska) Sp. z o.o.,0000078664,root.odpis.naglowekP.wpis[61].dataWpisu,no_change,23.05.2024,23.05.2024
CGI Information Systems and Management Consultants (Polska) Sp. z o.o.,0000078664,root.odpis.naglowekP.wpis[61].numerWpisu,no_change,62,62
CGI Information Systems and Management Consultants (Polska) Sp. z o.o.,0000078664,root.odpis.naglowekP.wpis[61].opis,no_change,ZMIANA DANYCH W REJESTRZE,ZMIANA DANYCH W REJESTRZE
CGI Information Systems and Management Consultants (Polska) Sp. z o.o.,0000078664,root.odpis.naglowekP.wpis[61].oznaczenieSaduDokonujacegoWpisu,no_change,SYSTEM,SYSTEM
CGI Information Systems and Management Consultants (Polska) Sp. z o.o.,0000078664,root.odpis.naglowekP.wpis[61].sygnaturaAktSprawyDotyczacejWpisu,no_change,RDF/605585/24/824,RDF/605585/24/824
CGI Information Systems and Management Consultants (Polska) Sp. z o.o.,0000078664,root.odpis.naglowekP.wpis[62].dataWpisu,no_change,23.05.2024,23.05.2024
CGI Information Systems and Management Consultants (Polska) Sp. z o.o.,0000078664,root.odpis.naglowekP.wpis[62].numerWpisu,no_change,63,63
CGI Information Systems and Management Consultants (Polska) Sp. z o.o.,0000078664,root.odpis.naglowekP.wpis[62].opis,no_change,ZMIANA DANYCH W REJESTRZE,ZMIANA DANYCH W REJESTRZE
CGI Information Systems and Management Consultants (Polska) Sp. z o.o.,0000078664,root.odpis.naglowekP.wpis[62].oznaczenieSaduDokonujacegoWpisu,no_change,SYSTEM,SYSTEM
CGI Information Systems and Management Consultants (Polska) Sp. z o.o.,0000078664,root.odpis.naglowekP.wpis[62].sygnaturaAktSprawyDotyczacejWpisu,no_change,RDF/605585/24/225,RDF/605585/24/225
CGI Information Systems and Management Consultants (Polska) Sp. z o.o.,0000078664,root.odpis.naglowekP.wpis[63].dataWpisu,no_change,23.05.2024,23.05.2024
CGI Information Systems and Management Consultants (Polska) Sp. z o.o.,0000078664,root.odpis.naglowekP.wpis[63].numerWpisu,no_change,64,64
CGI Information Systems and Management Consultants (Polska) Sp. z o.o.,0000078664,root.odpis.naglowekP.wpis[63].opis,no_change,ZMIANA DANYCH W REJESTRZE,ZMIANA DANYCH W REJESTRZE
CGI Information Systems and Management Consultants (Polska) Sp. z o.o.,0000078664,root.odpis.naglowekP.wpis[63].oznaczenieSaduDokonujacegoWpisu,no_change,SYSTEM,SYSTEM
CGI Information Systems and Management Consultants (Polska) Sp. z o.o.,0000078664,root.odpis.naglowekP.wpis[63].sygnaturaAktSprawyDotyczacejWpisu,no_change,RDF/605585/24/626,RDF/605585/24/626
CGI Information Systems and Management Consultants (Polska) Sp. z o.o.,0000078664,root.odpis.naglowekP.wpis[64].dataWpisu,no_change,17.04.2025,17.04.2025
CGI Information Systems and Management Consultants (Polska) Sp. z o.o.,0000078664,root.odpis.naglowekP.wpis[64].numerWpisu,no_change,65,65
CGI Information Systems and Management Consultants (Polska) Sp. z o.o.,0000078664,root.odpis.naglowekP.wpis[64].opis,no_change,ZMIANA DANYCH W REJESTRZE,ZMIANA DANYCH W REJESTRZE
CGI Information Systems and Management Consultants (Polska) Sp. z o.o.,0000078664,root.odpis.naglowekP.wpis[64].oznaczenieSaduDokonujacegoWpisu,no_change,SYSTEM,SYSTEM
CGI Information Systems and Management Consultants (Polska) Sp. z o.o.,0000078664,root.odpis.naglowekP.wpis[64].sygnaturaAktSprawyDotyczacejWpisu,no_change,RDF/712830/25/679,RDF/712830/25/679
CGI Information Systems and Management Consultants (Polska) Sp. z o.o.,0000078664,root.odpis.naglowekP.wpis[65].dataWpisu,no_change,17.04.2025,17.04.2025
CGI Information Systems and Management Consultants (Polska) Sp. z o.o.,0000078664,root.odpis.naglowekP.wpis[65].numerWpisu,no_change,66,66
CGI Information Systems and Management Consultants (Polska) Sp. z o.o.,0000078664,root.odpis.naglowekP.wpis[65].opis,no_change,ZMIANA DANYCH W REJESTRZE,ZMIANA DANYCH W REJESTRZE
CGI Information Systems and Management Consultants (Polska) Sp. z o.o.,0000078664,root.odpis.naglowekP.wpis[65].oznaczenieSaduDokonujacegoWpisu,no_change,SYSTEM,SYSTEM
CGI Information Systems and Management Consultants (Polska) Sp. z o.o.,0000078664,root.odpis.naglowekP.wpis[65].sygnaturaAktSprawyDotyczacejWpisu,no_change,RDF/712830/25/80,RDF/712830/25/80
CGI Information Systems and Management Consultants (Polska) Sp. z o.o.,0000078664,root.odpis.naglowekP.wpis[66].dataWpisu,no_change,17.04.2025,17.04.2025
CGI Information Systems and Management Consultants (Polska) Sp. z o.o.,0000078664,root.odpis.naglowekP.wpis[66].numerWpisu,no_change,67,67
CGI Information Systems and Management Consultants (Polska) Sp. z o.o.,0000078664,root.odpis.naglowekP.wpis[66].opis,no_change,ZMIANA DANYCH W REJESTRZE,ZMIANA DANYCH W REJESTRZE
CGI Information Systems and Management Consultants (Polska) Sp. z o.o.,0000078664,root.odpis.naglowekP.wpis[66].oznaczenieSaduDokonujacegoWpisu,no_change,SYSTEM,SYSTEM
CGI Information Systems and Management Consultants (Polska) Sp. z o.o.,0000078664,root.odpis.naglowekP.wpis[66].sygnaturaAktSprawyDotyczacejWpisu,no_change,RDF/712830/25/481,RDF/712830/25/481
CGI Information Systems and Management Consultants (Polska) Sp. z o.o.,0000078664,root.odpis.naglowekP.wpis[67].dataWpisu,no_change,17.04.2025,17.04.2025
CGI Information Systems and Management Consultants (Polska) Sp. z o.o.,0000078664,root.odpis.naglowekP.wpis[67].numerWpisu,no_change,68,68
CGI Information Systems and Management Consultants (Polska) Sp. z o.o.,0000078664,root.odpis.naglowekP.wpis[67].opis,no_change,ZMIANA DANYCH W REJESTRZE,ZMIANA DANYCH W REJESTRZE
CGI Information Systems and Management Consultants (Polska) Sp. z o.o.,0000078664,root.odpis.naglowekP.wpis[67].oznaczenieSaduDokonujacegoWpisu,no_change,SYSTEM,SYSTEM
CGI Information Systems and Management Consultants (Polska) Sp. z o.o.,0000078664,root.odpis.naglowekP.wpis[67].sygnaturaAktSprawyDotyczacejWpisu,no_change,RDF/712831/25/193,RDF/712831/25/193
CGI Information Systems and Management Consultants (Polska) Sp. z o.o.,0000078664,root.odpis.naglowekP.wpis[68].dataWpisu,no_change,23.04.2025,23.04.2025
CGI Information Systems and Management Consultants (Polska) Sp. z o.o.,0000078664,root.odpis.naglowekP.wpis[68].numerWpisu,no_change,69,69
CGI Information Systems and Management Consultants (Polska) Sp. z o.o.,0000078664,root.odpis.naglowekP.wpis[68].opis,no_change,ZMIANA DANYCH W REJESTRZE,ZMIANA DANYCH W REJESTRZE
CGI Information Systems and Management Consultants (Polska) Sp. z o.o.,0000078664,root.odpis.naglowekP.wpis[68].oznaczenieSaduDokonujacegoWpisu,no_change,SYSTEM,SYSTEM
CGI Information Systems and Management Consultants (Polska) Sp. z o.o.,0000078664,root.odpis.naglowekP.wpis[68].sygnaturaAktSprawyDotyczacejWpisu,no_change,WA.XII NS-REJ.KRS/67674/23/7/ADE,WA.XII NS-REJ.KRS/67674/23/7/ADE
CGI Information Systems and Management Consultants (Polska) Sp. z o.o.,0000078664,root.odpis.naglowekP.wpis[69].dataWpisu,no_change,04.07.2025,04.07.2025
CGI Information Systems and Management Consultants (Polska) Sp. z o.o.,0000078664,root.odpis.naglowekP.wpis[69].numerWpisu,no_change,70,70
CGI Information Systems and Management Consultants (Polska) Sp. z o.o.,0000078664,root.odpis.naglowekP.wpis[69].opis,no_change,ZMIANA DANYCH W REJESTRZE,ZMIANA DANYCH W REJESTRZE
CGI Information Systems and Management Consultants (Polska) Sp. z o.o.,0000078664,root.odpis.naglowekP.wpis[69].oznaczenieSaduDokonujacegoWpisu,no_change,"SĄD REJONOWY DLA M.ST. WARSZAWY W WARSZAWIE, XII WYDZIAŁ GOSPODARCZY KRAJOWEGO REJESTRU SĄDOWEGO","SĄD REJONOWY DLA M.ST. WARSZAWY W WARSZAWIE, XII WYDZIAŁ GOSPODARCZY KRAJOWEGO REJESTRU SĄDOWEGO"
CGI Information Systems and Management Consultants (Polska) Sp. z o.o.,0000078664,root.odpis.naglowekP.wpis[69].sygnaturaAktSprawyDotyczacejWpisu,no_change,WA.XII NS-REJ.KRS/37850/25/948,WA.XII NS-REJ.KRS/37850/25/948
CGI Information Systems and Management Consultants (Polska) Sp. z o.o.,0000078664,root.odpis.naglowekP.wpis[6].dataWpisu,no_change,25.08.2004,25.08.2004
CGI Information Systems and Management Consultants (Polska) Sp. z o.o.,0000078664,root.odpis.naglowekP.wpis[6].numerWpisu,no_change,7,7
CGI Information Systems and Management Consultants (Polska) Sp. z o.o.,0000078664,root.odpis.naglowekP.wpis[6].opis,no_change,ZMIANA DANYCH W REJESTRZE,ZMIANA DANYCH W REJESTRZE
CGI Information Systems and Management Consultants (Polska) Sp. z o.o.,0000078664,root.odpis.naglowekP.wpis[6].oznaczenieSaduDokonujacegoWpisu,no_change,"SĄD REJONOWY DLA M. ST. WARSZAWY W WARSZAWIE, XIX WYDZIAŁ GOSPODARCZY KRAJOWEGO REJESTRU SĄDOWEGO","SĄD REJONOWY DLA M. ST. WARSZAWY W WARSZAWIE, XIX WYDZIAŁ GOSPODARCZY KRAJOWEGO REJESTRU SĄDOWEGO"
CGI Information Systems and Management Consultants (Polska) Sp. z o.o.,0000078664,root.odpis.naglowekP.wpis[6].sygnaturaAktSprawyDotyczacejWpisu,no_change,WA.XIX NS-REJ.KRS/18501/04/493,WA.XIX NS-REJ.KRS/18501/04/493
CGI Information Systems and Management Consultants (Polska) Sp. z o.o.,0000078664,root.odpis.naglowekP.wpis[70].dataWpisu,no_change,10.01.2026,10.01.2026
CGI Information Systems and Management Consultants (Polska) Sp. z o.o.,0000078664,root.odpis.naglowekP.wpis[70].numerWpisu,no_change,71,71
CGI Information Systems and Management Consultants (Polska) Sp. z o.o.,0000078664,root.odpis.naglowekP.wpis[70].opis,no_change,ZMIANA DANYCH W REJESTRZE,ZMIANA DANYCH W REJESTRZE
CGI Information Systems and Management Consultants (Polska) Sp. z o.o.,0000078664,root.odpis.naglowekP.wpis[70].oznaczenieSaduDokonujacegoWpisu,no_change,"SĄD REJONOWY DLA M.ST. WARSZAWY W WARSZAWIE, XII WYDZIAŁ GOSPODARCZY KRAJOWEGO REJESTRU SĄDOWEGO","SĄD REJONOWY DLA M.ST. WARSZAWY W WARSZAWIE, XII WYDZIAŁ GOSPODARCZY KRAJOWEGO REJESTRU SĄDOWEGO"
CGI Information Systems and Management Consultants (Polska) Sp. z o.o.,0000078664,root.odpis.naglowekP.wpis[70].sygnaturaAktSprawyDotyczacejWpisu,no_change,WA.XII NS-REJ.KRS/1085/26/664,WA.XII NS-REJ.KRS/1085/26/664
CGI Information Systems and Management Consultants (Polska) Sp. z o.o.,0000078664,root.odpis.naglowekP.wpis[71].dataWpisu,no_change,17.04.2026,17.04.2026
CGI Information Systems and Management Consultants (Polska) Sp. z o.o.,0000078664,root.odpis.naglowekP.wpis[71].numerWpisu,no_change,72,72
CGI Information Systems and Management Consultants (Polska) Sp. z o.o.,0000078664,root.odpis.naglowekP.wpis[71].opis,no_change,ZMIANA DANYCH W REJESTRZE,ZMIANA DANYCH W REJESTRZE
CGI Information Systems and Management Consultants (Polska) Sp. z o.o.,0000078664,root.odpis.naglowekP.wpis[71].oznaczenieSaduDokonujacegoWpisu,no_change,SYSTEM,SYSTEM
CGI Information Systems and Management Consultants (Polska) Sp. z o.o.,0000078664,root.odpis.naglowekP.wpis[71].sygnaturaAktSprawyDotyczacejWpisu,no_change,RDF/812607/26/986,RDF/812607/26/986
CGI Information Systems and Management Consultants (Polska) Sp. z o.o.,0000078664,root.odpis.naglowekP.wpis[72].dataWpisu,no_change,17.04.2026,17.04.2026
CGI Information Systems and Management Consultants (Polska) Sp. z o.o.,0000078664,root.odpis.naglowekP.wpis[72].numerWpisu,no_change,73,73
CGI Information Systems and Management Consultants (Polska) Sp. z o.o.,0000078664,root.odpis.naglowekP.wpis[72].opis,no_change,ZMIANA DANYCH W REJESTRZE,ZMIANA DANYCH W REJESTRZE
CGI Information Systems and Management Consultants (Polska) Sp. z o.o.,0000078664,root.odpis.naglowekP.wpis[72].oznaczenieSaduDokonujacegoWpisu,no_change,SYSTEM,SYSTEM
CGI Information Systems and Management Consultants (Polska) Sp. z o.o.,0000078664,root.odpis.naglowekP.wpis[72].sygnaturaAktSprawyDotyczacejWpisu,no_change,RDF/812608/26/901,RDF/812608/26/901
CGI Information Systems and Management Consultants (Polska) Sp. z o.o.,0000078664,root.odpis.naglowekP.wpis[73].dataWpisu,no_change,17.04.2026,17.04.2026
CGI Information Systems and Management Consultants (Polska) Sp. z o.o.,0000078664,root.odpis.naglowekP.wpis[73].numerWpisu,no_change,74,74
CGI Information Systems and Management Consultants (Polska) Sp. z o.o.,0000078664,root.odpis.naglowekP.wpis[73].opis,no_change,ZMIANA DANYCH W REJESTRZE,ZMIANA DANYCH W REJESTRZE
CGI Information Systems and Management Consultants (Polska) Sp. z o.o.,0000078664,root.odpis.naglowekP.wpis[73].oznaczenieSaduDokonujacegoWpisu,no_change,SYSTEM,SYSTEM
CGI Information Systems and Management Consultants (Polska) Sp. z o.o.,0000078664,root.odpis.naglowekP.wpis[73].sygnaturaAktSprawyDotyczacejWpisu,no_change,RDF/812608/26/500,RDF/812608/26/500
CGI Information Systems and Management Consultants (Polska) Sp. z o.o.,0000078664,root.odpis.naglowekP.wpis[74].dataWpisu,no_change,17.04.2026,17.04.2026
CGI Information Systems and Management Consultants (Polska) Sp. z o.o.,0000078664,root.odpis.naglowekP.wpis[74].numerWpisu,no_change,75,75
CGI Information Systems and Management Consultants (Polska) Sp. z o.o.,0000078664,root.odpis.naglowekP.wpis[74].opis,no_change,ZMIANA DANYCH W REJESTRZE,ZMIANA DANYCH W REJESTRZE
CGI Information Systems and Management Consultants (Polska) Sp. z o.o.,0000078664,root.odpis.naglowekP.wpis[74].oznaczenieSaduDokonujacegoWpisu,no_change,SYSTEM,SYSTEM
CGI Information Systems and Management Consultants (Polska) Sp. z o.o.,0000078664,root.odpis.naglowekP.wpis[74].sygnaturaAktSprawyDotyczacejWpisu,no_change,RDF/812608/26/302,RDF/812608/26/302
CGI Information Systems and Management Consultants (Polska) Sp. z o.o.,0000078664,root.odpis.naglowekP.wpis[7].dataWpisu,no_change,24.02.2005,24.02.2005
CGI Information Systems and Management Consultants (Polska) Sp. z o.o.,0000078664,root.odpis.naglowekP.wpis[7].numerWpisu,no_change,8,8
CGI Information Systems and Management Consultants (Polska) Sp. z o.o.,0000078664,root.odpis.naglowekP.wpis[7].opis,no_change,ZMIANA DANYCH W REJESTRZE,ZMIANA DANYCH W REJESTRZE
CGI Information Systems and Management Consultants (Polska) Sp. z o.o.,0000078664,root.odpis.naglowekP.wpis[7].oznaczenieSaduDokonujacegoWpisu,no_change,"SĄD REJONOWY DLA M. ST. WARSZAWY W WARSZAWIE, XIX WYDZIAŁ GOSPODARCZY KRAJOWEGO REJESTRU SĄDOWEGO","SĄD REJONOWY DLA M. ST. WARSZAWY W WARSZAWIE, XIX WYDZIAŁ GOSPODARCZY KRAJOWEGO REJESTRU SĄDOWEGO"
CGI Information Systems and Management Consultants (Polska) Sp. z o.o.,0000078664,root.odpis.naglowekP.wpis[7].sygnaturaAktSprawyDotyczacejWpisu,no_change,WA.XIX NS-REJ.KRS/3472/05/681,WA.XIX NS-REJ.KRS/3472/05/681
CGI Information Systems and Management Consultants (Polska) Sp. z o.o.,0000078664,root.odpis.naglowekP.wpis[8].dataWpisu,no_change,12.07.2005,12.07.2005
CGI Information Systems and Management Consultants (Polska) Sp. z o.o.,0000078664,root.odpis.naglowekP.wpis[8].numerWpisu,no_change,9,9
CGI Information Systems and Management Consultants (Polska) Sp. z o.o.,0000078664,root.odpis.naglowekP.wpis[8].opis,no_change,ZMIANA DANYCH W REJESTRZE,ZMIANA DANYCH W REJESTRZE
CGI Information Systems and Management Consultants (Polska) Sp. z o.o.,0000078664,root.odpis.naglowekP.wpis[8].oznaczenieSaduDokonujacegoWpisu,no_change,"SĄD REJONOWY DLA M. ST. WARSZAWY W WARSZAWIE, XIX WYDZIAŁ GOSPODARCZY KRAJOWEGO REJESTRU SĄDOWEGO","SĄD REJONOWY DLA M. ST. WARSZAWY W WARSZAWIE, XIX WYDZIAŁ GOSPODARCZY KRAJOWEGO REJESTRU SĄDOWEGO"
CGI Information Systems and Management Consultants (Polska) Sp. z o.o.,0000078664,root.odpis.naglowekP.wpis[8].sygnaturaAktSprawyDotyczacejWpisu,no_change,WA.XIX NS-REJ.KRS/14935/05/183,WA.XIX NS-REJ.KRS/14935/05/183
CGI Information Systems and Management Consultants (Polska) Sp. z o.o.,0000078664,root.odpis.naglowekP.wpis[9].dataWpisu,no_change,25.04.2006,25.04.2006
CGI Information Systems and Management Consultants (Polska) Sp. z o.o.,0000078664,root.odpis.naglowekP.wpis[9].numerWpisu,no_change,10,10
CGI Information Systems and Management Consultants (Polska) Sp. z o.o.,0000078664,root.odpis.naglowekP.wpis[9].opis,no_change,ZMIANA DANYCH W REJESTRZE,ZMIANA DANYCH W REJESTRZE
CGI Information Systems and Management Consultants (Polska) Sp. z o.o.,0000078664,root.odpis.naglowekP.wpis[9].oznaczenieSaduDokonujacegoWpisu,no_change,"SĄD REJONOWY DLA M. ST. WARSZAWY W WARSZAWIE, XII WYDZIAŁ GOSPODARCZY KRAJOWEGO REJESTRU SĄDOWEGO","SĄD REJONOWY DLA M. ST. WARSZAWY W WARSZAWIE, XII WYDZIAŁ GOSPODARCZY KRAJOWEGO REJESTRU SĄDOWEGO"
CGI Information Systems and Management Consultants (Polska) Sp. z o.o.,0000078664,root.odpis.naglowekP.wpis[9].sygnaturaAktSprawyDotyczacejWpisu,no_change,WA.XII NS-REJ.KRS/7839/06/895,WA.XII NS-REJ.KRS/7839/06/895
CGI Information Systems and Management Consultants (Polska) Sp. z o.o.,0000078664,root.odpis.rodzaj,no_change,Pełny,Pełny
CGI Polska S.A.,0000307263,root.odpis.dane.dzial1.danePodmiotu.czyPosiadaStatusOPP[0].czyPosiadaStatusOPP,no_change,False,False
CGI Polska S.A.,0000307263,root.odpis.dane.dzial1.danePodmiotu.czyPosiadaStatusOPP[0].nrWpisuWprow,no_change,1,1
CGI Polska S.A.,0000307263,root.odpis.dane.dzial1.danePodmiotu.czyProwadziDzialalnoscZInnymiPodmiotami[0].czyProwadziDzialalnoscZInnymiPodmiotami,no_change,False,False
CGI Polska S.A.,0000307263,root.odpis.dane.dzial1.danePodmiotu.czyProwadziDzialalnoscZInnymiPodmiotami[0].nrWpisuWprow,no_change,1,1
CGI Polska S.A.,0000307263,root.odpis.dane.dzial1.danePodmiotu.formaPrawna[0].formaPrawna,no_change,SPÓŁKA AKCYJNA,SPÓŁKA AKCYJNA
CGI Polska S.A.,0000307263,root.odpis.dane.dzial1.danePodmiotu.formaPrawna[0].nrWpisuWprow,no_change,1,1
CGI Polska S.A.,0000307263,root.odpis.dane.dzial1.danePodmiotu.identyfikatory[0].identyfikatory.nip,no_change,6751387586,6751387586
CGI Polska S.A.,0000307263,root.odpis.dane.dzial1.danePodmiotu.identyfikatory[0].identyfikatory.regon,no_change,12070569600000,12070569600000
CGI Polska S.A.,0000307263,root.odpis.dane.dzial1.danePodmiotu.identyfikatory[0].nrWpisuWprow,no_change,2,2
CGI Polska S.A.,0000307263,root.odpis.dane.dzial1.danePodmiotu.nazwa[0].nazwa,no_change,IFIN24 SPÓŁKA AKCYJNA,IFIN24 SPÓŁKA AKCYJNA
CGI Polska S.A.,0000307263,root.odpis.dane.dzial1.danePodmiotu.nazwa[0].nrWpisuWprow,no_change,1,1
CGI Polska S.A.,0000307263,root.odpis.dane.dzial1.danePodmiotu.nazwa[0].nrWpisuWykr,no_change,9,9
CGI Polska S.A.,0000307263,root.odpis.dane.dzial1.danePodmiotu.nazwa[1].nazwa,no_change,COMARCH POLSKA SPÓŁKA AKCYJNA,COMARCH POLSKA SPÓŁKA AKCYJNA
CGI Polska S.A.,0000307263,root.odpis.dane.dzial1.danePodmiotu.nazwa[1].nrWpisuWprow,no_change,9,9
CGI Polska S.A.,0000307263,root.odpis.dane.dzial1.danePodmiotu.nazwa[1].nrWpisuWykr,no_change,68,68
CGI Polska S.A.,0000307263,root.odpis.dane.dzial1.danePodmiotu.nazwa[2].nazwa,no_change,CGI POLSKA SPÓŁKA AKCYJNA,CGI POLSKA SPÓŁKA AKCYJNA
CGI Polska S.A.,0000307263,root.odpis.dane.dzial1.danePodmiotu.nazwa[2].nrWpisuWprow,no_change,68,68
CGI Polska S.A.,0000307263,root.odpis.dane.dzial1.emisjeAkcji[0].czyAkcjeUprzywilejowaneLiczbaAkcjiRodzajUprzywilejowania[0].czyAkcjeUprzywilejowaneLiczbaAkcjiRodzajUprzywilejowania,no_change,AKCJE NIE SĄ UPRZYWILEJOWANE,AKCJE NIE SĄ UPRZYWILEJOWANE
CGI Polska S.A.,0000307263,root.odpis.dane.dzial1.emisjeAkcji[0].czyAkcjeUprzywilejowaneLiczbaAkcjiRodzajUprzywilejowania[0].nrWpisuWprow,no_change,1,1
CGI Polska S.A.,0000307263,root.odpis.dane.dzial1.emisjeAkcji[0].liczbaAkcjiWSerii[0].liczbaAkcjiWSerii,no_change,5000,5000
CGI Polska S.A.,0000307263,root.odpis.dane.dzial1.emisjeAkcji[0].liczbaAkcjiWSerii[0].nrWpisuWprow,no_change,1,1
CGI Polska S.A.,0000307263,root.odpis.dane.dzial1.emisjeAkcji[0].nazwaSeriiAkcji[0].nazwaSeriiAkcji,no_change,SERIA A,SERIA A
CGI Polska S.A.,0000307263,root.odpis.dane.dzial1.emisjeAkcji[0].nazwaSeriiAkcji[0].nrWpisuWprow,no_change,1,1
CGI Polska S.A.,0000307263,root.odpis.dane.dzial1.emisjeAkcji[1].czyAkcjeUprzywilejowaneLiczbaAkcjiRodzajUprzywilejowania[0].czyAkcjeUprzywilejowaneLiczbaAkcjiRodzajUprzywilejowania,no_change,AKCJE NIE SĄ UPRZYWILEJOWANE,AKCJE NIE SĄ UPRZYWILEJOWANE
CGI Polska S.A.,0000307263,root.odpis.dane.dzial1.emisjeAkcji[1].czyAkcjeUprzywilejowaneLiczbaAkcjiRodzajUprzywilejowania[0].nrWpisuWprow,no_change,64,64
CGI Polska S.A.,0000307263,root.odpis.dane.dzial1.emisjeAkcji[1].liczbaAkcjiWSerii[0].liczbaAkcjiWSerii,no_change,1643,1643
CGI Polska S.A.,0000307263,root.odpis.dane.dzial1.emisjeAkcji[1].liczbaAkcjiWSerii[0].nrWpisuWprow,no_change,64,64
CGI Polska S.A.,0000307263,root.odpis.dane.dzial1.emisjeAkcji[1].nazwaSeriiAkcji[0].nazwaSeriiAkcji,no_change,SERIA B,SERIA B
CGI Polska S.A.,0000307263,root.odpis.dane.dzial1.emisjeAkcji[1].nazwaSeriiAkcji[0].nrWpisuWprow,no_change,64,64
CGI Polska S.A.,0000307263,root.odpis.dane.dzial1.jednostkiTerenoweOddzialy[0].adres[0].kodPocztowy,no_change,91-463,91-463
CGI Polska S.A.,0000307263,root.odpis.dane.dzial1.jednostkiTerenoweOddzialy[0].adres[0].kraj,no_change,POLSKA,POLSKA
CGI Polska S.A.,0000307263,root.odpis.dane.dzial1.jednostkiTerenoweOddzialy[0].adres[0].miejscowosc,no_change,ŁÓDŹ,ŁÓDŹ
CGI Polska S.A.,0000307263,root.odpis.dane.dzial1.jednostkiTerenoweOddzialy[0].adres[0].nrDomu,no_change,54,54
CGI Polska S.A.,0000307263,root.odpis.dane.dzial1.jednostkiTerenoweOddzialy[0].adres[0].nrLokalu,no_change,56,56
CGI Polska S.A.,0000307263,root.odpis.dane.dzial1.jednostkiTerenoweOddzialy[0].adres[0].nrWpisuWprow,no_change,2,2
CGI Polska S.A.,0000307263,root.odpis.dane.dzial1.jednostkiTerenoweOddzialy[0].adres[0].nrWpisuWykr,no_change,5,5
CGI Polska S.A.,0000307263,root.odpis.dane.dzial1.jednostkiTerenoweOddzialy[0].adres[0].poczta,no_change,ŁÓDŹ,ŁÓDŹ
CGI Polska S.A.,0000307263,root.odpis.dane.dzial1.jednostkiTerenoweOddzialy[0].adres[0].ulica,no_change,ŁAGIEWNICKA,ŁAGIEWNICKA
CGI Polska S.A.,0000307263,root.odpis.dane.dzial1.jednostkiTerenoweOddzialy[0].adres[1].kodPocztowy,no_change,90-251,90-251
CGI Polska S.A.,0000307263,root.odpis.dane.dzial1.jednostkiTerenoweOddzialy[0].adres[1].kraj,no_change,POLSKA,POLSKA
CGI Polska S.A.,0000307263,root.odpis.dane.dzial1.jednostkiTerenoweOddzialy[0].adres[1].miejscowosc,no_change,ŁÓDŹ,ŁÓDŹ
CGI Polska S.A.,0000307263,root.odpis.dane.dzial1.jednostkiTerenoweOddzialy[0].adres[1].nrDomu,no_change,74,74
CGI Polska S.A.,0000307263,root.odpis.dane.dzial1.jednostkiTerenoweOddzialy[0].adres[1].nrWpisuWprow,no_change,5,5
CGI Polska S.A.,0000307263,root.odpis.dane.dzial1.jednostkiTerenoweOddzialy[0].adres[1].nrWpisuWykr,no_change,10,10
CGI Polska S.A.,0000307263,root.odpis.dane.dzial1.jednostkiTerenoweOddzialy[0].adres[1].poczta,no_change,ŁÓDŹ,ŁÓDŹ
CGI Polska S.A.,0000307263,root.odpis.dane.dzial1.jednostkiTerenoweOddzialy[0].adres[1].ulica,no_change,JARACZA,JARACZA
CGI Polska S.A.,0000307263,root.odpis.dane.dzial1.jednostkiTerenoweOddzialy[0].nazwa[0].nazwa,no_change,IFIN24 SPÓŁKA AKCYJNA ODDZIAŁ W ŁODZI,IFIN24 SPÓŁKA AKCYJNA ODDZIAŁ W ŁODZI
CGI Polska S.A.,0000307263,root.odpis.dane.dzial1.jednostkiTerenoweOddzialy[0].nazwa[0].nrWpisuWprow,no_change,2,2
CGI Polska S.A.,0000307263,root.odpis.dane.dzial1.jednostkiTerenoweOddzialy[0].nazwa[0].nrWpisuWykr,no_change,10,10
CGI Polska S.A.,0000307263,root.odpis.dane.dzial1.jednostkiTerenoweOddzialy[0].siedziba[0].gmina,no_change,M. ŁÓDŹ,M. ŁÓDŹ
CGI Polska S.A.,0000307263,root.odpis.dane.dzial1.jednostkiTerenoweOddzialy[0].siedziba[0].kraj,no_change,POLSKA,POLSKA
CGI Polska S.A.,0000307263,root.odpis.dane.dzial1.jednostkiTerenoweOddzialy[0].siedziba[0].miejscowosc,no_change,ŁÓDŹ,ŁÓDŹ
CGI Polska S.A.,0000307263,root.odpis.dane.dzial1.jednostkiTerenoweOddzialy[0].siedziba[0].nrWpisuWprow,no_change,2,2
CGI Polska S.A.,0000307263,root.odpis.dane.dzial1.jednostkiTerenoweOddzialy[0].siedziba[0].nrWpisuWykr,no_change,10,10
CGI Polska S.A.,0000307263,root.odpis.dane.dzial1.jednostkiTerenoweOddzialy[0].siedziba[0].powiat,no_change,M. ŁÓDŹ,M. ŁÓDŹ
CGI Polska S.A.,0000307263,root.odpis.dane.dzial1.jednostkiTerenoweOddzialy[0].siedziba[0].wojewodztwo,no_change,ŁÓDZKIE,ŁÓDZKIE
CGI Polska S.A.,0000307263,root.odpis.dane.dzial1.jednostkiTerenoweOddzialy[1].adres[0].kodPocztowy,no_change,40-019,40-019
CGI Polska S.A.,0000307263,root.odpis.dane.dzial1.jednostkiTerenoweOddzialy[1].adres[0].kraj,no_change,POLSKA,POLSKA
CGI Polska S.A.,0000307263,root.odpis.dane.dzial1.jednostkiTerenoweOddzialy[1].adres[0].miejscowosc,no_change,KATOWICE,KATOWICE
CGI Polska S.A.,0000307263,root.odpis.dane.dzial1.jednostkiTerenoweOddzialy[1].adres[0].nrDomu,no_change,29,29
CGI Polska S.A.,0000307263,root.odpis.dane.dzial1.jednostkiTerenoweOddzialy[1].adres[0].nrWpisuWprow,no_change,18,18
CGI Polska S.A.,0000307263,root.odpis.dane.dzial1.jednostkiTerenoweOddzialy[1].adres[0].nrWpisuWykr,no_change,68,68
CGI Polska S.A.,0000307263,root.odpis.dane.dzial1.jednostkiTerenoweOddzialy[1].adres[0].poczta,no_change,KATOWICE,KATOWICE
CGI Polska S.A.,0000307263,root.odpis.dane.dzial1.jednostkiTerenoweOddzialy[1].adres[0].ulica,no_change,UL. ZYGMUNTA KRASIŃSKIEGO,UL. ZYGMUNTA KRASIŃSKIEGO
CGI Polska S.A.,0000307263,root.odpis.dane.dzial1.jednostkiTerenoweOddzialy[1].nazwa[0].nazwa,no_change,COMARCH POLSKA SPÓŁKA AKCYJNA ODDZIAŁ W KATOWICACH,COMARCH POLSKA SPÓŁKA AKCYJNA ODDZIAŁ W KATOWICACH
CGI Polska S.A.,0000307263,root.odpis.dane.dzial1.jednostkiTerenoweOddzialy[1].nazwa[0].nrWpisuWprow,no_change,18,18
CGI Polska S.A.,0000307263,root.odpis.dane.dzial1.jednostkiTerenoweOddzialy[1].nazwa[0].nrWpisuWykr,no_change,68,68
CGI Polska S.A.,0000307263,root.odpis.dane.dzial1.jednostkiTerenoweOddzialy[1].siedziba[0].gmina,no_change,KATOWICE,KATOWICE
CGI Polska S.A.,0000307263,root.odpis.dane.dzial1.jednostkiTerenoweOddzialy[1].siedziba[0].kraj,no_change,POLSKA,POLSKA
CGI Polska S.A.,0000307263,root.odpis.dane.dzial1.jednostkiTerenoweOddzialy[1].siedziba[0].miejscowosc,no_change,KATOWICE,KATOWICE
CGI Polska S.A.,0000307263,root.odpis.dane.dzial1.jednostkiTerenoweOddzialy[1].siedziba[0].nrWpisuWprow,no_change,18,18
CGI Polska S.A.,0000307263,root.odpis.dane.dzial1.jednostkiTerenoweOddzialy[1].siedziba[0].nrWpisuWykr,no_change,68,68
CGI Polska S.A.,0000307263,root.odpis.dane.dzial1.jednostkiTerenoweOddzialy[1].siedziba[0].powiat,no_change,KATOWICE,KATOWICE
CGI Polska S.A.,0000307263,root.odpis.dane.dzial1.jednostkiTerenoweOddzialy[1].siedziba[0].wojewodztwo,no_change,ŚLĄSKIE,ŚLĄSKIE
CGI Polska S.A.,0000307263,root.odpis.dane.dzial1.jednostkiTerenoweOddzialy[2].adres[0].kodPocztowy,no_change,20-103,20-103
CGI Polska S.A.,0000307263,root.odpis.dane.dzial1.jednostkiTerenoweOddzialy[2].adres[0].kraj,no_change,POLSKA,POLSKA
CGI Polska S.A.,0000307263,root.odpis.dane.dzial1.jednostkiTerenoweOddzialy[2].adres[0].miejscowosc,no_change,LUBLIN,LUBLIN
CGI Polska S.A.,0000307263,root.odpis.dane.dzial1.jednostkiTerenoweOddzialy[2].adres[0].nrDomu,no_change,17,17
CGI Polska S.A.,0000307263,root.odpis.dane.dzial1.jednostkiTerenoweOddzialy[2].adres[0].nrWpisuWprow,no_change,18,18
CGI Polska S.A.,0000307263,root.odpis.dane.dzial1.jednostkiTerenoweOddzialy[2].adres[0].nrWpisuWykr,no_change,68,68
CGI Polska S.A.,0000307263,root.odpis.dane.dzial1.jednostkiTerenoweOddzialy[2].adres[0].poczta,no_change,LUBLIN,LUBLIN
CGI Polska S.A.,0000307263,root.odpis.dane.dzial1.jednostkiTerenoweOddzialy[2].adres[0].ulica,no_change,UL. RUSAŁKA,UL. RUSAŁKA
CGI Polska S.A.,0000307263,root.odpis.dane.dzial1.jednostkiTerenoweOddzialy[2].nazwa[0].nazwa,no_change,COMARCH POLSKA SPÓŁKA AKCYJNA ODDZIAŁ W LUBLINIE,COMARCH POLSKA SPÓŁKA AKCYJNA ODDZIAŁ W LUBLINIE
CGI Polska S.A.,0000307263,root.odpis.dane.dzial1.jednostkiTerenoweOddzialy[2].nazwa[0].nrWpisuWprow,no_change,18,18
CGI Polska S.A.,0000307263,root.odpis.dane.dzial1.jednostkiTerenoweOddzialy[2].nazwa[0].nrWpisuWykr,no_change,68,68
CGI Polska S.A.,0000307263,root.odpis.dane.dzial1.jednostkiTerenoweOddzialy[2].siedziba[0].gmina,no_change,LUBLIN,LUBLIN
CGI Polska S.A.,0000307263,root.odpis.dane.dzial1.jednostkiTerenoweOddzialy[2].siedziba[0].kraj,no_change,POLSKA,POLSKA
CGI Polska S.A.,0000307263,root.odpis.dane.dzial1.jednostkiTerenoweOddzialy[2].siedziba[0].miejscowosc,no_change,LUBLIN,LUBLIN
CGI Polska S.A.,0000307263,root.odpis.dane.dzial1.jednostkiTerenoweOddzialy[2].siedziba[0].nrWpisuWprow,no_change,18,18
CGI Polska S.A.,0000307263,root.odpis.dane.dzial1.jednostkiTerenoweOddzialy[2].siedziba[0].nrWpisuWykr,no_change,68,68
CGI Polska S.A.,0000307263,root.odpis.dane.dzial1.jednostkiTerenoweOddzialy[2].siedziba[0].powiat,no_change,LUBLIN,LUBLIN
CGI Polska S.A.,0000307263,root.odpis.dane.dzial1.jednostkiTerenoweOddzialy[2].siedziba[0].wojewodztwo,no_change,LUBELSKIE,LUBELSKIE
CGI Polska S.A.,0000307263,root.odpis.dane.dzial1.jednostkiTerenoweOddzialy[3].adres[0].kodPocztowy,no_change,90-251,90-251
CGI Polska S.A.,0000307263,root.odpis.dane.dzial1.jednostkiTerenoweOddzialy[3].adres[0].kraj,no_change,POLSKA,POLSKA
CGI Polska S.A.,0000307263,root.odpis.dane.dzial1.jednostkiTerenoweOddzialy[3].adres[0].miejscowosc,no_change,ŁÓDŹ,ŁÓDŹ
CGI Polska S.A.,0000307263,root.odpis.dane.dzial1.jednostkiTerenoweOddzialy[3].adres[0].nrDomu,no_change,74,74
CGI Polska S.A.,0000307263,root.odpis.dane.dzial1.jednostkiTerenoweOddzialy[3].adres[0].nrWpisuWprow,no_change,18,18
CGI Polska S.A.,0000307263,root.odpis.dane.dzial1.jednostkiTerenoweOddzialy[3].adres[0].nrWpisuWykr,no_change,68,68
CGI Polska S.A.,0000307263,root.odpis.dane.dzial1.jednostkiTerenoweOddzialy[3].adres[0].poczta,no_change,ŁÓDŹ,ŁÓDŹ
CGI Polska S.A.,0000307263,root.odpis.dane.dzial1.jednostkiTerenoweOddzialy[3].adres[0].ulica,no_change,UL. STEFANA JARACZA,UL. STEFANA JARACZA
CGI Polska S.A.,0000307263,root.odpis.dane.dzial1.jednostkiTerenoweOddzialy[3].nazwa[0].nazwa,no_change,COMARCH POLSKA SPÓŁKA AKCYJNA ODDZIAŁ W ŁODZI,COMARCH POLSKA SPÓŁKA AKCYJNA ODDZIAŁ W ŁODZI
CGI Polska S.A.,0000307263,root.odpis.dane.dzial1.jednostkiTerenoweOddzialy[3].nazwa[0].nrWpisuWprow,no_change,18,18
CGI Polska S.A.,0000307263,root.odpis.dane.dzial1.jednostkiTerenoweOddzialy[3].nazwa[0].nrWpisuWykr,no_change,68,68
CGI Polska S.A.,0000307263,root.odpis.dane.dzial1.jednostkiTerenoweOddzialy[3].siedziba[0].gmina,no_change,ŁÓDŹ,ŁÓDŹ
CGI Polska S.A.,0000307263,root.odpis.dane.dzial1.jednostkiTerenoweOddzialy[3].siedziba[0].kraj,no_change,POLSKA,POLSKA
CGI Polska S.A.,0000307263,root.odpis.dane.dzial1.jednostkiTerenoweOddzialy[3].siedziba[0].miejscowosc,no_change,ŁÓDŹ,ŁÓDŹ
CGI Polska S.A.,0000307263,root.odpis.dane.dzial1.jednostkiTerenoweOddzialy[3].siedziba[0].nrWpisuWprow,no_change,18,18
CGI Polska S.A.,0000307263,root.odpis.dane.dzial1.jednostkiTerenoweOddzialy[3].siedziba[0].nrWpisuWykr,no_change,68,68
CGI Polska S.A.,0000307263,root.odpis.dane.dzial1.jednostkiTerenoweOddzialy[3].siedziba[0].powiat,no_change,ŁÓDŹ,ŁÓDŹ
CGI Polska S.A.,0000307263,root.odpis.dane.dzial1.jednostkiTerenoweOddzialy[3].siedziba[0].wojewodztwo,no_change,ŁÓDZKIE,ŁÓDZKIE
CGI Polska S.A.,0000307263,root.odpis.dane.dzial1.jednostkiTerenoweOddzialy[4].adres[0].kodPocztowy,no_change,51-162,51-162
CGI Polska S.A.,0000307263,root.odpis.dane.dzial1.jednostkiTerenoweOddzialy[4].adres[0].kraj,no_change,POLSKA,POLSKA
CGI Polska S.A.,0000307263,root.odpis.dane.dzial1.jednostkiTerenoweOddzialy[4].adres[0].miejscowosc,no_change,WROCŁAW,WROCŁAW
CGI Polska S.A.,0000307263,root.odpis.dane.dzial1.jednostkiTerenoweOddzialy[4].adres[0].nrDomu,no_change,3-6,3-6
CGI Polska S.A.,0000307263,root.odpis.dane.dzial1.jednostkiTerenoweOddzialy[4].adres[0].nrWpisuWprow,no_change,18,18
CGI Polska S.A.,0000307263,root.odpis.dane.dzial1.jednostkiTerenoweOddzialy[4].adres[0].nrWpisuWykr,no_change,68,68
CGI Polska S.A.,0000307263,root.odpis.dane.dzial1.jednostkiTerenoweOddzialy[4].adres[0].poczta,no_change,WROCŁAW,WROCŁAW
CGI Polska S.A.,0000307263,root.odpis.dane.dzial1.jednostkiTerenoweOddzialy[4].adres[0].ulica,no_change,UL. JANA DŁUGOSZA,UL. JANA DŁUGOSZA
CGI Polska S.A.,0000307263,root.odpis.dane.dzial1.jednostkiTerenoweOddzialy[4].nazwa[0].nazwa,no_change,COMARCH POLSKA SPÓŁKA AKCYJNA ODDZIAŁ WE WROCŁAWIU,COMARCH POLSKA SPÓŁKA AKCYJNA ODDZIAŁ WE WROCŁAWIU
CGI Polska S.A.,0000307263,root.odpis.dane.dzial1.jednostkiTerenoweOddzialy[4].nazwa[0].nrWpisuWprow,no_change,18,18
CGI Polska S.A.,0000307263,root.odpis.dane.dzial1.jednostkiTerenoweOddzialy[4].nazwa[0].nrWpisuWykr,no_change,68,68
CGI Polska S.A.,0000307263,root.odpis.dane.dzial1.jednostkiTerenoweOddzialy[4].siedziba[0].gmina,no_change,WROCŁAW,WROCŁAW
CGI Polska S.A.,0000307263,root.odpis.dane.dzial1.jednostkiTerenoweOddzialy[4].siedziba[0].kraj,no_change,POLSKA,POLSKA
CGI Polska S.A.,0000307263,root.odpis.dane.dzial1.jednostkiTerenoweOddzialy[4].siedziba[0].miejscowosc,no_change,WROCŁAW,WROCŁAW
CGI Polska S.A.,0000307263,root.odpis.dane.dzial1.jednostkiTerenoweOddzialy[4].siedziba[0].nrWpisuWprow,no_change,18,18
CGI Polska S.A.,0000307263,root.odpis.dane.dzial1.jednostkiTerenoweOddzialy[4].siedziba[0].nrWpisuWykr,no_change,68,68
CGI Polska S.A.,0000307263,root.odpis.dane.dzial1.jednostkiTerenoweOddzialy[4].siedziba[0].powiat,no_change,WROCŁAW,WROCŁAW
CGI Polska S.A.,0000307263,root.odpis.dane.dzial1.jednostkiTerenoweOddzialy[4].siedziba[0].wojewodztwo,no_change,DOLNOŚLĄSKIE,DOLNOŚLĄSKIE
CGI Polska S.A.,0000307263,root.odpis.dane.dzial1.jedynyAkcjonariusz[0].czyPosiadaCaloscAkcji[0].czyPosiadaCaloscAkcji,no_change,True,True
CGI Polska S.A.,0000307263,root.odpis.dane.dzial1.jedynyAkcjonariusz[0].czyPosiadaCaloscAkcji[0].nrWpisuWprow,no_change,1,1
CGI Polska S.A.,0000307263,root.odpis.dane.dzial1.jedynyAkcjonariusz[0].czyPosiadaCaloscAkcji[0].nrWpisuWykr,no_change,66,66
CGI Polska S.A.,0000307263,root.odpis.dane.dzial1.jedynyAkcjonariusz[0].identyfikator[0].nrWpisuWprow,no_change,1,1
CGI Polska S.A.,0000307263,root.odpis.dane.dzial1.jedynyAkcjonariusz[0].identyfikator[0].nrWpisuWykr,no_change,66,66
CGI Polska S.A.,0000307263,root.odpis.dane.dzial1.jedynyAkcjonariusz[0].identyfikator[0].regon,no_change,12057614100000,12057614100000
CGI Polska S.A.,0000307263,root.odpis.dane.dzial1.jedynyAkcjonariusz[0].nazwa[0].nazwa,no_change,COMARCH CORPARATE FINANCE FUNDUSZ INWESTYCYJNY ZAMKNIĘTY,COMARCH CORPARATE FINANCE FUNDUSZ INWESTYCYJNY ZAMKNIĘTY
CGI Polska S.A.,0000307263,root.odpis.dane.dzial1.jedynyAkcjonariusz[0].nazwa[0].nrWpisuWprow,no_change,1,1
CGI Polska S.A.,0000307263,root.odpis.dane.dzial1.jedynyAkcjonariusz[0].nazwa[0].nrWpisuWykr,no_change,16,16
CGI Polska S.A.,0000307263,root.odpis.dane.dzial1.jedynyAkcjonariusz[0].nazwa[1].nazwa,no_change,COMARCH CORPORATE FINANCE FUNDUSZ INWESTYCYJNY ZAMKNIĘTY,COMARCH CORPORATE FINANCE FUNDUSZ INWESTYCYJNY ZAMKNIĘTY
CGI Polska S.A.,0000307263,root.odpis.dane.dzial1.jedynyAkcjonariusz[0].nazwa[1].nrWpisuWprow,no_change,16,16
CGI Polska S.A.,0000307263,root.odpis.dane.dzial1.jedynyAkcjonariusz[0].nazwa[1].nrWpisuWykr,no_change,66,66
CGI Polska S.A.,0000307263,root.odpis.dane.dzial1.jedynyAkcjonariusz[1].identyfikator[0].nrWpisuWprow,no_change,67,67
CGI Polska S.A.,0000307263,root.odpis.dane.dzial1.jedynyAkcjonariusz[1].identyfikator[0].regon,no_change,01274470200000,01274470200000
CGI Polska S.A.,0000307263,root.odpis.dane.dzial1.jedynyAkcjonariusz[1].krs[0].krs,no_change,0000078664,0000078664
CGI Polska S.A.,0000307263,root.odpis.dane.dzial1.jedynyAkcjonariusz[1].krs[0].nrWpisuWprow,no_change,67,67
CGI Polska S.A.,0000307263,root.odpis.dane.dzial1.jedynyAkcjonariusz[1].nazwa[0].nazwa,no_change,CGI INFORMATION SYSTEMS AND MANAGEMENT CONSULTANTS (POLSKA) SPÓŁKA Z OGRANICZONĄ ODPOWIEDZIALNOŚCIĄ,CGI INFORMATION SYSTEMS AND MANAGEMENT CONSULTANTS (POLSKA) SPÓŁKA Z OGRANICZONĄ ODPOWIEDZIALNOŚCIĄ
CGI Polska S.A.,0000307263,root.odpis.dane.dzial1.jedynyAkcjonariusz[1].nazwa[0].nrWpisuWprow,no_change,67,67
CGI Polska S.A.,0000307263,root.odpis.dane.dzial1.kapital.czescKapitaluWplaconegoPokrytego[0].nrWpisuWprow,no_change,1,1
CGI Polska S.A.,0000307263,root.odpis.dane.dzial1.kapital.czescKapitaluWplaconegoPokrytego[0].nrWpisuWykr,no_change,64,64
CGI Polska S.A.,0000307263,root.odpis.dane.dzial1.kapital.czescKapitaluWplaconegoPokrytego[0].waluta,no_change,PLN,PLN
CGI Polska S.A.,0000307263,root.odpis.dane.dzial1.kapital.czescKapitaluWplaconegoPokrytego[0].wartosc,no_change,"500000,00","500000,00"
CGI Polska S.A.,0000307263,root.odpis.dane.dzial1.kapital.czescKapitaluWplaconegoPokrytego[1].nrWpisuWprow,no_change,64,64
CGI Polska S.A.,0000307263,root.odpis.dane.dzial1.kapital.czescKapitaluWplaconegoPokrytego[1].waluta,no_change,PLN,PLN
CGI Polska S.A.,0000307263,root.odpis.dane.dzial1.kapital.czescKapitaluWplaconegoPokrytego[1].wartosc,no_change,"664300,00","664300,00"
CGI Polska S.A.,0000307263,root.odpis.dane.dzial1.kapital.lacznaLiczbaAkcjiUdzialow[0].lacznaLiczbaAkcjiUdzialow,no_change,5000,5000
CGI Polska S.A.,0000307263,root.odpis.dane.dzial1.kapital.lacznaLiczbaAkcjiUdzialow[0].nrWpisuWprow,no_change,1,1
CGI Polska S.A.,0000307263,root.odpis.dane.dzial1.kapital.lacznaLiczbaAkcjiUdzialow[0].nrWpisuWykr,no_change,64,64
CGI Polska S.A.,0000307263,root.odpis.dane.dzial1.kapital.lacznaLiczbaAkcjiUdzialow[1].lacznaLiczbaAkcjiUdzialow,no_change,6643,6643
CGI Polska S.A.,0000307263,root.odpis.dane.dzial1.kapital.lacznaLiczbaAkcjiUdzialow[1].nrWpisuWprow,no_change,64,64
CGI Polska S.A.,0000307263,root.odpis.dane.dzial1.kapital.wartoscJednejAkcji[0].nrWpisuWprow,no_change,1,1
CGI Polska S.A.,0000307263,root.odpis.dane.dzial1.kapital.wartoscJednejAkcji[0].waluta,no_change,PLN,PLN
CGI Polska S.A.,0000307263,root.odpis.dane.dzial1.kapital.wartoscJednejAkcji[0].wartosc,no_change,"100,00","100,00"
CGI Polska S.A.,0000307263,root.odpis.dane.dzial1.kapital.wysokoscKapitaluDocelowegoZapasowego[0].nrWpisuWprow,no_change,1,1
CGI Polska S.A.,0000307263,root.odpis.dane.dzial1.kapital.wysokoscKapitaluDocelowegoZapasowego[0].waluta,no_change,PLN,PLN
CGI Polska S.A.,0000307263,root.odpis.dane.dzial1.kapital.wysokoscKapitaluDocelowegoZapasowego[0].wartosc,no_change,"875000,00","875000,00"
CGI Polska S.A.,0000307263,root.odpis.dane.dzial1.kapital.wysokoscKapitaluZakladowego[0].nrWpisuWprow,no_change,1,1
CGI Polska S.A.,0000307263,root.odpis.dane.dzial1.kapital.wysokoscKapitaluZakladowego[0].nrWpisuWykr,no_change,64,64
CGI Polska S.A.,0000307263,root.odpis.dane.dzial1.kapital.wysokoscKapitaluZakladowego[0].waluta,no_change,PLN,PLN
CGI Polska S.A.,0000307263,root.odpis.dane.dzial1.kapital.wysokoscKapitaluZakladowego[0].wartosc,no_change,"500000,00","500000,00"
CGI Polska S.A.,0000307263,root.odpis.dane.dzial1.kapital.wysokoscKapitaluZakladowego[1].nrWpisuWprow,no_change,64,64
CGI Polska S.A.,0000307263,root.odpis.dane.dzial1.kapital.wysokoscKapitaluZakladowego[1].waluta,no_change,PLN,PLN
CGI Polska S.A.,0000307263,root.odpis.dane.dzial1.kapital.wysokoscKapitaluZakladowego[1].wartosc,no_change,"664300,00","664300,00"
CGI Polska S.A.,0000307263,root.odpis.dane.dzial1.pozostaleInformacje.czyObligatoriuszeMajaPrawoDoUdzialuWZysku[0].czyObligatoriuszeMajaPrawoDoUdzialuWZysku,no_change,False,False
CGI Polska S.A.,0000307263,root.odpis.dane.dzial1.pozostaleInformacje.czyObligatoriuszeMajaPrawoDoUdzialuWZysku[0].nrWpisuWprow,no_change,1,1
CGI Polska S.A.,0000307263,root.odpis.dane.dzial1.pozostaleInformacje.czyUmowaStatutPrzyznajeUprawnieniaOsobiste[0].czyUmowaStatutPrzyznajeUprawnieniaOsobiste,no_change,False,False
CGI Polska S.A.,0000307263,root.odpis.dane.dzial1.pozostaleInformacje.czyUmowaStatutPrzyznajeUprawnieniaOsobiste[0].nrWpisuWprow,no_change,1,1
CGI Polska S.A.,0000307263,root.odpis.dane.dzial1.pozostaleInformacje.informacjaOCzasieNaJakiZostalUtworzonyPodmiot[0].czasNaJakiUtworzonyZostalPodmiot,no_change,NIEOZNACZONY,NIEOZNACZONY
CGI Polska S.A.,0000307263,root.odpis.dane.dzial1.pozostaleInformacje.informacjaOCzasieNaJakiZostalUtworzonyPodmiot[0].nrWpisuWprow,no_change,1,1
CGI Polska S.A.,0000307263,root.odpis.dane.dzial1.siedzibaIAdres.adresDoDoreczenElektronicznychWpisanyDoBAE[0].adresDoDoreczenElektronicznychWpisanyDoBAE,no_change,AE:PL-85443-45708-VJBUF-18,AE:PL-85443-45708-VJBUF-18
CGI Polska S.A.,0000307263,root.odpis.dane.dzial1.siedzibaIAdres.adresDoDoreczenElektronicznychWpisanyDoBAE[0].nrWpisuWprow,no_change,59,59
CGI Polska S.A.,0000307263,root.odpis.dane.dzial1.siedzibaIAdres.adresStronyInternetowej[0].adresStronyInternetowej,no_change,WWW.COMARCH.PL/O-FIRMIE/GRUPA-KAPITALOWA-I-SPOLKI-STOWARZYSZONE/COMARCH-POLSKA-SA/,WWW.COMARCH.PL/O-FIRMIE/GRUPA-KAPITALOWA-I-SPOLKI-STOWARZYSZONE/COMARCH-POLSKA-SA/
CGI Polska S.A.,0000307263,root.odpis.dane.dzial1.siedzibaIAdres.adresStronyInternetowej[0].nrWpisuWprow,no_change,31,31
CGI Polska S.A.,0000307263,root.odpis.dane.dzial1.siedzibaIAdres.adresStronyInternetowej[0].nrWpisuWykr,no_change,68,68
CGI Polska S.A.,0000307263,root.odpis.dane.dzial1.siedzibaIAdres.adresStronyInternetowej[1].adresStronyInternetowej,no_change,WWW.CGI.COM/POLSKA/PL,WWW.CGI.COM/POLSKA/PL
CGI Polska S.A.,0000307263,root.odpis.dane.dzial1.siedzibaIAdres.adresStronyInternetowej[1].nrWpisuWprow,no_change,68,68
CGI Polska S.A.,0000307263,root.odpis.dane.dzial1.siedzibaIAdres.adres[0].kodPocztowy,no_change,31-864,31-864
CGI Polska S.A.,0000307263,root.odpis.dane.dzial1.siedzibaIAdres.adres[0].kraj,no_change,POLSKA,POLSKA
CGI Polska S.A.,0000307263,root.odpis.dane.dzial1.siedzibaIAdres.adres[0].miejscowosc,no_change,KRAKÓW,KRAKÓW
CGI Polska S.A.,0000307263,root.odpis.dane.dzial1.siedzibaIAdres.adres[0].nrDomu,no_change,39A,39A
CGI Polska S.A.,0000307263,root.odpis.dane.dzial1.siedzibaIAdres.adres[0].nrWpisuWprow,no_change,1,1
CGI Polska S.A.,0000307263,root.odpis.dane.dzial1.siedzibaIAdres.adres[0].nrWpisuWykr,no_change,9,9
CGI Polska S.A.,0000307263,root.odpis.dane.dzial1.siedzibaIAdres.adres[0].poczta,no_change,KRAKÓW,KRAKÓW
CGI Polska S.A.,0000307263,root.odpis.dane.dzial1.siedzibaIAdres.adres[0].ulica,no_change,ALEJA JANA PAWŁA II,ALEJA JANA PAWŁA II
CGI Polska S.A.,0000307263,root.odpis.dane.dzial1.siedzibaIAdres.adres[1].kodPocztowy,no_change,31-864,31-864
CGI Polska S.A.,0000307263,root.odpis.dane.dzial1.siedzibaIAdres.adres[1].kraj,no_change,POLSKA,POLSKA
CGI Polska S.A.,0000307263,root.odpis.dane.dzial1.siedzibaIAdres.adres[1].miejscowosc,no_change,KRAKÓW,KRAKÓW
CGI Polska S.A.,0000307263,root.odpis.dane.dzial1.siedzibaIAdres.adres[1].nrDomu,no_change,41 G,41 G
CGI Polska S.A.,0000307263,root.odpis.dane.dzial1.siedzibaIAdres.adres[1].nrWpisuWprow,no_change,9,9
CGI Polska S.A.,0000307263,root.odpis.dane.dzial1.siedzibaIAdres.adres[1].nrWpisuWykr,no_change,12,12
CGI Polska S.A.,0000307263,root.odpis.dane.dzial1.siedzibaIAdres.adres[1].poczta,no_change,KRAKÓW,KRAKÓW
CGI Polska S.A.,0000307263,root.odpis.dane.dzial1.siedzibaIAdres.adres[1].ulica,no_change,ALEJA JANA PAWŁA II,ALEJA JANA PAWŁA II
CGI Polska S.A.,0000307263,root.odpis.dane.dzial1.siedzibaIAdres.adres[2].kodPocztowy,no_change,31-864,31-864
CGI Polska S.A.,0000307263,root.odpis.dane.dzial1.siedzibaIAdres.adres[2].kraj,no_change,POLSKA,POLSKA
CGI Polska S.A.,0000307263,root.odpis.dane.dzial1.siedzibaIAdres.adres[2].miejscowosc,no_change,KRAKÓW,KRAKÓW
CGI Polska S.A.,0000307263,root.odpis.dane.dzial1.siedzibaIAdres.adres[2].nrDomu,no_change,39A,39A
CGI Polska S.A.,0000307263,root.odpis.dane.dzial1.siedzibaIAdres.adres[2].nrWpisuWprow,no_change,12,12
CGI Polska S.A.,0000307263,root.odpis.dane.dzial1.siedzibaIAdres.adres[2].nrWpisuWykr,no_change,58,58
CGI Polska S.A.,0000307263,root.odpis.dane.dzial1.siedzibaIAdres.adres[2].poczta,no_change,KRAKÓW,KRAKÓW
CGI Polska S.A.,0000307263,root.odpis.dane.dzial1.siedzibaIAdres.adres[2].ulica,no_change,ALEJA JANA PAWŁA II,ALEJA JANA PAWŁA II
CGI Polska S.A.,0000307263,root.odpis.dane.dzial1.siedzibaIAdres.adres[3].kodPocztowy,no_change,31-864,31-864
CGI Polska S.A.,0000307263,root.odpis.dane.dzial1.siedzibaIAdres.adres[3].kraj,no_change,POLSKA,POLSKA
CGI Polska S.A.,0000307263,root.odpis.dane.dzial1.siedzibaIAdres.adres[3].miejscowosc,no_change,KRAKÓW,KRAKÓW
CGI Polska S.A.,0000307263,root.odpis.dane.dzial1.siedzibaIAdres.adres[3].nrDomu,no_change,39A,39A
CGI Polska S.A.,0000307263,root.odpis.dane.dzial1.siedzibaIAdres.adres[3].nrWpisuWprow,no_change,58,58
CGI Polska S.A.,0000307263,root.odpis.dane.dzial1.siedzibaIAdres.adres[3].nrWpisuWykr,no_change,67,67
CGI Polska S.A.,0000307263,root.odpis.dane.dzial1.siedzibaIAdres.adres[3].poczta,no_change,KRAKÓW,KRAKÓW
CGI Polska S.A.,0000307263,root.odpis.dane.dzial1.siedzibaIAdres.adres[3].ulica,no_change,ALEJA JANA PAWŁA II,ALEJA JANA PAWŁA II
CGI Polska S.A.,0000307263,root.odpis.dane.dzial1.siedzibaIAdres.adres[4].kodPocztowy,no_change,00-499,00-499
CGI Polska S.A.,0000307263,root.odpis.dane.dzial1.siedzibaIAdres.adres[4].kraj,no_change,POLSKA,POLSKA
CGI Polska S.A.,0000307263,root.odpis.dane.dzial1.siedzibaIAdres.adres[4].miejscowosc,no_change,WARSZAWA,WARSZAWA
CGI Polska S.A.,0000307263,root.odpis.dane.dzial1.siedzibaIAdres.adres[4].nrDomu,no_change,10,10
CGI Polska S.A.,0000307263,root.odpis.dane.dzial1.siedzibaIAdres.adres[4].nrLokalu,no_change,14,14
CGI Polska S.A.,0000307263,root.odpis.dane.dzial1.siedzibaIAdres.adres[4].nrWpisuWprow,no_change,67,67
CGI Polska S.A.,0000307263,root.odpis.dane.dzial1.siedzibaIAdres.adres[4].nrWpisuWykr,no_change,69,69
CGI Polska S.A.,0000307263,root.odpis.dane.dzial1.siedzibaIAdres.adres[4].poczta,no_change,WARSZAWA,WARSZAWA
CGI Polska S.A.,0000307263,root.odpis.dane.dzial1.siedzibaIAdres.adres[4].ulica,no_change,PLAC TRZECH KRZYŻY,PLAC TRZECH KRZYŻY
CGI Polska S.A.,0000307263,root.odpis.dane.dzial1.siedzibaIAdres.adres[5].kodPocztowy,no_change,00-499,00-499
CGI Polska S.A.,0000307263,root.odpis.dane.dzial1.siedzibaIAdres.adres[5].kraj,no_change,POLSKA,POLSKA
CGI Polska S.A.,0000307263,root.odpis.dane.dzial1.siedzibaIAdres.adres[5].miejscowosc,no_change,WARSZAWA,WARSZAWA
CGI Polska S.A.,0000307263,root.odpis.dane.dzial1.siedzibaIAdres.adres[5].nrDomu,no_change,10/14,10/14
CGI Polska S.A.,0000307263,root.odpis.dane.dzial1.siedzibaIAdres.adres[5].nrWpisuWprow,no_change,69,69
CGI Polska S.A.,0000307263,root.odpis.dane.dzial1.siedzibaIAdres.adres[5].poczta,no_change,WARSZAWA,WARSZAWA
CGI Polska S.A.,0000307263,root.odpis.dane.dzial1.siedzibaIAdres.adres[5].ulica,no_change,PLAC TRZECH KRZYŻY,PLAC TRZECH KRZYŻY
CGI Polska S.A.,0000307263,root.odpis.dane.dzial1.siedzibaIAdres.siedziba[0].gmina,no_change,KRAKÓW,KRAKÓW
CGI Polska S.A.,0000307263,root.odpis.dane.dzial1.siedzibaIAdres.siedziba[0].kraj,no_change,POLSKA,POLSKA
CGI Polska S.A.,0000307263,root.odpis.dane.dzial1.siedzibaIAdres.siedziba[0].miejscowosc,no_change,KRAKÓW,KRAKÓW
CGI Polska S.A.,0000307263,root.odpis.dane.dzial1.siedzibaIAdres.siedziba[0].nrWpisuWprow,no_change,1,1
CGI Polska S.A.,0000307263,root.odpis.dane.dzial1.siedzibaIAdres.siedziba[0].nrWpisuWykr,no_change,58,58
CGI Polska S.A.,0000307263,root.odpis.dane.dzial1.siedzibaIAdres.siedziba[0].powiat,no_change,KRAKOWSKI,KRAKOWSKI
CGI Polska S.A.,0000307263,root.odpis.dane.dzial1.siedzibaIAdres.siedziba[0].wojewodztwo,no_change,MAŁOPOLSKIE,MAŁOPOLSKIE
CGI Polska S.A.,0000307263,root.odpis.dane.dzial1.siedzibaIAdres.siedziba[1].gmina,no_change,KRAKÓW,KRAKÓW
CGI Polska S.A.,0000307263,root.odpis.dane.dzial1.siedzibaIAdres.siedziba[1].kraj,no_change,POLSKA,POLSKA
CGI Polska S.A.,0000307263,root.odpis.dane.dzial1.siedzibaIAdres.siedziba[1].miejscowosc,no_change,KRAKÓW,KRAKÓW
CGI Polska S.A.,0000307263,root.odpis.dane.dzial1.siedzibaIAdres.siedziba[1].nrWpisuWprow,no_change,58,58
CGI Polska S.A.,0000307263,root.odpis.dane.dzial1.siedzibaIAdres.siedziba[1].nrWpisuWykr,no_change,67,67
CGI Polska S.A.,0000307263,root.odpis.dane.dzial1.siedzibaIAdres.siedziba[1].powiat,no_change,KRAKÓW,KRAKÓW
CGI Polska S.A.,0000307263,root.odpis.dane.dzial1.siedzibaIAdres.siedziba[1].wojewodztwo,no_change,MAŁOPOLSKIE,MAŁOPOLSKIE
CGI Polska S.A.,0000307263,root.odpis.dane.dzial1.siedzibaIAdres.siedziba[2].gmina,no_change,WARSZAWA,WARSZAWA
CGI Polska S.A.,0000307263,root.odpis.dane.dzial1.siedzibaIAdres.siedziba[2].kraj,no_change,POLSKA,POLSKA
CGI Polska S.A.,0000307263,root.odpis.dane.dzial1.siedzibaIAdres.siedziba[2].miejscowosc,no_change,WARSZAWA,WARSZAWA
CGI Polska S.A.,0000307263,root.odpis.dane.dzial1.siedzibaIAdres.siedziba[2].nrWpisuWprow,no_change,67,67
CGI Polska S.A.,0000307263,root.odpis.dane.dzial1.siedzibaIAdres.siedziba[2].powiat,no_change,WARSZAWA,WARSZAWA
CGI Polska S.A.,0000307263,root.odpis.dane.dzial1.siedzibaIAdres.siedziba[2].wojewodztwo,no_change,MAZOWIECKIE,MAZOWIECKIE
CGI Polska S.A.,0000307263,root.odpis.dane.dzial1.umowaStatut.informacjaOZawarciuZmianieUmowyStatutu[0].pozycja[0].nrWpisuWprow,no_change,1,1
CGI Polska S.A.,0000307263,root.odpis.dane.dzial1.umowaStatut.informacjaOZawarciuZmianieUmowyStatutu[0].pozycja[0].zawarcieZmianaUmowyStatutu,no_change,"5 MAJA 2008 ROK, ASESOR NOTARIALNY RADOSŁAW CHORABIK ZASTĘPCA NOTARIUSZA W KRAKOWIE DOROTY MIKI PROWADZĄCEJ KANCELARIĘ NOTARIALNĄ PRZY UL. LUBICZ NR 3; REPERTORIUM A NR 2544/2008","5 MAJA 2008 ROK, ASESOR NOTARIALNY RADOSŁAW CHORABIK ZASTĘPCA NOTARIUSZA W KRAKOWIE DOROTY MIKI PROWADZĄCEJ KANCELARIĘ NOTARIALNĄ PRZY UL. LUBICZ NR 3; REPERTORIUM A NR 2544/2008"
CGI Polska S.A.,0000307263,root.odpis.dane.dzial1.umowaStatut.informacjaOZawarciuZmianieUmowyStatutu[1].pozycja[0].nrWpisuWprow,no_change,9,9
CGI Polska S.A.,0000307263,root.odpis.dane.dzial1.umowaStatut.informacjaOZawarciuZmianieUmowyStatutu[1].pozycja[0].zawarcieZmianaUmowyStatutu,no_change,"24.02.2012 R., REPERTORIUM A NR 885/2012, NOTARIUSZ W KRAKOWIE RADOSŁAW CHORABIK PROWADZĄCY KANCELARIĘ NOTARIALNĄ PRZY PLACU WOLNICA 11/1. ZMIANIE ULEGŁY NASTĘPUJĄCE § STATUTU SPÓŁKI: § 1 (UST.1 I UST.2), § 6 (POPRZEZ MIANĘ UST.1 PKT 1-19), § 18 (UST.1 ZDANIE DRUGIE), § 21 DO § 6 STATUTU SPÓŁKI UST.1 DODANE ZOSTAŁY PKT 20-41.","24.02.2012 R., REPERTORIUM A NR 885/2012, NOTARIUSZ W KRAKOWIE RADOSŁAW CHORABIK PROWADZĄCY KANCELARIĘ NOTARIALNĄ PRZY PLACU WOLNICA 11/1. ZMIANIE ULEGŁY NASTĘPUJĄCE § STATUTU SPÓŁKI: § 1 (UST.1 I UST.2), § 6 (POPRZEZ MIANĘ UST.1 PKT 1-19), § 18 (UST.1 ZDANIE DRUGIE), § 21 DO § 6 STATUTU SPÓŁKI UST.1 DODANE ZOSTAŁY PKT 20-41."
CGI Polska S.A.,0000307263,root.odpis.dane.dzial1.umowaStatut.informacjaOZawarciuZmianieUmowyStatutu[2].pozycja[0].nrWpisuWprow,no_change,14,14
CGI Polska S.A.,0000307263,root.odpis.dane.dzial1.umowaStatut.informacjaOZawarciuZmianieUmowyStatutu[2].pozycja[0].zawarcieZmianaUmowyStatutu,no_change,"07.10.2014R., REP.A NR 5046/2014, NOTARIUSZ RADOSŁAW CHORABIK, KANCELARIA W KRAKOWIE,DODANIE § 6 UST.1 PKT.42 ORAZ PKT.43.","07.10.2014R., REP.A NR 5046/2014, NOTARIUSZ RADOSŁAW CHORABIK, KANCELARIA W KRAKOWIE,DODANIE § 6 UST.1 PKT.42 ORAZ PKT.43."
CGI Polska S.A.,0000307263,root.odpis.dane.dzial1.umowaStatut.informacjaOZawarciuZmianieUmowyStatutu[3].pozycja[0].nrWpisuWprow,no_change,45,45
CGI Polska S.A.,0000307263,root.odpis.dane.dzial1.umowaStatut.informacjaOZawarciuZmianieUmowyStatutu[3].pozycja[0].zawarcieZmianaUmowyStatutu,no_change,"08.09.2022 R., REPERTORIUM A NR 6054/2022, NOTARIUSZ RADOSŁAW CHORABIK, NOTARIUSZ RADOSŁAW CHORABIK NOTARIUSZ MAGDALENA WAWRUCH KANCELARIA NOTARIALNA S.C. W KRAKOWIE, PL. WOLNICA 11/1 DODANIE § 17(1) ORAZ § 21(1)","08.09.2022 R., REPERTORIUM A NR 6054/2022, NOTARIUSZ RADOSŁAW CHORABIK, NOTARIUSZ RADOSŁAW CHORABIK NOTARIUSZ MAGDALENA WAWRUCH KANCELARIA NOTARIALNA S.C. W KRAKOWIE, PL. WOLNICA 11/1 DODANIE § 17(1) ORAZ § 21(1)"
CGI Polska S.A.,0000307263,root.odpis.dane.dzial1.umowaStatut.informacjaOZawarciuZmianieUmowyStatutu[4].pozycja[0].nrWpisuWprow,no_change,58,58
CGI Polska S.A.,0000307263,root.odpis.dane.dzial1.umowaStatut.informacjaOZawarciuZmianieUmowyStatutu[4].pozycja[0].zawarcieZmianaUmowyStatutu,no_change,"26.11.2024R., REPERTORIUM A NR 7417/2024, NOTARIUSZ RADOSŁAW CHORABIK, KANCELARIA NOTARIALNA W KRAKOWIE, ZMIENIONY: §21","26.11.2024R., REPERTORIUM A NR 7417/2024, NOTARIUSZ RADOSŁAW CHORABIK, KANCELARIA NOTARIALNA W KRAKOWIE, ZMIENIONY: §21"
CGI Polska S.A.,0000307263,root.odpis.dane.dzial1.umowaStatut.informacjaOZawarciuZmianieUmowyStatutu[5].pozycja[0].nrWpisuWprow,no_change,64,64
CGI Polska S.A.,0000307263,root.odpis.dane.dzial1.umowaStatut.informacjaOZawarciuZmianieUmowyStatutu[5].pozycja[0].zawarcieZmianaUmowyStatutu,no_change,"14 LISTOPADA 2025 R., NR REPERTORIUM A 11708/2025, NOTARIUSZ MARCIN ŁASKI, KANCELARIA NOTARIALNA W WARSZAWIE, ZMIENIONO § 7 UST. 1, § 7 UST. 2 ORAZ PRZYJĘTO TEKST JEDNOLITY STATUTU SPÓŁKI.","14 LISTOPADA 2025 R., NR REPERTORIUM A 11708/2025, NOTARIUSZ MARCIN ŁASKI, KANCELARIA NOTARIALNA W WARSZAWIE, ZMIENIONO § 7 UST. 1, § 7 UST. 2 ORAZ PRZYJĘTO TEKST JEDNOLITY STATUTU SPÓŁKI."
CGI Polska S.A.,0000307263,root.odpis.dane.dzial1.umowaStatut.informacjaOZawarciuZmianieUmowyStatutu[6].pozycja[0].nrWpisuWprow,no_change,67,67
CGI Polska S.A.,0000307263,root.odpis.dane.dzial1.umowaStatut.informacjaOZawarciuZmianieUmowyStatutu[6].pozycja[0].zawarcieZmianaUmowyStatutu,no_change,"18 GRUDNIA 2025 R., REP. A 13448/2025, NOTARIUSZ PAWEŁ ZBIGNIEW CUPRIAK, KANCELARIA NOTARIALNA W WARSZAWIE, ZMIENIONO § 2, § 11 UST. 4, § 18 UST. 1 ORAZ PRZYJĘTO NOWY TEKST JEDNOLITY STATUTU SPÓŁKI.","18 GRUDNIA 2025 R., REP. A 13448/2025, NOTARIUSZ PAWEŁ ZBIGNIEW CUPRIAK, KANCELARIA NOTARIALNA W WARSZAWIE, ZMIENIONO § 2, § 11 UST. 4, § 18 UST. 1 ORAZ PRZYJĘTO NOWY TEKST JEDNOLITY STATUTU SPÓŁKI."
CGI Polska S.A.,0000307263,root.odpis.dane.dzial1.umowaStatut.informacjaOZawarciuZmianieUmowyStatutu[7].pozycja[0].nrWpisuWprow,no_change,68,68
CGI Polska S.A.,0000307263,root.odpis.dane.dzial1.umowaStatut.informacjaOZawarciuZmianieUmowyStatutu[7].pozycja[0].zawarcieZmianaUmowyStatutu,no_change,"19 STYCZNIA 2026 R., REP. A NR 742/2026, MICHAŁ CHOWANIEC, ZASTĘPCA NOTARIALNY NOTARIUSZA PAWŁA SAWICKIEGO, KANCELARIA NOTARIALNA W WARSZAWIE, ZMIENIONO § 1 UST. 1 I UST. 2 ORAZ PRZYJĘTO NOWY TEKST JEDNOLITY STATUTU SPÓŁKI.","19 STYCZNIA 2026 R., REP. A NR 742/2026, MICHAŁ CHOWANIEC, ZASTĘPCA NOTARIALNY NOTARIUSZA PAWŁA SAWICKIEGO, KANCELARIA NOTARIALNA W WARSZAWIE, ZMIENIONO § 1 UST. 1 I UST. 2 ORAZ PRZYJĘTO NOWY TEKST JEDNOLITY STATUTU SPÓŁKI."
CGI Polska S.A.,0000307263,root.odpis.dane.dzial1.wzmiankaOUpowaznieniuDoEmisjiWarrantowSubskrypcyjnych.czyZarzadJestUprawnionyDoEmisjiWarrantowSubskrypcyjnych[0].czyZarzadJestUprawnionyDoEmisjiWarrantowSubskrypcyjnych,no_change,False,False
CGI Polska S.A.,0000307263,root.odpis.dane.dzial1.wzmiankaOUpowaznieniuDoEmisjiWarrantowSubskrypcyjnych.czyZarzadJestUprawnionyDoEmisjiWarrantowSubskrypcyjnych[0].nrWpisuWprow,no_change,1,1
CGI Polska S.A.,0000307263,root.odpis.dane.dzial2.organNadzoru[0].nazwa[0].nazwa,no_change,RADA NADZORCZA,RADA NADZORCZA
CGI Polska S.A.,0000307263,root.odpis.dane.dzial2.organNadzoru[0].nazwa[0].nrWpisuWprow,no_change,1,1
CGI Polska S.A.,0000307263,root.odpis.dane.dzial2.organNadzoru[0].sklad[0].identyfikator[0].nrWpisuWprow,no_change,1,1
CGI Polska S.A.,0000307263,root.odpis.dane.dzial2.organNadzoru[0].sklad[0].identyfikator[0].nrWpisuWykr,no_change,9,9
CGI Polska S.A.,0000307263,root.odpis.dane.dzial2.organNadzoru[0].sklad[0].identyfikator[0].pesel,no_change,7**********,7**********
CGI Polska S.A.,0000307263,root.odpis.dane.dzial2.organNadzoru[0].sklad[0].imiona[0].imiona.imie,no_change,J****,J****
CGI Polska S.A.,0000307263,root.odpis.dane.dzial2.organNadzoru[0].sklad[0].imiona[0].nrWpisuWprow,no_change,1,1
CGI Polska S.A.,0000307263,root.odpis.dane.dzial2.organNadzoru[0].sklad[0].imiona[0].nrWpisuWykr,no_change,9,9
CGI Polska S.A.,0000307263,root.odpis.dane.dzial2.organNadzoru[0].sklad[0].nazwisko[0].nazwisko.nazwiskoICzlon,no_change,M****,M****
CGI Polska S.A.,0000307263,root.odpis.dane.dzial2.organNadzoru[0].sklad[0].nazwisko[0].nrWpisuWprow,no_change,1,1
CGI Polska S.A.,0000307263,root.odpis.dane.dzial2.organNadzoru[0].sklad[0].nazwisko[0].nrWpisuWykr,no_change,9,9
CGI Polska S.A.,0000307263,root.odpis.dane.dzial2.organNadzoru[0].sklad[10].identyfikator[0].nrWpisuWprow,no_change,40,40
CGI Polska S.A.,0000307263,root.odpis.dane.dzial2.organNadzoru[0].sklad[10].identyfikator[0].nrWpisuWykr,no_change,45,45
CGI Polska S.A.,0000307263,root.odpis.dane.dzial2.organNadzoru[0].sklad[10].identyfikator[0].pesel,no_change,7**********,7**********
CGI Polska S.A.,0000307263,root.odpis.dane.dzial2.organNadzoru[0].sklad[10].imiona[0].imiona.imie,no_change,B********,B********
CGI Polska S.A.,0000307263,root.odpis.dane.dzial2.organNadzoru[0].sklad[10].imiona[0].nrWpisuWprow,no_change,40,40
CGI Polska S.A.,0000307263,root.odpis.dane.dzial2.organNadzoru[0].sklad[10].imiona[0].nrWpisuWykr,no_change,45,45
CGI Polska S.A.,0000307263,root.odpis.dane.dzial2.organNadzoru[0].sklad[10].nazwisko[0].nazwisko.nazwiskoICzlon,no_change,G*********,G*********
CGI Polska S.A.,0000307263,root.odpis.dane.dzial2.organNadzoru[0].sklad[10].nazwisko[0].nazwisko.nazwiskoIICzlon,no_change,W**,W**
CGI Polska S.A.,0000307263,root.odpis.dane.dzial2.organNadzoru[0].sklad[10].nazwisko[0].nrWpisuWprow,no_change,40,40
CGI Polska S.A.,0000307263,root.odpis.dane.dzial2.organNadzoru[0].sklad[10].nazwisko[0].nrWpisuWykr,no_change,45,45
CGI Polska S.A.,0000307263,root.odpis.dane.dzial2.organNadzoru[0].sklad[11].identyfikator[0].nrWpisuWprow,no_change,45,45
CGI Polska S.A.,0000307263,root.odpis.dane.dzial2.organNadzoru[0].sklad[11].identyfikator[0].nrWpisuWykr,no_change,52,52
CGI Polska S.A.,0000307263,root.odpis.dane.dzial2.organNadzoru[0].sklad[11].identyfikator[0].pesel,no_change,5**********,5**********
CGI Polska S.A.,0000307263,root.odpis.dane.dzial2.organNadzoru[0].sklad[11].imiona[0].imiona.imie,no_change,J*****,J*****
CGI Polska S.A.,0000307263,root.odpis.dane.dzial2.organNadzoru[0].sklad[11].imiona[0].nrWpisuWprow,no_change,45,45
CGI Polska S.A.,0000307263,root.odpis.dane.dzial2.organNadzoru[0].sklad[11].imiona[0].nrWpisuWykr,no_change,52,52
CGI Polska S.A.,0000307263,root.odpis.dane.dzial2.organNadzoru[0].sklad[11].nazwisko[0].nazwisko.nazwiskoICzlon,no_change,F*******,F*******
CGI Polska S.A.,0000307263,root.odpis.dane.dzial2.organNadzoru[0].sklad[11].nazwisko[0].nrWpisuWprow,no_change,45,45
CGI Polska S.A.,0000307263,root.odpis.dane.dzial2.organNadzoru[0].sklad[11].nazwisko[0].nrWpisuWykr,no_change,52,52
CGI Polska S.A.,0000307263,root.odpis.dane.dzial2.organNadzoru[0].sklad[12].identyfikator[0].nrWpisuWprow,no_change,51,51
CGI Polska S.A.,0000307263,root.odpis.dane.dzial2.organNadzoru[0].sklad[12].identyfikator[0].nrWpisuWykr,no_change,65,65
CGI Polska S.A.,0000307263,root.odpis.dane.dzial2.organNadzoru[0].sklad[12].identyfikator[0].pesel,no_change,7**********,7**********
CGI Polska S.A.,0000307263,root.odpis.dane.dzial2.organNadzoru[0].sklad[12].imiona[0].imiona.imie,no_change,W*******,W*******
CGI Polska S.A.,0000307263,root.odpis.dane.dzial2.organNadzoru[0].sklad[12].imiona[0].nrWpisuWprow,no_change,51,51
CGI Polska S.A.,0000307263,root.odpis.dane.dzial2.organNadzoru[0].sklad[12].imiona[0].nrWpisuWykr,no_change,65,65
CGI Polska S.A.,0000307263,root.odpis.dane.dzial2.organNadzoru[0].sklad[12].nazwisko[0].nazwisko.nazwiskoICzlon,no_change,P*********,P*********
CGI Polska S.A.,0000307263,root.odpis.dane.dzial2.organNadzoru[0].sklad[12].nazwisko[0].nrWpisuWprow,no_change,51,51
CGI Polska S.A.,0000307263,root.odpis.dane.dzial2.organNadzoru[0].sklad[12].nazwisko[0].nrWpisuWykr,no_change,65,65
CGI Polska S.A.,0000307263,root.odpis.dane.dzial2.organNadzoru[0].sklad[13].identyfikator[0].nrWpisuWprow,no_change,52,52
CGI Polska S.A.,0000307263,root.odpis.dane.dzial2.organNadzoru[0].sklad[13].identyfikator[0].nrWpisuWykr,no_change,57,57
CGI Polska S.A.,0000307263,root.odpis.dane.dzial2.organNadzoru[0].sklad[13].identyfikator[0].pesel,no_change,7**********,7**********
CGI Polska S.A.,0000307263,root.odpis.dane.dzial2.organNadzoru[0].sklad[13].imiona[0].imiona.imie,no_change,A***,A***
CGI Polska S.A.,0000307263,root.odpis.dane.dzial2.organNadzoru[0].sklad[13].imiona[0].nrWpisuWprow,no_change,52,52
CGI Polska S.A.,0000307263,root.odpis.dane.dzial2.organNadzoru[0].sklad[13].imiona[0].nrWpisuWykr,no_change,57,57
CGI Polska S.A.,0000307263,root.odpis.dane.dzial2.organNadzoru[0].sklad[13].nazwisko[0].nazwisko.nazwiskoICzlon,no_change,P*****,P*****
CGI Polska S.A.,0000307263,root.odpis.dane.dzial2.organNadzoru[0].sklad[13].nazwisko[0].nrWpisuWprow,no_change,52,52
CGI Polska S.A.,0000307263,root.odpis.dane.dzial2.organNadzoru[0].sklad[13].nazwisko[0].nrWpisuWykr,no_change,57,57
CGI Polska S.A.,0000307263,root.odpis.dane.dzial2.organNadzoru[0].sklad[14].identyfikator[0].nrWpisuWprow,no_change,57,57
CGI Polska S.A.,0000307263,root.odpis.dane.dzial2.organNadzoru[0].sklad[14].identyfikator[0].nrWpisuWykr,no_change,58,58
CGI Polska S.A.,0000307263,root.odpis.dane.dzial2.organNadzoru[0].sklad[14].identyfikator[0].pesel,no_change,9**********,9**********
CGI Polska S.A.,0000307263,root.odpis.dane.dzial2.organNadzoru[0].sklad[14].imiona[0].imiona.imie,no_change,M****,M****
CGI Polska S.A.,0000307263,root.odpis.dane.dzial2.organNadzoru[0].sklad[14].imiona[0].nrWpisuWprow,no_change,57,57
CGI Polska S.A.,0000307263,root.odpis.dane.dzial2.organNadzoru[0].sklad[14].imiona[0].nrWpisuWykr,no_change,58,58
CGI Polska S.A.,0000307263,root.odpis.dane.dzial2.organNadzoru[0].sklad[14].nazwisko[0].nazwisko.nazwiskoICzlon,no_change,F*******,F*******
CGI Polska S.A.,0000307263,root.odpis.dane.dzial2.organNadzoru[0].sklad[14].nazwisko[0].nrWpisuWprow,no_change,57,57
CGI Polska S.A.,0000307263,root.odpis.dane.dzial2.organNadzoru[0].sklad[14].nazwisko[0].nrWpisuWykr,no_change,58,58
CGI Polska S.A.,0000307263,root.odpis.dane.dzial2.organNadzoru[0].sklad[15].identyfikator[0].nrWpisuWprow,no_change,58,58
CGI Polska S.A.,0000307263,root.odpis.dane.dzial2.organNadzoru[0].sklad[15].identyfikator[0].nrWpisuWykr,no_change,65,65
CGI Polska S.A.,0000307263,root.odpis.dane.dzial2.organNadzoru[0].sklad[15].identyfikator[0].pesel,no_change,8**********,8**********
CGI Polska S.A.,0000307263,root.odpis.dane.dzial2.organNadzoru[0].sklad[15].imiona[0].imiona.imie,no_change,M*****,M*****
CGI Polska S.A.,0000307263,root.odpis.dane.dzial2.organNadzoru[0].sklad[15].imiona[0].nrWpisuWprow,no_change,58,58
CGI Polska S.A.,0000307263,root.odpis.dane.dzial2.organNadzoru[0].sklad[15].imiona[0].nrWpisuWykr,no_change,65,65
CGI Polska S.A.,0000307263,root.odpis.dane.dzial2.organNadzoru[0].sklad[15].nazwisko[0].nazwisko.nazwiskoICzlon,no_change,R*****,R*****
CGI Polska S.A.,0000307263,root.odpis.dane.dzial2.organNadzoru[0].sklad[15].nazwisko[0].nrWpisuWprow,no_change,58,58
CGI Polska S.A.,0000307263,root.odpis.dane.dzial2.organNadzoru[0].sklad[15].nazwisko[0].nrWpisuWykr,no_change,65,65
CGI Polska S.A.,0000307263,root.odpis.dane.dzial2.organNadzoru[0].sklad[16].identyfikator[0].nrWpisuWprow,no_change,65,65
CGI Polska S.A.,0000307263,root.odpis.dane.dzial2.organNadzoru[0].sklad[16].identyfikator[0].nrWpisuWykr,no_change,67,67
CGI Polska S.A.,0000307263,root.odpis.dane.dzial2.organNadzoru[0].sklad[16].identyfikator[0].pesel,no_change,6**********,6**********
CGI Polska S.A.,0000307263,root.odpis.dane.dzial2.organNadzoru[0].sklad[16].imiona[0].imiona.imie,no_change,A***,A***
CGI Polska S.A.,0000307263,root.odpis.dane.dzial2.organNadzoru[0].sklad[16].imiona[0].nrWpisuWprow,no_change,65,65
CGI Polska S.A.,0000307263,root.odpis.dane.dzial2.organNadzoru[0].sklad[16].imiona[0].nrWpisuWykr,no_change,67,67
CGI Polska S.A.,0000307263,root.odpis.dane.dzial2.organNadzoru[0].sklad[16].nazwisko[0].nazwisko.nazwiskoICzlon,no_change,K******,K******
CGI Polska S.A.,0000307263,root.odpis.dane.dzial2.organNadzoru[0].sklad[16].nazwisko[0].nrWpisuWprow,no_change,65,65
CGI Polska S.A.,0000307263,root.odpis.dane.dzial2.organNadzoru[0].sklad[16].nazwisko[0].nrWpisuWykr,no_change,67,67
CGI Polska S.A.,0000307263,root.odpis.dane.dzial2.organNadzoru[0].sklad[17].identyfikator[0].nrWpisuWprow,no_change,65,65
CGI Polska S.A.,0000307263,root.odpis.dane.dzial2.organNadzoru[0].sklad[17].identyfikator[0].nrWpisuWykr,no_change,67,67
CGI Polska S.A.,0000307263,root.odpis.dane.dzial2.organNadzoru[0].sklad[17].identyfikator[0].pesel,no_change,8**********,8**********
CGI Polska S.A.,0000307263,root.odpis.dane.dzial2.organNadzoru[0].sklad[17].imiona[0].imiona.imie,no_change,J*****,J*****
CGI Polska S.A.,0000307263,root.odpis.dane.dzial2.organNadzoru[0].sklad[17].imiona[0].nrWpisuWprow,no_change,65,65
CGI Polska S.A.,0000307263,root.odpis.dane.dzial2.organNadzoru[0].sklad[17].imiona[0].nrWpisuWykr,no_change,67,67
CGI Polska S.A.,0000307263,root.odpis.dane.dzial2.organNadzoru[0].sklad[17].nazwisko[0].nazwisko.nazwiskoICzlon,no_change,O*******,O*******
CGI Polska S.A.,0000307263,root.odpis.dane.dzial2.organNadzoru[0].sklad[17].nazwisko[0].nrWpisuWprow,no_change,65,65
CGI Polska S.A.,0000307263,root.odpis.dane.dzial2.organNadzoru[0].sklad[17].nazwisko[0].nrWpisuWykr,no_change,67,67
CGI Polska S.A.,0000307263,root.odpis.dane.dzial2.organNadzoru[0].sklad[18].identyfikator[0].nrWpisuWprow,no_change,65,65
CGI Polska S.A.,0000307263,root.odpis.dane.dzial2.organNadzoru[0].sklad[18].identyfikator[0].nrWpisuWykr,no_change,67,67
CGI Polska S.A.,0000307263,root.odpis.dane.dzial2.organNadzoru[0].sklad[18].identyfikator[0].pesel,no_change,7**********,7**********
CGI Polska S.A.,0000307263,root.odpis.dane.dzial2.organNadzoru[0].sklad[18].imiona[0].imiona.imie,no_change,P****,P****
CGI Polska S.A.,0000307263,root.odpis.dane.dzial2.organNadzoru[0].sklad[18].imiona[0].nrWpisuWprow,no_change,65,65
CGI Polska S.A.,0000307263,root.odpis.dane.dzial2.organNadzoru[0].sklad[18].imiona[0].nrWpisuWykr,no_change,67,67
CGI Polska S.A.,0000307263,root.odpis.dane.dzial2.organNadzoru[0].sklad[18].nazwisko[0].nazwisko.nazwiskoICzlon,no_change,K******,K******
CGI Polska S.A.,0000307263,root.odpis.dane.dzial2.organNadzoru[0].sklad[18].nazwisko[0].nrWpisuWprow,no_change,65,65
CGI Polska S.A.,0000307263,root.odpis.dane.dzial2.organNadzoru[0].sklad[18].nazwisko[0].nrWpisuWykr,no_change,67,67
CGI Polska S.A.,0000307263,root.odpis.dane.dzial2.organNadzoru[0].sklad[19].identyfikator[0].dataUrodzenia,no_change,07.09.1970,07.09.1970
CGI Polska S.A.,0000307263,root.odpis.dane.dzial2.organNadzoru[0].sklad[19].identyfikator[0].nrWpisuWprow,no_change,67,67
CGI Polska S.A.,0000307263,root.odpis.dane.dzial2.organNadzoru[0].sklad[19].imiona[0].imiona.imie,no_change,S****,S****
CGI Polska S.A.,0000307263,root.odpis.dane.dzial2.organNadzoru[0].sklad[19].imiona[0].nrWpisuWprow,no_change,67,67
CGI Polska S.A.,0000307263,root.odpis.dane.dzial2.organNadzoru[0].sklad[19].nazwisko[0].nazwisko.nazwiskoICzlon,no_change,P*****,P*****
CGI Polska S.A.,0000307263,root.odpis.dane.dzial2.organNadzoru[0].sklad[19].nazwisko[0].nrWpisuWprow,no_change,67,67
CGI Polska S.A.,0000307263,root.odpis.dane.dzial2.organNadzoru[0].sklad[1].identyfikator[0].nrWpisuWprow,no_change,1,1
CGI Polska S.A.,0000307263,root.odpis.dane.dzial2.organNadzoru[0].sklad[1].identyfikator[0].nrWpisuWykr,no_change,9,9
CGI Polska S.A.,0000307263,root.odpis.dane.dzial2.organNadzoru[0].sklad[1].identyfikator[0].pesel,no_change,7**********,7**********
CGI Polska S.A.,0000307263,root.odpis.dane.dzial2.organNadzoru[0].sklad[1].imiona[0].imiona.imie,no_change,M*****,M*****
CGI Polska S.A.,0000307263,root.odpis.dane.dzial2.organNadzoru[0].sklad[1].imiona[0].nrWpisuWprow,no_change,1,1
CGI Polska S.A.,0000307263,root.odpis.dane.dzial2.organNadzoru[0].sklad[1].imiona[0].nrWpisuWykr,no_change,9,9
CGI Polska S.A.,0000307263,root.odpis.dane.dzial2.organNadzoru[0].sklad[1].nazwisko[0].nazwisko.nazwiskoICzlon,no_change,W*****,W*****
CGI Polska S.A.,0000307263,root.odpis.dane.dzial2.organNadzoru[0].sklad[1].nazwisko[0].nrWpisuWprow,no_change,1,1
CGI Polska S.A.,0000307263,root.odpis.dane.dzial2.organNadzoru[0].sklad[1].nazwisko[0].nrWpisuWykr,no_change,9,9
CGI Polska S.A.,0000307263,root.odpis.dane.dzial2.organNadzoru[0].sklad[20].identyfikator[0].dataUrodzenia,no_change,16.10.1967,16.10.1967
CGI Polska S.A.,0000307263,root.odpis.dane.dzial2.organNadzoru[0].sklad[20].identyfikator[0].nrWpisuWprow,no_change,67,67
CGI Polska S.A.,0000307263,root.odpis.dane.dzial2.organNadzoru[0].sklad[20].imiona[0].imiona.imie,no_change,N****,N****
CGI Polska S.A.,0000307263,root.odpis.dane.dzial2.organNadzoru[0].sklad[20].imiona[0].nrWpisuWprow,no_change,67,67
CGI Polska S.A.,0000307263,root.odpis.dane.dzial2.organNadzoru[0].sklad[20].nazwisko[0].nazwisko.nazwiskoICzlon,no_change,S***,S***
CGI Polska S.A.,0000307263,root.odpis.dane.dzial2.organNadzoru[0].sklad[20].nazwisko[0].nrWpisuWprow,no_change,67,67
CGI Polska S.A.,0000307263,root.odpis.dane.dzial2.organNadzoru[0].sklad[21].identyfikator[0].nrWpisuWprow,no_change,67,67
CGI Polska S.A.,0000307263,root.odpis.dane.dzial2.organNadzoru[0].sklad[21].identyfikator[0].pesel,no_change,7**********,7**********
CGI Polska S.A.,0000307263,root.odpis.dane.dzial2.organNadzoru[0].sklad[21].imiona[0].imiona.imie,no_change,A**,A**
CGI Polska S.A.,0000307263,root.odpis.dane.dzial2.organNadzoru[0].sklad[21].imiona[0].nrWpisuWprow,no_change,67,67
CGI Polska S.A.,0000307263,root.odpis.dane.dzial2.organNadzoru[0].sklad[21].nazwisko[0].nazwisko.nazwiskoICzlon,no_change,J******,J******
CGI Polska S.A.,0000307263,root.odpis.dane.dzial2.organNadzoru[0].sklad[21].nazwisko[0].nrWpisuWprow,no_change,67,67
CGI Polska S.A.,0000307263,root.odpis.dane.dzial2.organNadzoru[0].sklad[2].identyfikator[0].nrWpisuWprow,no_change,1,1
CGI Polska S.A.,0000307263,root.odpis.dane.dzial2.organNadzoru[0].sklad[2].identyfikator[0].nrWpisuWykr,no_change,6,6
CGI Polska S.A.,0000307263,root.odpis.dane.dzial2.organNadzoru[0].sklad[2].identyfikator[0].pesel,no_change,7**********,7**********
CGI Polska S.A.,0000307263,root.odpis.dane.dzial2.organNadzoru[0].sklad[2].imiona[0].imiona.imie,no_change,A***,A***
CGI Polska S.A.,0000307263,root.odpis.dane.dzial2.organNadzoru[0].sklad[2].imiona[0].nrWpisuWprow,no_change,1,1
CGI Polska S.A.,0000307263,root.odpis.dane.dzial2.organNadzoru[0].sklad[2].imiona[0].nrWpisuWykr,no_change,6,6
CGI Polska S.A.,0000307263,root.odpis.dane.dzial2.organNadzoru[0].sklad[2].nazwisko[0].nazwisko.nazwiskoICzlon,no_change,F*******,F*******
CGI Polska S.A.,0000307263,root.odpis.dane.dzial2.organNadzoru[0].sklad[2].nazwisko[0].nrWpisuWprow,no_change,1,1
CGI Polska S.A.,0000307263,root.odpis.dane.dzial2.organNadzoru[0].sklad[2].nazwisko[0].nrWpisuWykr,no_change,6,6
CGI Polska S.A.,0000307263,root.odpis.dane.dzial2.organNadzoru[0].sklad[3].identyfikator[0].nrWpisuWprow,no_change,1,1
CGI Polska S.A.,0000307263,root.odpis.dane.dzial2.organNadzoru[0].sklad[3].identyfikator[0].nrWpisuWykr,no_change,9,9
CGI Polska S.A.,0000307263,root.odpis.dane.dzial2.organNadzoru[0].sklad[3].identyfikator[0].pesel,no_change,7**********,7**********
CGI Polska S.A.,0000307263,root.odpis.dane.dzial2.organNadzoru[0].sklad[3].imiona[0].imiona.imie,no_change,T*****,T*****
CGI Polska S.A.,0000307263,root.odpis.dane.dzial2.organNadzoru[0].sklad[3].imiona[0].nrWpisuWprow,no_change,1,1
CGI Polska S.A.,0000307263,root.odpis.dane.dzial2.organNadzoru[0].sklad[3].imiona[0].nrWpisuWykr,no_change,9,9
CGI Polska S.A.,0000307263,root.odpis.dane.dzial2.organNadzoru[0].sklad[3].nazwisko[0].nazwisko.nazwiskoICzlon,no_change,M******,M******
CGI Polska S.A.,0000307263,root.odpis.dane.dzial2.organNadzoru[0].sklad[3].nazwisko[0].nrWpisuWprow,no_change,1,1
CGI Polska S.A.,0000307263,root.odpis.dane.dzial2.organNadzoru[0].sklad[3].nazwisko[0].nrWpisuWykr,no_change,9,9
CGI Polska S.A.,0000307263,root.odpis.dane.dzial2.organNadzoru[0].sklad[4].identyfikator[0].nrWpisuWprow,no_change,1,1
CGI Polska S.A.,0000307263,root.odpis.dane.dzial2.organNadzoru[0].sklad[4].identyfikator[0].nrWpisuWykr,no_change,7,7
CGI Polska S.A.,0000307263,root.odpis.dane.dzial2.organNadzoru[0].sklad[4].identyfikator[0].pesel,no_change,7**********,7**********
CGI Polska S.A.,0000307263,root.odpis.dane.dzial2.organNadzoru[0].sklad[4].imiona[0].imiona.imie,no_change,P****,P****
CGI Polska S.A.,0000307263,root.odpis.dane.dzial2.organNadzoru[0].sklad[4].imiona[0].nrWpisuWprow,no_change,1,1
CGI Polska S.A.,0000307263,root.odpis.dane.dzial2.organNadzoru[0].sklad[4].imiona[0].nrWpisuWykr,no_change,7,7
CGI Polska S.A.,0000307263,root.odpis.dane.dzial2.organNadzoru[0].sklad[4].nazwisko[0].nazwisko.nazwiskoICzlon,no_change,R*******,R*******
CGI Polska S.A.,0000307263,root.odpis.dane.dzial2.organNadzoru[0].sklad[4].nazwisko[0].nrWpisuWprow,no_change,1,1
CGI Polska S.A.,0000307263,root.odpis.dane.dzial2.organNadzoru[0].sklad[4].nazwisko[0].nrWpisuWykr,no_change,7,7
CGI Polska S.A.,0000307263,root.odpis.dane.dzial2.organNadzoru[0].sklad[5].identyfikator[0].nrWpisuWprow,no_change,9,9
CGI Polska S.A.,0000307263,root.odpis.dane.dzial2.organNadzoru[0].sklad[5].identyfikator[0].nrWpisuWykr,no_change,40,40
CGI Polska S.A.,0000307263,root.odpis.dane.dzial2.organNadzoru[0].sklad[5].identyfikator[0].pesel,no_change,6**********,6**********
CGI Polska S.A.,0000307263,root.odpis.dane.dzial2.organNadzoru[0].sklad[5].imiona[0].imiona.imie,no_change,A********,A********
CGI Polska S.A.,0000307263,root.odpis.dane.dzial2.organNadzoru[0].sklad[5].imiona[0].nrWpisuWprow,no_change,9,9
CGI Polska S.A.,0000307263,root.odpis.dane.dzial2.organNadzoru[0].sklad[5].imiona[0].nrWpisuWykr,no_change,40,40
CGI Polska S.A.,0000307263,root.odpis.dane.dzial2.organNadzoru[0].sklad[5].nazwisko[0].nazwisko.nazwiskoICzlon,no_change,G****,G****
CGI Polska S.A.,0000307263,root.odpis.dane.dzial2.organNadzoru[0].sklad[5].nazwisko[0].nrWpisuWprow,no_change,9,9
CGI Polska S.A.,0000307263,root.odpis.dane.dzial2.organNadzoru[0].sklad[5].nazwisko[0].nrWpisuWykr,no_change,40,40
CGI Polska S.A.,0000307263,root.odpis.dane.dzial2.organNadzoru[0].sklad[6].identyfikator[0].nrWpisuWprow,no_change,9,9
CGI Polska S.A.,0000307263,root.odpis.dane.dzial2.organNadzoru[0].sklad[6].identyfikator[0].nrWpisuWykr,no_change,21,21
CGI Polska S.A.,0000307263,root.odpis.dane.dzial2.organNadzoru[0].sklad[6].identyfikator[0].pesel,no_change,6**********,6**********
CGI Polska S.A.,0000307263,root.odpis.dane.dzial2.organNadzoru[0].sklad[6].imiona[0].imiona.imie,no_change,S*******,S*******
CGI Polska S.A.,0000307263,root.odpis.dane.dzial2.organNadzoru[0].sklad[6].imiona[0].nrWpisuWprow,no_change,9,9
CGI Polska S.A.,0000307263,root.odpis.dane.dzial2.organNadzoru[0].sklad[6].imiona[0].nrWpisuWykr,no_change,21,21
CGI Polska S.A.,0000307263,root.odpis.dane.dzial2.organNadzoru[0].sklad[6].nazwisko[0].nazwisko.nazwiskoICzlon,no_change,K*******,K*******
CGI Polska S.A.,0000307263,root.odpis.dane.dzial2.organNadzoru[0].sklad[6].nazwisko[0].nrWpisuWprow,no_change,9,9
CGI Polska S.A.,0000307263,root.odpis.dane.dzial2.organNadzoru[0].sklad[6].nazwisko[0].nrWpisuWykr,no_change,21,21
CGI Polska S.A.,0000307263,root.odpis.dane.dzial2.organNadzoru[0].sklad[7].identyfikator[0].nrWpisuWprow,no_change,9,9
CGI Polska S.A.,0000307263,root.odpis.dane.dzial2.organNadzoru[0].sklad[7].identyfikator[0].nrWpisuWykr,no_change,51,51
CGI Polska S.A.,0000307263,root.odpis.dane.dzial2.organNadzoru[0].sklad[7].identyfikator[0].pesel,no_change,7**********,7**********
CGI Polska S.A.,0000307263,root.odpis.dane.dzial2.organNadzoru[0].sklad[7].imiona[0].imiona.imie,no_change,M****,M****
CGI Polska S.A.,0000307263,root.odpis.dane.dzial2.organNadzoru[0].sklad[7].imiona[0].nrWpisuWprow,no_change,9,9
CGI Polska S.A.,0000307263,root.odpis.dane.dzial2.organNadzoru[0].sklad[7].imiona[0].nrWpisuWykr,no_change,51,51
CGI Polska S.A.,0000307263,root.odpis.dane.dzial2.organNadzoru[0].sklad[7].nazwisko[0].nazwisko.nazwiskoICzlon,no_change,Ł******,Ł******
CGI Polska S.A.,0000307263,root.odpis.dane.dzial2.organNadzoru[0].sklad[7].nazwisko[0].nrWpisuWprow,no_change,9,9
CGI Polska S.A.,0000307263,root.odpis.dane.dzial2.organNadzoru[0].sklad[7].nazwisko[0].nrWpisuWykr,no_change,51,51
CGI Polska S.A.,0000307263,root.odpis.dane.dzial2.organNadzoru[0].sklad[8].identyfikator[0].nrWpisuWprow,no_change,21,21
CGI Polska S.A.,0000307263,root.odpis.dane.dzial2.organNadzoru[0].sklad[8].identyfikator[0].nrWpisuWykr,no_change,40,40
CGI Polska S.A.,0000307263,root.odpis.dane.dzial2.organNadzoru[0].sklad[8].identyfikator[0].pesel,no_change,7**********,7**********
CGI Polska S.A.,0000307263,root.odpis.dane.dzial2.organNadzoru[0].sklad[8].imiona[0].imiona.imie,no_change,P*********,P*********
CGI Polska S.A.,0000307263,root.odpis.dane.dzial2.organNadzoru[0].sklad[8].imiona[0].nrWpisuWprow,no_change,21,21
CGI Polska S.A.,0000307263,root.odpis.dane.dzial2.organNadzoru[0].sklad[8].imiona[0].nrWpisuWykr,no_change,40,40
CGI Polska S.A.,0000307263,root.odpis.dane.dzial2.organNadzoru[0].sklad[8].nazwisko[0].nazwisko.nazwiskoICzlon,no_change,A********,A********
CGI Polska S.A.,0000307263,root.odpis.dane.dzial2.organNadzoru[0].sklad[8].nazwisko[0].nrWpisuWprow,no_change,21,21
CGI Polska S.A.,0000307263,root.odpis.dane.dzial2.organNadzoru[0].sklad[8].nazwisko[0].nrWpisuWykr,no_change,40,40
CGI Polska S.A.,0000307263,root.odpis.dane.dzial2.organNadzoru[0].sklad[9].identyfikator[0].nrWpisuWprow,no_change,40,40
CGI Polska S.A.,0000307263,root.odpis.dane.dzial2.organNadzoru[0].sklad[9].identyfikator[0].nrWpisuWykr,no_change,65,65
CGI Polska S.A.,0000307263,root.odpis.dane.dzial2.organNadzoru[0].sklad[9].identyfikator[0].pesel,no_change,7**********,7**********
CGI Polska S.A.,0000307263,root.odpis.dane.dzial2.organNadzoru[0].sklad[9].imiona[0].imiona.imie,no_change,G*******,G*******
CGI Polska S.A.,0000307263,root.odpis.dane.dzial2.organNadzoru[0].sklad[9].imiona[0].nrWpisuWprow,no_change,40,40
CGI Polska S.A.,0000307263,root.odpis.dane.dzial2.organNadzoru[0].sklad[9].imiona[0].nrWpisuWykr,no_change,65,65
CGI Polska S.A.,0000307263,root.odpis.dane.dzial2.organNadzoru[0].sklad[9].nazwisko[0].nazwisko.nazwiskoICzlon,no_change,R*****,R*****
CGI Polska S.A.,0000307263,root.odpis.dane.dzial2.organNadzoru[0].sklad[9].nazwisko[0].nrWpisuWprow,no_change,40,40
CGI Polska S.A.,0000307263,root.odpis.dane.dzial2.organNadzoru[0].sklad[9].nazwisko[0].nrWpisuWykr,no_change,65,65
CGI Polska S.A.,0000307263,root.odpis.dane.dzial2.prokurenci[0].identyfikator[0].nrWpisuWprow,no_change,2,2
CGI Polska S.A.,0000307263,root.odpis.dane.dzial2.prokurenci[0].identyfikator[0].nrWpisuWykr,no_change,7,7
CGI Polska S.A.,0000307263,root.odpis.dane.dzial2.prokurenci[0].identyfikator[0].pesel,no_change,7**********,7**********
CGI Polska S.A.,0000307263,root.odpis.dane.dzial2.prokurenci[0].imiona[0].imiona.imie,no_change,K********,K********
CGI Polska S.A.,0000307263,root.odpis.dane.dzial2.prokurenci[0].imiona[0].nrWpisuWprow,no_change,2,2
CGI Polska S.A.,0000307263,root.odpis.dane.dzial2.prokurenci[0].imiona[0].nrWpisuWykr,no_change,7,7
CGI Polska S.A.,0000307263,root.odpis.dane.dzial2.prokurenci[0].nazwisko[0].nazwisko.nazwiskoICzlon,no_change,M*****,M*****
CGI Polska S.A.,0000307263,root.odpis.dane.dzial2.prokurenci[0].nazwisko[0].nrWpisuWprow,no_change,2,2
CGI Polska S.A.,0000307263,root.odpis.dane.dzial2.prokurenci[0].nazwisko[0].nrWpisuWykr,no_change,7,7
CGI Polska S.A.,0000307263,root.odpis.dane.dzial2.prokurenci[0].rodzajProkury[0].nrWpisuWprow,no_change,2,2
CGI Polska S.A.,0000307263,root.odpis.dane.dzial2.prokurenci[0].rodzajProkury[0].nrWpisuWykr,no_change,7,7
CGI Polska S.A.,0000307263,root.odpis.dane.dzial2.prokurenci[0].rodzajProkury[0].rodzajProkury,no_change,"ŁĄCZNA, WYKONYWANA Z CZŁONKIEM ZARZĄDU","ŁĄCZNA, WYKONYWANA Z CZŁONKIEM ZARZĄDU"
CGI Polska S.A.,0000307263,root.odpis.dane.dzial2.prokurenci[1].identyfikator[0].nrWpisuWprow,no_change,8,8
CGI Polska S.A.,0000307263,root.odpis.dane.dzial2.prokurenci[1].identyfikator[0].nrWpisuWykr,no_change,67,67
CGI Polska S.A.,0000307263,root.odpis.dane.dzial2.prokurenci[1].identyfikator[0].pesel,no_change,7**********,7**********
CGI Polska S.A.,0000307263,root.odpis.dane.dzial2.prokurenci[1].imiona[0].imiona.imie,no_change,M*****,M*****
CGI Polska S.A.,0000307263,root.odpis.dane.dzial2.prokurenci[1].imiona[0].nrWpisuWprow,no_change,8,8
CGI Polska S.A.,0000307263,root.odpis.dane.dzial2.prokurenci[1].imiona[0].nrWpisuWykr,no_change,67,67
CGI Polska S.A.,0000307263,root.odpis.dane.dzial2.prokurenci[1].nazwisko[0].nazwisko.nazwiskoICzlon,no_change,B*****,B*****
CGI Polska S.A.,0000307263,root.odpis.dane.dzial2.prokurenci[1].nazwisko[0].nrWpisuWprow,no_change,8,8
CGI Polska S.A.,0000307263,root.odpis.dane.dzial2.prokurenci[1].nazwisko[0].nrWpisuWykr,no_change,67,67
CGI Polska S.A.,0000307263,root.odpis.dane.dzial2.prokurenci[1].rodzajProkury[0].nrWpisuWprow,no_change,8,8
CGI Polska S.A.,0000307263,root.odpis.dane.dzial2.prokurenci[1].rodzajProkury[0].nrWpisuWykr,no_change,17,17
CGI Polska S.A.,0000307263,root.odpis.dane.dzial2.prokurenci[1].rodzajProkury[0].rodzajProkury,no_change,PROKURA ŁĄCZNA Z CZŁONKIEM ZARZĄDU,PROKURA ŁĄCZNA Z CZŁONKIEM ZARZĄDU
CGI Polska S.A.,0000307263,root.odpis.dane.dzial2.prokurenci[1].rodzajProkury[1].nrWpisuWprow,no_change,17,17
CGI Polska S.A.,0000307263,root.odpis.dane.dzial2.prokurenci[1].rodzajProkury[1].nrWpisuWykr,no_change,30,30
CGI Polska S.A.,0000307263,root.odpis.dane.dzial2.prokurenci[1].rodzajProkury[1].rodzajProkury,no_change,PROKURA ŁĄCZNA Z INNYM PROKURENTEM,PROKURA ŁĄCZNA Z INNYM PROKURENTEM
CGI Polska S.A.,0000307263,root.odpis.dane.dzial2.prokurenci[1].rodzajProkury[2].nrWpisuWprow,no_change,30,30
CGI Polska S.A.,0000307263,root.odpis.dane.dzial2.prokurenci[1].rodzajProkury[2].nrWpisuWykr,no_change,67,67
CGI Polska S.A.,0000307263,root.odpis.dane.dzial2.prokurenci[1].rodzajProkury[2].rodzajProkury,no_change,PROKURA ŁĄCZNA Z CZŁONKIEM ZARZĄDU,PROKURA ŁĄCZNA Z CZŁONKIEM ZARZĄDU
CGI Polska S.A.,0000307263,root.odpis.dane.dzial2.prokurenci[2].identyfikator[0].nrWpisuWprow,no_change,9,9
CGI Polska S.A.,0000307263,root.odpis.dane.dzial2.prokurenci[2].identyfikator[0].nrWpisuWykr,no_change,46,46
CGI Polska S.A.,0000307263,root.odpis.dane.dzial2.prokurenci[2].identyfikator[0].pesel,no_change,7**********,7**********
CGI Polska S.A.,0000307263,root.odpis.dane.dzial2.prokurenci[2].imiona[0].imiona.imie,no_change,T*****,T*****
CGI Polska S.A.,0000307263,root.odpis.dane.dzial2.prokurenci[2].imiona[0].nrWpisuWprow,no_change,9,9
CGI Polska S.A.,0000307263,root.odpis.dane.dzial2.prokurenci[2].imiona[0].nrWpisuWykr,no_change,46,46
CGI Polska S.A.,0000307263,root.odpis.dane.dzial2.prokurenci[2].nazwisko[0].nazwisko.nazwiskoICzlon,no_change,M******,M******
CGI Polska S.A.,0000307263,root.odpis.dane.dzial2.prokurenci[2].nazwisko[0].nrWpisuWprow,no_change,9,9
CGI Polska S.A.,0000307263,root.odpis.dane.dzial2.prokurenci[2].nazwisko[0].nrWpisuWykr,no_change,46,46
CGI Polska S.A.,0000307263,root.odpis.dane.dzial2.prokurenci[2].rodzajProkury[0].nrWpisuWprow,no_change,9,9
CGI Polska S.A.,0000307263,root.odpis.dane.dzial2.prokurenci[2].rodzajProkury[0].nrWpisuWykr,no_change,17,17
CGI Polska S.A.,0000307263,root.odpis.dane.dzial2.prokurenci[2].rodzajProkury[0].rodzajProkury,no_change,PROKURA ŁACZNA Z CZŁONKIEM ZARZĄDU.,PROKURA ŁACZNA Z CZŁONKIEM ZARZĄDU.
CGI Polska S.A.,0000307263,root.odpis.dane.dzial2.prokurenci[2].rodzajProkury[1].nrWpisuWprow,no_change,17,17
CGI Polska S.A.,0000307263,root.odpis.dane.dzial2.prokurenci[2].rodzajProkury[1].nrWpisuWykr,no_change,30,30
CGI Polska S.A.,0000307263,root.odpis.dane.dzial2.prokurenci[2].rodzajProkury[1].rodzajProkury,no_change,PROKURA ŁĄCZNA Z INNYM PROKURENTEM,PROKURA ŁĄCZNA Z INNYM PROKURENTEM
CGI Polska S.A.,0000307263,root.odpis.dane.dzial2.prokurenci[2].rodzajProkury[2].nrWpisuWprow,no_change,30,30
CGI Polska S.A.,0000307263,root.odpis.dane.dzial2.prokurenci[2].rodzajProkury[2].nrWpisuWykr,no_change,46,46
CGI Polska S.A.,0000307263,root.odpis.dane.dzial2.prokurenci[2].rodzajProkury[2].rodzajProkury,no_change,PROKURA ŁĄCZNA Z CZŁONKIEM ZARZĄDU,PROKURA ŁĄCZNA Z CZŁONKIEM ZARZĄDU
CGI Polska S.A.,0000307263,root.odpis.dane.dzial2.prokurenci[3].identyfikator[0].nrWpisuWprow,no_change,30,30
CGI Polska S.A.,0000307263,root.odpis.dane.dzial2.prokurenci[3].identyfikator[0].pesel,no_change,6**********,6**********
CGI Polska S.A.,0000307263,root.odpis.dane.dzial2.prokurenci[3].imiona[0].imiona.imie,no_change,S*******,S*******
CGI Polska S.A.,0000307263,root.odpis.dane.dzial2.prokurenci[3].imiona[0].nrWpisuWprow,no_change,30,30
CGI Polska S.A.,0000307263,root.odpis.dane.dzial2.prokurenci[3].nazwisko[0].nazwisko.nazwiskoICzlon,no_change,K*******,K*******
CGI Polska S.A.,0000307263,root.odpis.dane.dzial2.prokurenci[3].nazwisko[0].nrWpisuWprow,no_change,30,30
CGI Polska S.A.,0000307263,root.odpis.dane.dzial2.prokurenci[3].rodzajProkury[0].nrWpisuWprow,no_change,30,30
CGI Polska S.A.,0000307263,root.odpis.dane.dzial2.prokurenci[3].rodzajProkury[0].rodzajProkury,no_change,PROKURA ŁĄCZNA Z CZŁONKIEM ZARZĄDU,PROKURA ŁĄCZNA Z CZŁONKIEM ZARZĄDU
CGI Polska S.A.,0000307263,root.odpis.dane.dzial2.reprezentacja[0].nazwaOrganu[0].nazwaOrganu,no_change,ZARZĄD,ZARZĄD
CGI Polska S.A.,0000307263,root.odpis.dane.dzial2.reprezentacja[0].nazwaOrganu[0].nrWpisuWprow,no_change,1,1
CGI Polska S.A.,0000307263,root.odpis.dane.dzial2.reprezentacja[0].sklad[0].czyZawieszona[0].czyZawieszona,no_change,False,False
CGI Polska S.A.,0000307263,root.odpis.dane.dzial2.reprezentacja[0].sklad[0].czyZawieszona[0].nrWpisuWprow,no_change,1,1
CGI Polska S.A.,0000307263,root.odpis.dane.dzial2.reprezentacja[0].sklad[0].czyZawieszona[0].nrWpisuWykr,no_change,65,65
CGI Polska S.A.,0000307263,root.odpis.dane.dzial2.reprezentacja[0].sklad[0].funkcjaWOrganie[0].funkcjaWOrganie,no_change,CZŁONEK ZARZĄDU,CZŁONEK ZARZĄDU
CGI Polska S.A.,0000307263,root.odpis.dane.dzial2.reprezentacja[0].sklad[0].funkcjaWOrganie[0].nrWpisuWprow,no_change,1,1
CGI Polska S.A.,0000307263,root.odpis.dane.dzial2.reprezentacja[0].sklad[0].funkcjaWOrganie[0].nrWpisuWykr,no_change,3,3
CGI Polska S.A.,0000307263,root.odpis.dane.dzial2.reprezentacja[0].sklad[0].funkcjaWOrganie[1].funkcjaWOrganie,no_change,WICEPREZES ZARZĄDU,WICEPREZES ZARZĄDU
CGI Polska S.A.,0000307263,root.odpis.dane.dzial2.reprezentacja[0].sklad[0].funkcjaWOrganie[1].nrWpisuWprow,no_change,3,3
CGI Polska S.A.,0000307263,root.odpis.dane.dzial2.reprezentacja[0].sklad[0].funkcjaWOrganie[1].nrWpisuWykr,no_change,65,65
CGI Polska S.A.,0000307263,root.odpis.dane.dzial2.reprezentacja[0].sklad[0].identyfikator[0].nrWpisuWprow,no_change,1,1
CGI Polska S.A.,0000307263,root.odpis.dane.dzial2.reprezentacja[0].sklad[0].identyfikator[0].nrWpisuWykr,no_change,65,65
CGI Polska S.A.,0000307263,root.odpis.dane.dzial2.reprezentacja[0].sklad[0].identyfikator[0].pesel,no_change,7**********,7**********
CGI Polska S.A.,0000307263,root.odpis.dane.dzial2.reprezentacja[0].sklad[0].imiona[0].imiona.imie,no_change,K*****,K*****
CGI Polska S.A.,0000307263,root.odpis.dane.dzial2.reprezentacja[0].sklad[0].imiona[0].nrWpisuWprow,no_change,1,1
CGI Polska S.A.,0000307263,root.odpis.dane.dzial2.reprezentacja[0].sklad[0].imiona[0].nrWpisuWykr,no_change,65,65
CGI Polska S.A.,0000307263,root.odpis.dane.dzial2.reprezentacja[0].sklad[0].nazwisko[0].nazwisko.nazwiskoICzlon,no_change,T*******,T*******
CGI Polska S.A.,0000307263,root.odpis.dane.dzial2.reprezentacja[0].sklad[0].nazwisko[0].nrWpisuWprow,no_change,1,1
CGI Polska S.A.,0000307263,root.odpis.dane.dzial2.reprezentacja[0].sklad[0].nazwisko[0].nrWpisuWykr,no_change,65,65
CGI Polska S.A.,0000307263,root.odpis.dane.dzial2.reprezentacja[0].sklad[10].czyZawieszona[0].czyZawieszona,no_change,False,False
CGI Polska S.A.,0000307263,root.odpis.dane.dzial2.reprezentacja[0].sklad[10].czyZawieszona[0].nrWpisuWprow,no_change,65,65
CGI Polska S.A.,0000307263,root.odpis.dane.dzial2.reprezentacja[0].sklad[10].funkcjaWOrganie[0].funkcjaWOrganie,no_change,WICEPREZES ZARZĄDU,WICEPREZES ZARZĄDU
CGI Polska S.A.,0000307263,root.odpis.dane.dzial2.reprezentacja[0].sklad[10].funkcjaWOrganie[0].nrWpisuWprow,no_change,65,65
CGI Polska S.A.,0000307263,root.odpis.dane.dzial2.reprezentacja[0].sklad[10].identyfikator[0].nrWpisuWprow,no_change,65,65
CGI Polska S.A.,0000307263,root.odpis.dane.dzial2.reprezentacja[0].sklad[10].identyfikator[0].pesel,no_change,7**********,7**********
CGI Polska S.A.,0000307263,root.odpis.dane.dzial2.reprezentacja[0].sklad[10].imiona[0].imiona.imie,no_change,W*****,W*****
CGI Polska S.A.,0000307263,root.odpis.dane.dzial2.reprezentacja[0].sklad[10].imiona[0].nrWpisuWprow,no_change,65,65
CGI Polska S.A.,0000307263,root.odpis.dane.dzial2.reprezentacja[0].sklad[10].nazwisko[0].nazwisko.nazwiskoICzlon,no_change,W******,W******
CGI Polska S.A.,0000307263,root.odpis.dane.dzial2.reprezentacja[0].sklad[10].nazwisko[0].nrWpisuWprow,no_change,65,65
CGI Polska S.A.,0000307263,root.odpis.dane.dzial2.reprezentacja[0].sklad[11].czyZawieszona[0].czyZawieszona,no_change,False,False
CGI Polska S.A.,0000307263,root.odpis.dane.dzial2.reprezentacja[0].sklad[11].czyZawieszona[0].nrWpisuWprow,no_change,65,65
CGI Polska S.A.,0000307263,root.odpis.dane.dzial2.reprezentacja[0].sklad[11].funkcjaWOrganie[0].funkcjaWOrganie,no_change,WICEPREZES ZARZĄDU,WICEPREZES ZARZĄDU
CGI Polska S.A.,0000307263,root.odpis.dane.dzial2.reprezentacja[0].sklad[11].funkcjaWOrganie[0].nrWpisuWprow,no_change,65,65
CGI Polska S.A.,0000307263,root.odpis.dane.dzial2.reprezentacja[0].sklad[11].identyfikator[0].nrWpisuWprow,no_change,65,65
CGI Polska S.A.,0000307263,root.odpis.dane.dzial2.reprezentacja[0].sklad[11].identyfikator[0].pesel,no_change,8**********,8**********
CGI Polska S.A.,0000307263,root.odpis.dane.dzial2.reprezentacja[0].sklad[11].imiona[0].imiona.imie,no_change,R****,R****
CGI Polska S.A.,0000307263,root.odpis.dane.dzial2.reprezentacja[0].sklad[11].imiona[0].nrWpisuWprow,no_change,65,65
CGI Polska S.A.,0000307263,root.odpis.dane.dzial2.reprezentacja[0].sklad[11].nazwisko[0].nazwisko.nazwiskoICzlon,no_change,K******,K******
CGI Polska S.A.,0000307263,root.odpis.dane.dzial2.reprezentacja[0].sklad[11].nazwisko[0].nrWpisuWprow,no_change,65,65
CGI Polska S.A.,0000307263,root.odpis.dane.dzial2.reprezentacja[0].sklad[12].czyZawieszona[0].czyZawieszona,no_change,False,False
CGI Polska S.A.,0000307263,root.odpis.dane.dzial2.reprezentacja[0].sklad[12].czyZawieszona[0].nrWpisuWprow,no_change,67,67
CGI Polska S.A.,0000307263,root.odpis.dane.dzial2.reprezentacja[0].sklad[12].funkcjaWOrganie[0].funkcjaWOrganie,no_change,PREZES ZARZĄDU,PREZES ZARZĄDU
CGI Polska S.A.,0000307263,root.odpis.dane.dzial2.reprezentacja[0].sklad[12].funkcjaWOrganie[0].nrWpisuWprow,no_change,67,67
CGI Polska S.A.,0000307263,root.odpis.dane.dzial2.reprezentacja[0].sklad[12].identyfikator[0].nrWpisuWprow,no_change,67,67
CGI Polska S.A.,0000307263,root.odpis.dane.dzial2.reprezentacja[0].sklad[12].identyfikator[0].pesel,no_change,7**********,7**********
CGI Polska S.A.,0000307263,root.odpis.dane.dzial2.reprezentacja[0].sklad[12].imiona[0].imiona.imie,no_change,B*********,B*********
CGI Polska S.A.,0000307263,root.odpis.dane.dzial2.reprezentacja[0].sklad[12].imiona[0].nrWpisuWprow,no_change,67,67
CGI Polska S.A.,0000307263,root.odpis.dane.dzial2.reprezentacja[0].sklad[12].nazwisko[0].nazwisko.nazwiskoICzlon,no_change,N************,N************
CGI Polska S.A.,0000307263,root.odpis.dane.dzial2.reprezentacja[0].sklad[12].nazwisko[0].nrWpisuWprow,no_change,67,67
CGI Polska S.A.,0000307263,root.odpis.dane.dzial2.reprezentacja[0].sklad[1].czyZawieszona[0].czyZawieszona,no_change,False,False
CGI Polska S.A.,0000307263,root.odpis.dane.dzial2.reprezentacja[0].sklad[1].czyZawieszona[0].nrWpisuWprow,no_change,1,1
CGI Polska S.A.,0000307263,root.odpis.dane.dzial2.reprezentacja[0].sklad[1].czyZawieszona[0].nrWpisuWykr,no_change,7,7
CGI Polska S.A.,0000307263,root.odpis.dane.dzial2.reprezentacja[0].sklad[1].funkcjaWOrganie[0].funkcjaWOrganie,no_change,PREZES ZARZĄDU,PREZES ZARZĄDU
CGI Polska S.A.,0000307263,root.odpis.dane.dzial2.reprezentacja[0].sklad[1].funkcjaWOrganie[0].nrWpisuWprow,no_change,1,1
CGI Polska S.A.,0000307263,root.odpis.dane.dzial2.reprezentacja[0].sklad[1].funkcjaWOrganie[0].nrWpisuWykr,no_change,7,7
CGI Polska S.A.,0000307263,root.odpis.dane.dzial2.reprezentacja[0].sklad[1].identyfikator[0].nrWpisuWprow,no_change,1,1
CGI Polska S.A.,0000307263,root.odpis.dane.dzial2.reprezentacja[0].sklad[1].identyfikator[0].nrWpisuWykr,no_change,7,7
CGI Polska S.A.,0000307263,root.odpis.dane.dzial2.reprezentacja[0].sklad[1].identyfikator[0].pesel,no_change,5**********,5**********
CGI Polska S.A.,0000307263,root.odpis.dane.dzial2.reprezentacja[0].sklad[1].imiona[0].imiona.imie,no_change,J*****,J*****
CGI Polska S.A.,0000307263,root.odpis.dane.dzial2.reprezentacja[0].sklad[1].imiona[0].nrWpisuWprow,no_change,1,1
CGI Polska S.A.,0000307263,root.odpis.dane.dzial2.reprezentacja[0].sklad[1].imiona[0].nrWpisuWykr,no_change,7,7
CGI Polska S.A.,0000307263,root.odpis.dane.dzial2.reprezentacja[0].sklad[1].nazwisko[0].nazwisko.nazwiskoICzlon,no_change,F*******,F*******
CGI Polska S.A.,0000307263,root.odpis.dane.dzial2.reprezentacja[0].sklad[1].nazwisko[0].nrWpisuWprow,no_change,1,1
CGI Polska S.A.,0000307263,root.odpis.dane.dzial2.reprezentacja[0].sklad[1].nazwisko[0].nrWpisuWykr,no_change,7,7
CGI Polska S.A.,0000307263,root.odpis.dane.dzial2.reprezentacja[0].sklad[2].czyZawieszona[0].czyZawieszona,no_change,False,False
CGI Polska S.A.,0000307263,root.odpis.dane.dzial2.reprezentacja[0].sklad[2].czyZawieszona[0].nrWpisuWprow,no_change,1,1
CGI Polska S.A.,0000307263,root.odpis.dane.dzial2.reprezentacja[0].sklad[2].czyZawieszona[0].nrWpisuWykr,no_change,8,8
CGI Polska S.A.,0000307263,root.odpis.dane.dzial2.reprezentacja[0].sklad[2].funkcjaWOrganie[0].funkcjaWOrganie,no_change,CZŁONEK ZARZĄDU,CZŁONEK ZARZĄDU
CGI Polska S.A.,0000307263,root.odpis.dane.dzial2.reprezentacja[0].sklad[2].funkcjaWOrganie[0].nrWpisuWprow,no_change,1,1
CGI Polska S.A.,0000307263,root.odpis.dane.dzial2.reprezentacja[0].sklad[2].funkcjaWOrganie[0].nrWpisuWykr,no_change,3,3
CGI Polska S.A.,0000307263,root.odpis.dane.dzial2.reprezentacja[0].sklad[2].funkcjaWOrganie[1].funkcjaWOrganie,no_change,WICEPREZES ZARZĄDU,WICEPREZES ZARZĄDU
CGI Polska S.A.,0000307263,root.odpis.dane.dzial2.reprezentacja[0].sklad[2].funkcjaWOrganie[1].nrWpisuWprow,no_change,3,3
CGI Polska S.A.,0000307263,root.odpis.dane.dzial2.reprezentacja[0].sklad[2].funkcjaWOrganie[1].nrWpisuWykr,no_change,8,8
CGI Polska S.A.,0000307263,root.odpis.dane.dzial2.reprezentacja[0].sklad[2].identyfikator[0].nrWpisuWprow,no_change,1,1
CGI Polska S.A.,0000307263,root.odpis.dane.dzial2.reprezentacja[0].sklad[2].identyfikator[0].nrWpisuWykr,no_change,8,8
CGI Polska S.A.,0000307263,root.odpis.dane.dzial2.reprezentacja[0].sklad[2].identyfikator[0].pesel,no_change,7**********,7**********
CGI Polska S.A.,0000307263,root.odpis.dane.dzial2.reprezentacja[0].sklad[2].imiona[0].imiona.imie,no_change,W*********,W*********
CGI Polska S.A.,0000307263,root.odpis.dane.dzial2.reprezentacja[0].sklad[2].imiona[0].nrWpisuWprow,no_change,1,1
CGI Polska S.A.,0000307263,root.odpis.dane.dzial2.reprezentacja[0].sklad[2].imiona[0].nrWpisuWykr,no_change,8,8
CGI Polska S.A.,0000307263,root.odpis.dane.dzial2.reprezentacja[0].sklad[2].nazwisko[0].nazwisko.nazwiskoICzlon,no_change,S********,S********
CGI Polska S.A.,0000307263,root.odpis.dane.dzial2.reprezentacja[0].sklad[2].nazwisko[0].nrWpisuWprow,no_change,1,1
CGI Polska S.A.,0000307263,root.odpis.dane.dzial2.reprezentacja[0].sklad[2].nazwisko[0].nrWpisuWykr,no_change,8,8
CGI Polska S.A.,0000307263,root.odpis.dane.dzial2.reprezentacja[0].sklad[3].czyZawieszona[0].czyZawieszona,no_change,False,False
CGI Polska S.A.,0000307263,root.odpis.dane.dzial2.reprezentacja[0].sklad[3].czyZawieszona[0].nrWpisuWprow,no_change,7,7
CGI Polska S.A.,0000307263,root.odpis.dane.dzial2.reprezentacja[0].sklad[3].czyZawieszona[0].nrWpisuWykr,no_change,9,9
CGI Polska S.A.,0000307263,root.odpis.dane.dzial2.reprezentacja[0].sklad[3].funkcjaWOrganie[0].funkcjaWOrganie,no_change,PREZES,PREZES
CGI Polska S.A.,0000307263,root.odpis.dane.dzial2.reprezentacja[0].sklad[3].funkcjaWOrganie[0].nrWpisuWprow,no_change,7,7
CGI Polska S.A.,0000307263,root.odpis.dane.dzial2.reprezentacja[0].sklad[3].funkcjaWOrganie[0].nrWpisuWykr,no_change,9,9
CGI Polska S.A.,0000307263,root.odpis.dane.dzial2.reprezentacja[0].sklad[3].identyfikator[0].nrWpisuWprow,no_change,7,7
CGI Polska S.A.,0000307263,root.odpis.dane.dzial2.reprezentacja[0].sklad[3].identyfikator[0].nrWpisuWykr,no_change,9,9
CGI Polska S.A.,0000307263,root.odpis.dane.dzial2.reprezentacja[0].sklad[3].identyfikator[0].pesel,no_change,7**********,7**********
CGI Polska S.A.,0000307263,root.odpis.dane.dzial2.reprezentacja[0].sklad[3].imiona[0].imiona.imie,no_change,P****,P****
CGI Polska S.A.,0000307263,root.odpis.dane.dzial2.reprezentacja[0].sklad[3].imiona[0].nrWpisuWprow,no_change,7,7
CGI Polska S.A.,0000307263,root.odpis.dane.dzial2.reprezentacja[0].sklad[3].imiona[0].nrWpisuWykr,no_change,9,9
CGI Polska S.A.,0000307263,root.odpis.dane.dzial2.reprezentacja[0].sklad[3].nazwisko[0].nazwisko.nazwiskoICzlon,no_change,R*******,R*******
CGI Polska S.A.,0000307263,root.odpis.dane.dzial2.reprezentacja[0].sklad[3].nazwisko[0].nrWpisuWprow,no_change,7,7
CGI Polska S.A.,0000307263,root.odpis.dane.dzial2.reprezentacja[0].sklad[3].nazwisko[0].nrWpisuWykr,no_change,9,9
CGI Polska S.A.,0000307263,root.odpis.dane.dzial2.reprezentacja[0].sklad[4].czyZawieszona[0].czyZawieszona,no_change,False,False
CGI Polska S.A.,0000307263,root.odpis.dane.dzial2.reprezentacja[0].sklad[4].czyZawieszona[0].nrWpisuWprow,no_change,9,9
CGI Polska S.A.,0000307263,root.odpis.dane.dzial2.reprezentacja[0].sklad[4].czyZawieszona[0].nrWpisuWykr,no_change,45,45
CGI Polska S.A.,0000307263,root.odpis.dane.dzial2.reprezentacja[0].sklad[4].funkcjaWOrganie[0].funkcjaWOrganie,no_change,PREZES ZARZĄDU,PREZES ZARZĄDU
CGI Polska S.A.,0000307263,root.odpis.dane.dzial2.reprezentacja[0].sklad[4].funkcjaWOrganie[0].nrWpisuWprow,no_change,9,9
CGI Polska S.A.,0000307263,root.odpis.dane.dzial2.reprezentacja[0].sklad[4].funkcjaWOrganie[0].nrWpisuWykr,no_change,45,45
CGI Polska S.A.,0000307263,root.odpis.dane.dzial2.reprezentacja[0].sklad[4].identyfikator[0].nrWpisuWprow,no_change,9,9
CGI Polska S.A.,0000307263,root.odpis.dane.dzial2.reprezentacja[0].sklad[4].identyfikator[0].nrWpisuWykr,no_change,45,45
CGI Polska S.A.,0000307263,root.odpis.dane.dzial2.reprezentacja[0].sklad[4].identyfikator[0].pesel,no_change,5**********,5**********
CGI Polska S.A.,0000307263,root.odpis.dane.dzial2.reprezentacja[0].sklad[4].imiona[0].imiona.imie,no_change,J*****,J*****
CGI Polska S.A.,0000307263,root.odpis.dane.dzial2.reprezentacja[0].sklad[4].imiona[0].nrWpisuWprow,no_change,9,9
CGI Polska S.A.,0000307263,root.odpis.dane.dzial2.reprezentacja[0].sklad[4].imiona[0].nrWpisuWykr,no_change,45,45
CGI Polska S.A.,0000307263,root.odpis.dane.dzial2.reprezentacja[0].sklad[4].nazwisko[0].nazwisko.nazwiskoICzlon,no_change,F*******,F*******
CGI Polska S.A.,0000307263,root.odpis.dane.dzial2.reprezentacja[0].sklad[4].nazwisko[0].nrWpisuWprow,no_change,9,9
CGI Polska S.A.,0000307263,root.odpis.dane.dzial2.reprezentacja[0].sklad[4].nazwisko[0].nrWpisuWykr,no_change,45,45
CGI Polska S.A.,0000307263,root.odpis.dane.dzial2.reprezentacja[0].sklad[5].czyZawieszona[0].czyZawieszona,no_change,False,False
CGI Polska S.A.,0000307263,root.odpis.dane.dzial2.reprezentacja[0].sklad[5].czyZawieszona[0].nrWpisuWprow,no_change,9,9
CGI Polska S.A.,0000307263,root.odpis.dane.dzial2.reprezentacja[0].sklad[5].czyZawieszona[0].nrWpisuWykr,no_change,46,46
CGI Polska S.A.,0000307263,root.odpis.dane.dzial2.reprezentacja[0].sklad[5].funkcjaWOrganie[0].funkcjaWOrganie,no_change,WICEPREZES ZARZĄDU,WICEPREZES ZARZĄDU
CGI Polska S.A.,0000307263,root.odpis.dane.dzial2.reprezentacja[0].sklad[5].funkcjaWOrganie[0].nrWpisuWprow,no_change,9,9
CGI Polska S.A.,0000307263,root.odpis.dane.dzial2.reprezentacja[0].sklad[5].funkcjaWOrganie[0].nrWpisuWykr,no_change,45,45
CGI Polska S.A.,0000307263,root.odpis.dane.dzial2.reprezentacja[0].sklad[5].funkcjaWOrganie[1].funkcjaWOrganie,no_change,PREZES ZARZĄDU,PREZES ZARZĄDU
CGI Polska S.A.,0000307263,root.odpis.dane.dzial2.reprezentacja[0].sklad[5].funkcjaWOrganie[1].nrWpisuWprow,no_change,45,45
CGI Polska S.A.,0000307263,root.odpis.dane.dzial2.reprezentacja[0].sklad[5].funkcjaWOrganie[1].nrWpisuWykr,no_change,46,46
CGI Polska S.A.,0000307263,root.odpis.dane.dzial2.reprezentacja[0].sklad[5].identyfikator[0].nrWpisuWprow,no_change,9,9
CGI Polska S.A.,0000307263,root.odpis.dane.dzial2.reprezentacja[0].sklad[5].identyfikator[0].nrWpisuWykr,no_change,46,46
CGI Polska S.A.,0000307263,root.odpis.dane.dzial2.reprezentacja[0].sklad[5].identyfikator[0].pesel,no_change,7**********,7**********
CGI Polska S.A.,0000307263,root.odpis.dane.dzial2.reprezentacja[0].sklad[5].imiona[0].imiona.imie,no_change,P****,P****
CGI Polska S.A.,0000307263,root.odpis.dane.dzial2.reprezentacja[0].sklad[5].imiona[0].nrWpisuWprow,no_change,9,9
CGI Polska S.A.,0000307263,root.odpis.dane.dzial2.reprezentacja[0].sklad[5].imiona[0].nrWpisuWykr,no_change,46,46
CGI Polska S.A.,0000307263,root.odpis.dane.dzial2.reprezentacja[0].sklad[5].nazwisko[0].nazwisko.nazwiskoICzlon,no_change,P*****,P*****
CGI Polska S.A.,0000307263,root.odpis.dane.dzial2.reprezentacja[0].sklad[5].nazwisko[0].nrWpisuWprow,no_change,9,9
CGI Polska S.A.,0000307263,root.odpis.dane.dzial2.reprezentacja[0].sklad[5].nazwisko[0].nrWpisuWykr,no_change,46,46
CGI Polska S.A.,0000307263,root.odpis.dane.dzial2.reprezentacja[0].sklad[6].czyZawieszona[0].czyZawieszona,no_change,False,False
CGI Polska S.A.,0000307263,root.odpis.dane.dzial2.reprezentacja[0].sklad[6].czyZawieszona[0].nrWpisuWprow,no_change,9,9
CGI Polska S.A.,0000307263,root.odpis.dane.dzial2.reprezentacja[0].sklad[6].czyZawieszona[0].nrWpisuWykr,no_change,30,30
CGI Polska S.A.,0000307263,root.odpis.dane.dzial2.reprezentacja[0].sklad[6].funkcjaWOrganie[0].funkcjaWOrganie,no_change,WICEPREZES ZARZĄDU,WICEPREZES ZARZĄDU
CGI Polska S.A.,0000307263,root.odpis.dane.dzial2.reprezentacja[0].sklad[6].funkcjaWOrganie[0].nrWpisuWprow,no_change,9,9
CGI Polska S.A.,0000307263,root.odpis.dane.dzial2.reprezentacja[0].sklad[6].funkcjaWOrganie[0].nrWpisuWykr,no_change,30,30
CGI Polska S.A.,0000307263,root.odpis.dane.dzial2.reprezentacja[0].sklad[6].identyfikator[0].nrWpisuWprow,no_change,9,9
CGI Polska S.A.,0000307263,root.odpis.dane.dzial2.reprezentacja[0].sklad[6].identyfikator[0].nrWpisuWykr,no_change,30,30
CGI Polska S.A.,0000307263,root.odpis.dane.dzial2.reprezentacja[0].sklad[6].identyfikator[0].pesel,no_change,7**********,7**********
CGI Polska S.A.,0000307263,root.odpis.dane.dzial2.reprezentacja[0].sklad[6].imiona[0].imiona.imie,no_change,D******,D******
CGI Polska S.A.,0000307263,root.odpis.dane.dzial2.reprezentacja[0].sklad[6].imiona[0].nrWpisuWprow,no_change,9,9
CGI Polska S.A.,0000307263,root.odpis.dane.dzial2.reprezentacja[0].sklad[6].imiona[0].nrWpisuWykr,no_change,30,30
CGI Polska S.A.,0000307263,root.odpis.dane.dzial2.reprezentacja[0].sklad[6].nazwisko[0].nazwisko.nazwiskoICzlon,no_change,D******,D******
CGI Polska S.A.,0000307263,root.odpis.dane.dzial2.reprezentacja[0].sklad[6].nazwisko[0].nrWpisuWprow,no_change,9,9
CGI Polska S.A.,0000307263,root.odpis.dane.dzial2.reprezentacja[0].sklad[6].nazwisko[0].nrWpisuWykr,no_change,30,30
CGI Polska S.A.,0000307263,root.odpis.dane.dzial2.reprezentacja[0].sklad[7].czyZawieszona[0].czyZawieszona,no_change,False,False
CGI Polska S.A.,0000307263,root.odpis.dane.dzial2.reprezentacja[0].sklad[7].czyZawieszona[0].nrWpisuWprow,no_change,45,45
CGI Polska S.A.,0000307263,root.odpis.dane.dzial2.reprezentacja[0].sklad[7].funkcjaWOrganie[0].funkcjaWOrganie,no_change,WICEPREZES ZARZĄDU,WICEPREZES ZARZĄDU
CGI Polska S.A.,0000307263,root.odpis.dane.dzial2.reprezentacja[0].sklad[7].funkcjaWOrganie[0].nrWpisuWprow,no_change,45,45
CGI Polska S.A.,0000307263,root.odpis.dane.dzial2.reprezentacja[0].sklad[7].identyfikator[0].nrWpisuWprow,no_change,45,45
CGI Polska S.A.,0000307263,root.odpis.dane.dzial2.reprezentacja[0].sklad[7].identyfikator[0].pesel,no_change,7**********,7**********
CGI Polska S.A.,0000307263,root.odpis.dane.dzial2.reprezentacja[0].sklad[7].imiona[0].imiona.imie,no_change,I***,I***
CGI Polska S.A.,0000307263,root.odpis.dane.dzial2.reprezentacja[0].sklad[7].imiona[0].nrWpisuWprow,no_change,45,45
CGI Polska S.A.,0000307263,root.odpis.dane.dzial2.reprezentacja[0].sklad[7].nazwisko[0].nazwisko.nazwiskoICzlon,no_change,B********,B********
CGI Polska S.A.,0000307263,root.odpis.dane.dzial2.reprezentacja[0].sklad[7].nazwisko[0].nrWpisuWprow,no_change,45,45
CGI Polska S.A.,0000307263,root.odpis.dane.dzial2.reprezentacja[0].sklad[8].czyZawieszona[0].czyZawieszona,no_change,False,False
CGI Polska S.A.,0000307263,root.odpis.dane.dzial2.reprezentacja[0].sklad[8].czyZawieszona[0].nrWpisuWprow,no_change,46,46
CGI Polska S.A.,0000307263,root.odpis.dane.dzial2.reprezentacja[0].sklad[8].czyZawieszona[0].nrWpisuWykr,no_change,67,67
CGI Polska S.A.,0000307263,root.odpis.dane.dzial2.reprezentacja[0].sklad[8].czyZawieszona[1].czyZawieszona,no_change,False,False
CGI Polska S.A.,0000307263,root.odpis.dane.dzial2.reprezentacja[0].sklad[8].czyZawieszona[1].nrWpisuWprow,no_change,67,67
CGI Polska S.A.,0000307263,root.odpis.dane.dzial2.reprezentacja[0].sklad[8].funkcjaWOrganie[0].funkcjaWOrganie,no_change,PREZES ZARZĄDU,PREZES ZARZĄDU
CGI Polska S.A.,0000307263,root.odpis.dane.dzial2.reprezentacja[0].sklad[8].funkcjaWOrganie[0].nrWpisuWprow,no_change,46,46
CGI Polska S.A.,0000307263,root.odpis.dane.dzial2.reprezentacja[0].sklad[8].funkcjaWOrganie[0].nrWpisuWykr,no_change,67,67
CGI Polska S.A.,0000307263,root.odpis.dane.dzial2.reprezentacja[0].sklad[8].funkcjaWOrganie[1].funkcjaWOrganie,no_change,WICEPREZES ZARZĄDU,WICEPREZES ZARZĄDU
CGI Polska S.A.,0000307263,root.odpis.dane.dzial2.reprezentacja[0].sklad[8].funkcjaWOrganie[1].nrWpisuWprow,no_change,67,67
CGI Polska S.A.,0000307263,root.odpis.dane.dzial2.reprezentacja[0].sklad[8].identyfikator[0].nrWpisuWprow,no_change,46,46
CGI Polska S.A.,0000307263,root.odpis.dane.dzial2.reprezentacja[0].sklad[8].identyfikator[0].pesel,no_change,7**********,7**********
CGI Polska S.A.,0000307263,root.odpis.dane.dzial2.reprezentacja[0].sklad[8].imiona[0].imiona.imie,no_change,T*****,T*****
CGI Polska S.A.,0000307263,root.odpis.dane.dzial2.reprezentacja[0].sklad[8].imiona[0].nrWpisuWprow,no_change,46,46
CGI Polska S.A.,0000307263,root.odpis.dane.dzial2.reprezentacja[0].sklad[8].nazwisko[0].nazwisko.nazwiskoICzlon,no_change,M******,M******
CGI Polska S.A.,0000307263,root.odpis.dane.dzial2.reprezentacja[0].sklad[8].nazwisko[0].nrWpisuWprow,no_change,46,46
CGI Polska S.A.,0000307263,root.odpis.dane.dzial2.reprezentacja[0].sklad[9].czyZawieszona[0].czyZawieszona,no_change,False,False
CGI Polska S.A.,0000307263,root.odpis.dane.dzial2.reprezentacja[0].sklad[9].czyZawieszona[0].nrWpisuWprow,no_change,65,65
CGI Polska S.A.,0000307263,root.odpis.dane.dzial2.reprezentacja[0].sklad[9].funkcjaWOrganie[0].funkcjaWOrganie,no_change,WICEPREZES ZARZĄDU,WICEPREZES ZARZĄDU
CGI Polska S.A.,0000307263,root.odpis.dane.dzial2.reprezentacja[0].sklad[9].funkcjaWOrganie[0].nrWpisuWprow,no_change,65,65
CGI Polska S.A.,0000307263,root.odpis.dane.dzial2.reprezentacja[0].sklad[9].identyfikator[0].nrWpisuWprow,no_change,65,65
CGI Polska S.A.,0000307263,root.odpis.dane.dzial2.reprezentacja[0].sklad[9].identyfikator[0].pesel,no_change,7**********,7**********
CGI Polska S.A.,0000307263,root.odpis.dane.dzial2.reprezentacja[0].sklad[9].imiona[0].imiona.imie,no_change,R*******,R*******
CGI Polska S.A.,0000307263,root.odpis.dane.dzial2.reprezentacja[0].sklad[9].imiona[0].nrWpisuWprow,no_change,65,65
CGI Polska S.A.,0000307263,root.odpis.dane.dzial2.reprezentacja[0].sklad[9].nazwisko[0].nazwisko.nazwiskoICzlon,no_change,K********,K********
CGI Polska S.A.,0000307263,root.odpis.dane.dzial2.reprezentacja[0].sklad[9].nazwisko[0].nrWpisuWprow,no_change,65,65
CGI Polska S.A.,0000307263,root.odpis.dane.dzial2.reprezentacja[0].sposobReprezentacji[0].nrWpisuWprow,no_change,1,1
CGI Polska S.A.,0000307263,root.odpis.dane.dzial2.reprezentacja[0].sposobReprezentacji[0].nrWpisuWykr,no_change,9,9
CGI Polska S.A.,0000307263,root.odpis.dane.dzial2.reprezentacja[0].sposobReprezentacji[0].sposobReprezentacji,no_change,"DO SKŁADANIA OŚWIADCZEŃ ZA SPÓŁKĘ I REPREZENTOWANIA SPÓŁKI WYMAGANE JEST WSPÓŁDZIAŁANIE 2 (DWÓCH) CZŁONKÓW ZARZĄDU LUB 1 (JEDNEGO) CZŁONKA ZARZĄDU ŁĄCZNIE Z PROKURENTEM. W PRZYPADKU ZARZĄDU JEDNOOSOBOWEGO, CZŁONEK ZARZĄDU REPREZENTUJE SPÓŁKĘ SAMODZIELNIE.","DO SKŁADANIA OŚWIADCZEŃ ZA SPÓŁKĘ I REPREZENTOWANIA SPÓŁKI WYMAGANE JEST WSPÓŁDZIAŁANIE 2 (DWÓCH) CZŁONKÓW ZARZĄDU LUB 1 (JEDNEGO) CZŁONKA ZARZĄDU ŁĄCZNIE Z PROKURENTEM. W PRZYPADKU ZARZĄDU JEDNOOSOBOWEGO, CZŁONEK ZARZĄDU REPREZENTUJE SPÓŁKĘ SAMODZIELNIE."
CGI Polska S.A.,0000307263,root.odpis.dane.dzial2.reprezentacja[0].sposobReprezentacji[1].nrWpisuWprow,no_change,9,9
CGI Polska S.A.,0000307263,root.odpis.dane.dzial2.reprezentacja[0].sposobReprezentacji[1].nrWpisuWykr,no_change,58,58
CGI Polska S.A.,0000307263,root.odpis.dane.dzial2.reprezentacja[0].sposobReprezentacji[1].sposobReprezentacji,no_change,"DO SKŁADANIA OŚWIADCZEŃ ZA SPÓŁKĘ I REPREZENTOWANIA SPÓŁKI WYMAGANE JEST: 1. SAMODZIELNE DZIAŁANIE PREZESA ZARZĄDU; 2. WSPÓŁDZIAŁANIE DWÓCH CZŁONKÓW ZARZĄDU LUB JEDNEGO CZŁONKA ZARZĄDU ŁĄCZNIE Z PROKURENTEM, PRZY CZYM W PRZYPADKU ZARZĄDU JEDNOOSOBOWEGO, CZŁONEK ZARZĄDU REPREZENTUJE SPÓŁKĘ SAMODZIELNIE.","DO SKŁADANIA OŚWIADCZEŃ ZA SPÓŁKĘ I REPREZENTOWANIA SPÓŁKI WYMAGANE JEST: 1. SAMODZIELNE DZIAŁANIE PREZESA ZARZĄDU; 2. WSPÓŁDZIAŁANIE DWÓCH CZŁONKÓW ZARZĄDU LUB JEDNEGO CZŁONKA ZARZĄDU ŁĄCZNIE Z PROKURENTEM, PRZY CZYM W PRZYPADKU ZARZĄDU JEDNOOSOBOWEGO, CZŁONEK ZARZĄDU REPREZENTUJE SPÓŁKĘ SAMODZIELNIE."
CGI Polska S.A.,0000307263,root.odpis.dane.dzial2.reprezentacja[0].sposobReprezentacji[2].nrWpisuWprow,no_change,58,58
CGI Polska S.A.,0000307263,root.odpis.dane.dzial2.reprezentacja[0].sposobReprezentacji[2].sposobReprezentacji,no_change,"DO SKŁADANIA OŚWIADCZEŃ ZA SPÓŁKĘ I REPREZENTOWANIA SPÓŁKI WYMAGANE JEST WSPÓŁDZIAŁANIE 2 (DWÓCH) CZŁONKÓW ZARZĄDU LUB (1) JEDNEGO CZŁONKA ZARZĄDU ŁĄCZNIE Z PROKURENTEM. W PRZYPADKU ZARZĄDU JEDNOOSOBOWEGO, CZŁONEK ZARZĄDU REPREZENTUJE SPÓŁKĘ SAMODZIELNIE.","DO SKŁADANIA OŚWIADCZEŃ ZA SPÓŁKĘ I REPREZENTOWANIA SPÓŁKI WYMAGANE JEST WSPÓŁDZIAŁANIE 2 (DWÓCH) CZŁONKÓW ZARZĄDU LUB (1) JEDNEGO CZŁONKA ZARZĄDU ŁĄCZNIE Z PROKURENTEM. W PRZYPADKU ZARZĄDU JEDNOOSOBOWEGO, CZŁONEK ZARZĄDU REPREZENTUJE SPÓŁKĘ SAMODZIELNIE."
CGI Polska S.A.,0000307263,root.odpis.dane.dzial3.informacjaODniuKonczacymRokObrotowy.dzienKonczacyPierwszyRokObrotowy[0].dzienKonczacyPierwszyRokObrotowy,no_change,31.12.2008,31.12.2008
CGI Polska S.A.,0000307263,root.odpis.dane.dzial3.informacjaODniuKonczacymRokObrotowy.dzienKonczacyPierwszyRokObrotowy[0].nrWpisuWprow,no_change,20,20
CGI Polska S.A.,0000307263,root.odpis.dane.dzial3.przedmiotDzialalnosci.przedmiotPozostalejDzialalnosci[0].pozycja[0].kodDzial,no_change,62,62
CGI Polska S.A.,0000307263,root.odpis.dane.dzial3.przedmiotDzialalnosci.przedmiotPozostalejDzialalnosci[0].pozycja[0].nrWpisuWprow,no_change,1,1
CGI Polska S.A.,0000307263,root.odpis.dane.dzial3.przedmiotDzialalnosci.przedmiotPozostalejDzialalnosci[0].pozycja[0].nrWpisuWykr,no_change,9,9
CGI Polska S.A.,0000307263,root.odpis.dane.dzial3.przedmiotDzialalnosci.przedmiotPozostalejDzialalnosci[0].pozycja[0].opis,no_change,DZIAŁALNOŚĆ ZWIĄZANA Z OPROGRAMOWANIEM I DORADZTWEM W ZAKRESIE INFORMATYKI ORAZ DZIAŁALNOŚĆ POWIĄZANA,DZIAŁALNOŚĆ ZWIĄZANA Z OPROGRAMOWANIEM I DORADZTWEM W ZAKRESIE INFORMATYKI ORAZ DZIAŁALNOŚĆ POWIĄZANA
CGI Polska S.A.,0000307263,root.odpis.dane.dzial3.przedmiotDzialalnosci.przedmiotPozostalejDzialalnosci[10].pozycja[0].kodDzial,no_change,49,49
CGI Polska S.A.,0000307263,root.odpis.dane.dzial3.przedmiotDzialalnosci.przedmiotPozostalejDzialalnosci[10].pozycja[0].kodKlasa,no_change,41,41
CGI Polska S.A.,0000307263,root.odpis.dane.dzial3.przedmiotDzialalnosci.przedmiotPozostalejDzialalnosci[10].pozycja[0].kodPodklasa,no_change,Z,Z
CGI Polska S.A.,0000307263,root.odpis.dane.dzial3.przedmiotDzialalnosci.przedmiotPozostalejDzialalnosci[10].pozycja[0].nrWpisuWprow,no_change,1,1
CGI Polska S.A.,0000307263,root.odpis.dane.dzial3.przedmiotDzialalnosci.przedmiotPozostalejDzialalnosci[10].pozycja[0].nrWpisuWykr,no_change,9,9
CGI Polska S.A.,0000307263,root.odpis.dane.dzial3.przedmiotDzialalnosci.przedmiotPozostalejDzialalnosci[10].pozycja[0].opis,no_change,TRANSPORT DROGOWY TOWARÓW,TRANSPORT DROGOWY TOWARÓW
CGI Polska S.A.,0000307263,root.odpis.dane.dzial3.przedmiotDzialalnosci.przedmiotPozostalejDzialalnosci[11].pozycja[0].kodDzial,no_change,47,47
CGI Polska S.A.,0000307263,root.odpis.dane.dzial3.przedmiotDzialalnosci.przedmiotPozostalejDzialalnosci[11].pozycja[0].kodKlasa,no_change,91,91
CGI Polska S.A.,0000307263,root.odpis.dane.dzial3.przedmiotDzialalnosci.przedmiotPozostalejDzialalnosci[11].pozycja[0].kodPodklasa,no_change,Z,Z
CGI Polska S.A.,0000307263,root.odpis.dane.dzial3.przedmiotDzialalnosci.przedmiotPozostalejDzialalnosci[11].pozycja[0].nrWpisuWprow,no_change,1,1
CGI Polska S.A.,0000307263,root.odpis.dane.dzial3.przedmiotDzialalnosci.przedmiotPozostalejDzialalnosci[11].pozycja[0].nrWpisuWykr,no_change,9,9
CGI Polska S.A.,0000307263,root.odpis.dane.dzial3.przedmiotDzialalnosci.przedmiotPozostalejDzialalnosci[11].pozycja[0].opis,no_change,SPRZEDAŻ DETALICZNA PROWADZONA PRZEZ DOMY SPRZEDAŻY WYSYŁKOWEJ LUB INTERNET,SPRZEDAŻ DETALICZNA PROWADZONA PRZEZ DOMY SPRZEDAŻY WYSYŁKOWEJ LUB INTERNET
CGI Polska S.A.,0000307263,root.odpis.dane.dzial3.przedmiotDzialalnosci.przedmiotPozostalejDzialalnosci[12].pozycja[0].kodDzial,no_change,47,47
CGI Polska S.A.,0000307263,root.odpis.dane.dzial3.przedmiotDzialalnosci.przedmiotPozostalejDzialalnosci[12].pozycja[0].kodKlasa,no_change,41,41
CGI Polska S.A.,0000307263,root.odpis.dane.dzial3.przedmiotDzialalnosci.przedmiotPozostalejDzialalnosci[12].pozycja[0].kodPodklasa,no_change,Z,Z
CGI Polska S.A.,0000307263,root.odpis.dane.dzial3.przedmiotDzialalnosci.przedmiotPozostalejDzialalnosci[12].pozycja[0].nrWpisuWprow,no_change,1,1
CGI Polska S.A.,0000307263,root.odpis.dane.dzial3.przedmiotDzialalnosci.przedmiotPozostalejDzialalnosci[12].pozycja[0].nrWpisuWykr,no_change,9,9
CGI Polska S.A.,0000307263,root.odpis.dane.dzial3.przedmiotDzialalnosci.przedmiotPozostalejDzialalnosci[12].pozycja[0].opis,no_change,"SPRZEDAŻ DETALICZNA KOMPUTERÓW, URZĄDZEŃ PERYFERYJNYCH I OPROGRAMOWANIA PROWADZONA W WYSPECJALIZOWANYCH SKLEPACH","SPRZEDAŻ DETALICZNA KOMPUTERÓW, URZĄDZEŃ PERYFERYJNYCH I OPROGRAMOWANIA PROWADZONA W WYSPECJALIZOWANYCH SKLEPACH"
CGI Polska S.A.,0000307263,root.odpis.dane.dzial3.przedmiotDzialalnosci.przedmiotPozostalejDzialalnosci[13].pozycja[0].kodDzial,no_change,46,46
CGI Polska S.A.,0000307263,root.odpis.dane.dzial3.przedmiotDzialalnosci.przedmiotPozostalejDzialalnosci[13].pozycja[0].kodKlasa,no_change,5,5
CGI Polska S.A.,0000307263,root.odpis.dane.dzial3.przedmiotDzialalnosci.przedmiotPozostalejDzialalnosci[13].pozycja[0].nrWpisuWprow,no_change,1,1
CGI Polska S.A.,0000307263,root.odpis.dane.dzial3.przedmiotDzialalnosci.przedmiotPozostalejDzialalnosci[13].pozycja[0].nrWpisuWykr,no_change,9,9
CGI Polska S.A.,0000307263,root.odpis.dane.dzial3.przedmiotDzialalnosci.przedmiotPozostalejDzialalnosci[13].pozycja[0].opis,no_change,SPRZEDAŻ HURTOWA NARZĘDZI TECHNOLOGII INFORMACYJNEJ I KOMUNIKACYJNEJ,SPRZEDAŻ HURTOWA NARZĘDZI TECHNOLOGII INFORMACYJNEJ I KOMUNIKACYJNEJ
CGI Polska S.A.,0000307263,root.odpis.dane.dzial3.przedmiotDzialalnosci.przedmiotPozostalejDzialalnosci[14].pozycja[0].kodDzial,no_change,46,46
CGI Polska S.A.,0000307263,root.odpis.dane.dzial3.przedmiotDzialalnosci.przedmiotPozostalejDzialalnosci[14].pozycja[0].kodKlasa,no_change,6,6
CGI Polska S.A.,0000307263,root.odpis.dane.dzial3.przedmiotDzialalnosci.przedmiotPozostalejDzialalnosci[14].pozycja[0].nrWpisuWprow,no_change,1,1
CGI Polska S.A.,0000307263,root.odpis.dane.dzial3.przedmiotDzialalnosci.przedmiotPozostalejDzialalnosci[14].pozycja[0].nrWpisuWykr,no_change,9,9
CGI Polska S.A.,0000307263,root.odpis.dane.dzial3.przedmiotDzialalnosci.przedmiotPozostalejDzialalnosci[14].pozycja[0].opis,no_change,SPRZEDAŻ HURTOWA MASZYN URZĄDZEŃ I DODATKOWEGO WYPOSAŻENIA.,SPRZEDAŻ HURTOWA MASZYN URZĄDZEŃ I DODATKOWEGO WYPOSAŻENIA.
CGI Polska S.A.,0000307263,root.odpis.dane.dzial3.przedmiotDzialalnosci.przedmiotPozostalejDzialalnosci[15].pozycja[0].kodDzial,no_change,66,66
CGI Polska S.A.,0000307263,root.odpis.dane.dzial3.przedmiotDzialalnosci.przedmiotPozostalejDzialalnosci[15].pozycja[0].kodKlasa,no_change,22,22
CGI Polska S.A.,0000307263,root.odpis.dane.dzial3.przedmiotDzialalnosci.przedmiotPozostalejDzialalnosci[15].pozycja[0].kodPodklasa,no_change,Z,Z
CGI Polska S.A.,0000307263,root.odpis.dane.dzial3.przedmiotDzialalnosci.przedmiotPozostalejDzialalnosci[15].pozycja[0].nrWpisuWprow,no_change,1,1
CGI Polska S.A.,0000307263,root.odpis.dane.dzial3.przedmiotDzialalnosci.przedmiotPozostalejDzialalnosci[15].pozycja[0].nrWpisuWykr,no_change,9,9
CGI Polska S.A.,0000307263,root.odpis.dane.dzial3.przedmiotDzialalnosci.przedmiotPozostalejDzialalnosci[15].pozycja[0].opis,no_change,DZIAŁALNOŚĆ AGENTÓW I BROKERÓW UBEZPIECZENIOWYCH,DZIAŁALNOŚĆ AGENTÓW I BROKERÓW UBEZPIECZENIOWYCH
CGI Polska S.A.,0000307263,root.odpis.dane.dzial3.przedmiotDzialalnosci.przedmiotPozostalejDzialalnosci[16].pozycja[0].kodDzial,no_change,66,66
CGI Polska S.A.,0000307263,root.odpis.dane.dzial3.przedmiotDzialalnosci.przedmiotPozostalejDzialalnosci[16].pozycja[0].kodKlasa,no_change,19,19
CGI Polska S.A.,0000307263,root.odpis.dane.dzial3.przedmiotDzialalnosci.przedmiotPozostalejDzialalnosci[16].pozycja[0].kodPodklasa,no_change,Z,Z
CGI Polska S.A.,0000307263,root.odpis.dane.dzial3.przedmiotDzialalnosci.przedmiotPozostalejDzialalnosci[16].pozycja[0].nrWpisuWprow,no_change,1,1
CGI Polska S.A.,0000307263,root.odpis.dane.dzial3.przedmiotDzialalnosci.przedmiotPozostalejDzialalnosci[16].pozycja[0].nrWpisuWykr,no_change,9,9
CGI Polska S.A.,0000307263,root.odpis.dane.dzial3.przedmiotDzialalnosci.przedmiotPozostalejDzialalnosci[16].pozycja[0].opis,no_change,"POZOSTAŁA DZIAŁALNOŚĆ WSPOMAGAJĄCA USŁUGI FINANSOWE, Z WYŁĄCZENIEM UBEZPIECZEŃ I FUNDUSZÓW EMERYTALNYCH","POZOSTAŁA DZIAŁALNOŚĆ WSPOMAGAJĄCA USŁUGI FINANSOWE, Z WYŁĄCZENIEM UBEZPIECZEŃ I FUNDUSZÓW EMERYTALNYCH"
CGI Polska S.A.,0000307263,root.odpis.dane.dzial3.przedmiotDzialalnosci.przedmiotPozostalejDzialalnosci[17].pozycja[0].kodDzial,no_change,62,62
CGI Polska S.A.,0000307263,root.odpis.dane.dzial3.przedmiotDzialalnosci.przedmiotPozostalejDzialalnosci[17].pozycja[0].kodKlasa,no_change,01,01
CGI Polska S.A.,0000307263,root.odpis.dane.dzial3.przedmiotDzialalnosci.przedmiotPozostalejDzialalnosci[17].pozycja[0].kodPodklasa,no_change,Z,Z
CGI Polska S.A.,0000307263,root.odpis.dane.dzial3.przedmiotDzialalnosci.przedmiotPozostalejDzialalnosci[17].pozycja[0].nrWpisuWprow,no_change,9,9
CGI Polska S.A.,0000307263,root.odpis.dane.dzial3.przedmiotDzialalnosci.przedmiotPozostalejDzialalnosci[17].pozycja[0].nrWpisuWykr,no_change,17,17
CGI Polska S.A.,0000307263,root.odpis.dane.dzial3.przedmiotDzialalnosci.przedmiotPozostalejDzialalnosci[17].pozycja[0].opis,no_change,DZIAŁALNOŚĆ ZWIĄZANA Z OPROGRAMOWANIEM,DZIAŁALNOŚĆ ZWIĄZANA Z OPROGRAMOWANIEM
CGI Polska S.A.,0000307263,root.odpis.dane.dzial3.przedmiotDzialalnosci.przedmiotPozostalejDzialalnosci[18].pozycja[0].kodDzial,no_change,62,62
CGI Polska S.A.,0000307263,root.odpis.dane.dzial3.przedmiotDzialalnosci.przedmiotPozostalejDzialalnosci[18].pozycja[0].kodKlasa,no_change,02,02
CGI Polska S.A.,0000307263,root.odpis.dane.dzial3.przedmiotDzialalnosci.przedmiotPozostalejDzialalnosci[18].pozycja[0].kodPodklasa,no_change,Z,Z
CGI Polska S.A.,0000307263,root.odpis.dane.dzial3.przedmiotDzialalnosci.przedmiotPozostalejDzialalnosci[18].pozycja[0].nrWpisuWprow,no_change,9,9
CGI Polska S.A.,0000307263,root.odpis.dane.dzial3.przedmiotDzialalnosci.przedmiotPozostalejDzialalnosci[18].pozycja[0].nrWpisuWykr,no_change,17,17
CGI Polska S.A.,0000307263,root.odpis.dane.dzial3.przedmiotDzialalnosci.przedmiotPozostalejDzialalnosci[18].pozycja[0].opis,no_change,DZIAŁALNOŚĆ ZWIĄZANA Z DORADZTWEM W ZAKRESIE INFORMATYKI,DZIAŁALNOŚĆ ZWIĄZANA Z DORADZTWEM W ZAKRESIE INFORMATYKI
CGI Polska S.A.,0000307263,root.odpis.dane.dzial3.przedmiotDzialalnosci.przedmiotPozostalejDzialalnosci[19].pozycja[0].kodDzial,no_change,62,62
CGI Polska S.A.,0000307263,root.odpis.dane.dzial3.przedmiotDzialalnosci.przedmiotPozostalejDzialalnosci[19].pozycja[0].kodKlasa,no_change,03,03
CGI Polska S.A.,0000307263,root.odpis.dane.dzial3.przedmiotDzialalnosci.przedmiotPozostalejDzialalnosci[19].pozycja[0].kodPodklasa,no_change,Z,Z
CGI Polska S.A.,0000307263,root.odpis.dane.dzial3.przedmiotDzialalnosci.przedmiotPozostalejDzialalnosci[19].pozycja[0].nrWpisuWprow,no_change,9,9
CGI Polska S.A.,0000307263,root.odpis.dane.dzial3.przedmiotDzialalnosci.przedmiotPozostalejDzialalnosci[19].pozycja[0].nrWpisuWykr,no_change,17,17
CGI Polska S.A.,0000307263,root.odpis.dane.dzial3.przedmiotDzialalnosci.przedmiotPozostalejDzialalnosci[19].pozycja[0].opis,no_change,DZIAŁALNOŚĆ ZWIĄZANA Z ZARZĄDZANIEM URZĄDZENIAMI INFORMATYCZNYMI,DZIAŁALNOŚĆ ZWIĄZANA Z ZARZĄDZANIEM URZĄDZENIAMI INFORMATYCZNYMI
CGI Polska S.A.,0000307263,root.odpis.dane.dzial3.przedmiotDzialalnosci.przedmiotPozostalejDzialalnosci[1].pozycja[0].kodDzial,no_change,58,58
CGI Polska S.A.,0000307263,root.odpis.dane.dzial3.przedmiotDzialalnosci.przedmiotPozostalejDzialalnosci[1].pozycja[0].nrWpisuWprow,no_change,1,1
CGI Polska S.A.,0000307263,root.odpis.dane.dzial3.przedmiotDzialalnosci.przedmiotPozostalejDzialalnosci[1].pozycja[0].nrWpisuWykr,no_change,9,9
CGI Polska S.A.,0000307263,root.odpis.dane.dzial3.przedmiotDzialalnosci.przedmiotPozostalejDzialalnosci[1].pozycja[0].opis,no_change,DZIAŁALNOŚĆ WYDAWNICZA,DZIAŁALNOŚĆ WYDAWNICZA
CGI Polska S.A.,0000307263,root.odpis.dane.dzial3.przedmiotDzialalnosci.przedmiotPozostalejDzialalnosci[20].pozycja[0].kodDzial,no_change,62,62
CGI Polska S.A.,0000307263,root.odpis.dane.dzial3.przedmiotDzialalnosci.przedmiotPozostalejDzialalnosci[20].pozycja[0].kodKlasa,no_change,09,09
CGI Polska S.A.,0000307263,root.odpis.dane.dzial3.przedmiotDzialalnosci.przedmiotPozostalejDzialalnosci[20].pozycja[0].kodPodklasa,no_change,Z,Z
CGI Polska S.A.,0000307263,root.odpis.dane.dzial3.przedmiotDzialalnosci.przedmiotPozostalejDzialalnosci[20].pozycja[0].nrWpisuWprow,no_change,9,9
CGI Polska S.A.,0000307263,root.odpis.dane.dzial3.przedmiotDzialalnosci.przedmiotPozostalejDzialalnosci[20].pozycja[0].nrWpisuWykr,no_change,17,17
CGI Polska S.A.,0000307263,root.odpis.dane.dzial3.przedmiotDzialalnosci.przedmiotPozostalejDzialalnosci[20].pozycja[0].opis,no_change,POZOSTAŁA DZIAŁALNOŚĆ USŁUGOWA W ZAKRESIE TECHNOLOGII INFORMATYCZNYCH I KOMPUTEROWYCH,POZOSTAŁA DZIAŁALNOŚĆ USŁUGOWA W ZAKRESIE TECHNOLOGII INFORMATYCZNYCH I KOMPUTEROWYCH
CGI Polska S.A.,0000307263,root.odpis.dane.dzial3.przedmiotDzialalnosci.przedmiotPozostalejDzialalnosci[21].pozycja[0].kodDzial,no_change,63,63
CGI Polska S.A.,0000307263,root.odpis.dane.dzial3.przedmiotDzialalnosci.przedmiotPozostalejDzialalnosci[21].pozycja[0].kodKlasa,no_change,11,11
CGI Polska S.A.,0000307263,root.odpis.dane.dzial3.przedmiotDzialalnosci.przedmiotPozostalejDzialalnosci[21].pozycja[0].kodPodklasa,no_change,Z,Z
CGI Polska S.A.,0000307263,root.odpis.dane.dzial3.przedmiotDzialalnosci.przedmiotPozostalejDzialalnosci[21].pozycja[0].nrWpisuWprow,no_change,9,9
CGI Polska S.A.,0000307263,root.odpis.dane.dzial3.przedmiotDzialalnosci.przedmiotPozostalejDzialalnosci[21].pozycja[0].nrWpisuWykr,no_change,17,17
CGI Polska S.A.,0000307263,root.odpis.dane.dzial3.przedmiotDzialalnosci.przedmiotPozostalejDzialalnosci[21].pozycja[0].opis,no_change,PRZETWARZANIE DANYCH; ZARZĄDZANIE STRONAMI INTERNETOWYMI (HOSTING) I PODOBNA DZIAŁALNOŚĆ,PRZETWARZANIE DANYCH; ZARZĄDZANIE STRONAMI INTERNETOWYMI (HOSTING) I PODOBNA DZIAŁALNOŚĆ
CGI Polska S.A.,0000307263,root.odpis.dane.dzial3.przedmiotDzialalnosci.przedmiotPozostalejDzialalnosci[22].pozycja[0].kodDzial,no_change,63,63
CGI Polska S.A.,0000307263,root.odpis.dane.dzial3.przedmiotDzialalnosci.przedmiotPozostalejDzialalnosci[22].pozycja[0].kodKlasa,no_change,12,12
CGI Polska S.A.,0000307263,root.odpis.dane.dzial3.przedmiotDzialalnosci.przedmiotPozostalejDzialalnosci[22].pozycja[0].kodPodklasa,no_change,Z,Z
CGI Polska S.A.,0000307263,root.odpis.dane.dzial3.przedmiotDzialalnosci.przedmiotPozostalejDzialalnosci[22].pozycja[0].nrWpisuWprow,no_change,9,9
CGI Polska S.A.,0000307263,root.odpis.dane.dzial3.przedmiotDzialalnosci.przedmiotPozostalejDzialalnosci[22].pozycja[0].nrWpisuWykr,no_change,17,17
CGI Polska S.A.,0000307263,root.odpis.dane.dzial3.przedmiotDzialalnosci.przedmiotPozostalejDzialalnosci[22].pozycja[0].opis,no_change,DZIAŁALNOŚĆ PORTALI INTERNETOWYCH,DZIAŁALNOŚĆ PORTALI INTERNETOWYCH
CGI Polska S.A.,0000307263,root.odpis.dane.dzial3.przedmiotDzialalnosci.przedmiotPozostalejDzialalnosci[23].pozycja[0].kodDzial,no_change,63,63
CGI Polska S.A.,0000307263,root.odpis.dane.dzial3.przedmiotDzialalnosci.przedmiotPozostalejDzialalnosci[23].pozycja[0].kodKlasa,no_change,99,99
CGI Polska S.A.,0000307263,root.odpis.dane.dzial3.przedmiotDzialalnosci.przedmiotPozostalejDzialalnosci[23].pozycja[0].kodPodklasa,no_change,Z,Z
CGI Polska S.A.,0000307263,root.odpis.dane.dzial3.przedmiotDzialalnosci.przedmiotPozostalejDzialalnosci[23].pozycja[0].nrWpisuWprow,no_change,9,9
CGI Polska S.A.,0000307263,root.odpis.dane.dzial3.przedmiotDzialalnosci.przedmiotPozostalejDzialalnosci[23].pozycja[0].nrWpisuWykr,no_change,17,17
CGI Polska S.A.,0000307263,root.odpis.dane.dzial3.przedmiotDzialalnosci.przedmiotPozostalejDzialalnosci[23].pozycja[0].opis,no_change,"POZOSTAŁA DZIAŁALNOŚĆ USŁUGOWA W ZAKRESIE INFORMACJI, GDZIE INDZIEJ NIESKLASYFIKOWANA","POZOSTAŁA DZIAŁALNOŚĆ USŁUGOWA W ZAKRESIE INFORMACJI, GDZIE INDZIEJ NIESKLASYFIKOWANA"
CGI Polska S.A.,0000307263,root.odpis.dane.dzial3.przedmiotDzialalnosci.przedmiotPozostalejDzialalnosci[24].pozycja[0].kodDzial,no_change,58,58
CGI Polska S.A.,0000307263,root.odpis.dane.dzial3.przedmiotDzialalnosci.przedmiotPozostalejDzialalnosci[24].pozycja[0].kodKlasa,no_change,29,29
CGI Polska S.A.,0000307263,root.odpis.dane.dzial3.przedmiotDzialalnosci.przedmiotPozostalejDzialalnosci[24].pozycja[0].kodPodklasa,no_change,Z,Z
CGI Polska S.A.,0000307263,root.odpis.dane.dzial3.przedmiotDzialalnosci.przedmiotPozostalejDzialalnosci[24].pozycja[0].nrWpisuWprow,no_change,9,9
CGI Polska S.A.,0000307263,root.odpis.dane.dzial3.przedmiotDzialalnosci.przedmiotPozostalejDzialalnosci[24].pozycja[0].nrWpisuWykr,no_change,17,17
CGI Polska S.A.,0000307263,root.odpis.dane.dzial3.przedmiotDzialalnosci.przedmiotPozostalejDzialalnosci[24].pozycja[0].opis,no_change,DZIAŁALNOŚĆ WYDAWNICZA W ZAKRESIE POZOSTAŁEGO OPROGRAMOWANIA,DZIAŁALNOŚĆ WYDAWNICZA W ZAKRESIE POZOSTAŁEGO OPROGRAMOWANIA
CGI Polska S.A.,0000307263,root.odpis.dane.dzial3.przedmiotDzialalnosci.przedmiotPozostalejDzialalnosci[25].pozycja[0].kodDzial,no_change,58,58
CGI Polska S.A.,0000307263,root.odpis.dane.dzial3.przedmiotDzialalnosci.przedmiotPozostalejDzialalnosci[25].pozycja[0].kodKlasa,no_change,21,21
CGI Polska S.A.,0000307263,root.odpis.dane.dzial3.przedmiotDzialalnosci.przedmiotPozostalejDzialalnosci[25].pozycja[0].kodPodklasa,no_change,Z,Z
CGI Polska S.A.,0000307263,root.odpis.dane.dzial3.przedmiotDzialalnosci.przedmiotPozostalejDzialalnosci[25].pozycja[0].nrWpisuWprow,no_change,9,9
CGI Polska S.A.,0000307263,root.odpis.dane.dzial3.przedmiotDzialalnosci.przedmiotPozostalejDzialalnosci[25].pozycja[0].nrWpisuWykr,no_change,17,17
CGI Polska S.A.,0000307263,root.odpis.dane.dzial3.przedmiotDzialalnosci.przedmiotPozostalejDzialalnosci[25].pozycja[0].opis,no_change,DZIAŁALNOŚĆ WYDAWNICZA W ZAKRESIE GIER KOMPUTEROWYCH,DZIAŁALNOŚĆ WYDAWNICZA W ZAKRESIE GIER KOMPUTEROWYCH
CGI Polska S.A.,0000307263,root.odpis.dane.dzial3.przedmiotDzialalnosci.przedmiotPozostalejDzialalnosci[26].pozycja[0].kodDzial,no_change,58,58
CGI Polska S.A.,0000307263,root.odpis.dane.dzial3.przedmiotDzialalnosci.przedmiotPozostalejDzialalnosci[26].pozycja[0].kodKlasa,no_change,19,19
CGI Polska S.A.,0000307263,root.odpis.dane.dzial3.przedmiotDzialalnosci.przedmiotPozostalejDzialalnosci[26].pozycja[0].kodPodklasa,no_change,Z,Z
CGI Polska S.A.,0000307263,root.odpis.dane.dzial3.przedmiotDzialalnosci.przedmiotPozostalejDzialalnosci[26].pozycja[0].nrWpisuWprow,no_change,9,9
CGI Polska S.A.,0000307263,root.odpis.dane.dzial3.przedmiotDzialalnosci.przedmiotPozostalejDzialalnosci[26].pozycja[0].nrWpisuWykr,no_change,17,17
CGI Polska S.A.,0000307263,root.odpis.dane.dzial3.przedmiotDzialalnosci.przedmiotPozostalejDzialalnosci[26].pozycja[0].opis,no_change,POZOSTAŁA DZIAŁALNOŚĆ WYDAWNICZA,POZOSTAŁA DZIAŁALNOŚĆ WYDAWNICZA
CGI Polska S.A.,0000307263,root.odpis.dane.dzial3.przedmiotDzialalnosci.przedmiotPozostalejDzialalnosci[27].pozycja[0].kodDzial,no_change,95,95
CGI Polska S.A.,0000307263,root.odpis.dane.dzial3.przedmiotDzialalnosci.przedmiotPozostalejDzialalnosci[27].pozycja[0].kodKlasa,no_change,11,11
CGI Polska S.A.,0000307263,root.odpis.dane.dzial3.przedmiotDzialalnosci.przedmiotPozostalejDzialalnosci[27].pozycja[0].kodPodklasa,no_change,Z,Z
CGI Polska S.A.,0000307263,root.odpis.dane.dzial3.przedmiotDzialalnosci.przedmiotPozostalejDzialalnosci[27].pozycja[0].nrWpisuWprow,no_change,9,9
CGI Polska S.A.,0000307263,root.odpis.dane.dzial3.przedmiotDzialalnosci.przedmiotPozostalejDzialalnosci[27].pozycja[0].nrWpisuWykr,no_change,17,17
CGI Polska S.A.,0000307263,root.odpis.dane.dzial3.przedmiotDzialalnosci.przedmiotPozostalejDzialalnosci[27].pozycja[0].opis,no_change,NAPRAWA I KONSERWACJA KOMPUTERÓW I URZĄDZEŃ PERYFERYJNYCH,NAPRAWA I KONSERWACJA KOMPUTERÓW I URZĄDZEŃ PERYFERYJNYCH
CGI Polska S.A.,0000307263,root.odpis.dane.dzial3.przedmiotDzialalnosci.przedmiotPozostalejDzialalnosci[28].pozycja[0].kodDzial,no_change,95,95
CGI Polska S.A.,0000307263,root.odpis.dane.dzial3.przedmiotDzialalnosci.przedmiotPozostalejDzialalnosci[28].pozycja[0].kodKlasa,no_change,12,12
CGI Polska S.A.,0000307263,root.odpis.dane.dzial3.przedmiotDzialalnosci.przedmiotPozostalejDzialalnosci[28].pozycja[0].kodPodklasa,no_change,Z,Z
CGI Polska S.A.,0000307263,root.odpis.dane.dzial3.przedmiotDzialalnosci.przedmiotPozostalejDzialalnosci[28].pozycja[0].nrWpisuWprow,no_change,9,9
CGI Polska S.A.,0000307263,root.odpis.dane.dzial3.przedmiotDzialalnosci.przedmiotPozostalejDzialalnosci[28].pozycja[0].nrWpisuWykr,no_change,17,17
CGI Polska S.A.,0000307263,root.odpis.dane.dzial3.przedmiotDzialalnosci.przedmiotPozostalejDzialalnosci[28].pozycja[0].opis,no_change,NAPRAWA I KONSERWACJA SPRZĘTU (TELE)KOMUNIKACYJNEGO,NAPRAWA I KONSERWACJA SPRZĘTU (TELE)KOMUNIKACYJNEGO
CGI Polska S.A.,0000307263,root.odpis.dane.dzial3.przedmiotDzialalnosci.przedmiotPozostalejDzialalnosci[29].pozycja[0].kodDzial,no_change,18,18
CGI Polska S.A.,0000307263,root.odpis.dane.dzial3.przedmiotDzialalnosci.przedmiotPozostalejDzialalnosci[29].pozycja[0].kodKlasa,no_change,20,20
CGI Polska S.A.,0000307263,root.odpis.dane.dzial3.przedmiotDzialalnosci.przedmiotPozostalejDzialalnosci[29].pozycja[0].kodPodklasa,no_change,Z,Z
CGI Polska S.A.,0000307263,root.odpis.dane.dzial3.przedmiotDzialalnosci.przedmiotPozostalejDzialalnosci[29].pozycja[0].nrWpisuWprow,no_change,9,9
CGI Polska S.A.,0000307263,root.odpis.dane.dzial3.przedmiotDzialalnosci.przedmiotPozostalejDzialalnosci[29].pozycja[0].nrWpisuWykr,no_change,17,17
CGI Polska S.A.,0000307263,root.odpis.dane.dzial3.przedmiotDzialalnosci.przedmiotPozostalejDzialalnosci[29].pozycja[0].opis,no_change,REPRODUKCJA ZAPISANYCH NOŚNIKÓW INFORMACJI,REPRODUKCJA ZAPISANYCH NOŚNIKÓW INFORMACJI
CGI Polska S.A.,0000307263,root.odpis.dane.dzial3.przedmiotDzialalnosci.przedmiotPozostalejDzialalnosci[2].pozycja[0].kodDzial,no_change,61,61
CGI Polska S.A.,0000307263,root.odpis.dane.dzial3.przedmiotDzialalnosci.przedmiotPozostalejDzialalnosci[2].pozycja[0].nrWpisuWprow,no_change,1,1
CGI Polska S.A.,0000307263,root.odpis.dane.dzial3.przedmiotDzialalnosci.przedmiotPozostalejDzialalnosci[2].pozycja[0].nrWpisuWykr,no_change,9,9
CGI Polska S.A.,0000307263,root.odpis.dane.dzial3.przedmiotDzialalnosci.przedmiotPozostalejDzialalnosci[2].pozycja[0].opis,no_change,TELEKOMUNIKACJA,TELEKOMUNIKACJA
CGI Polska S.A.,0000307263,root.odpis.dane.dzial3.przedmiotDzialalnosci.przedmiotPozostalejDzialalnosci[30].pozycja[0].kodDzial,no_change,61,61
CGI Polska S.A.,0000307263,root.odpis.dane.dzial3.przedmiotDzialalnosci.przedmiotPozostalejDzialalnosci[30].pozycja[0].kodKlasa,no_change,10,10
CGI Polska S.A.,0000307263,root.odpis.dane.dzial3.przedmiotDzialalnosci.przedmiotPozostalejDzialalnosci[30].pozycja[0].kodPodklasa,no_change,Z,Z
CGI Polska S.A.,0000307263,root.odpis.dane.dzial3.przedmiotDzialalnosci.przedmiotPozostalejDzialalnosci[30].pozycja[0].nrWpisuWprow,no_change,9,9
CGI Polska S.A.,0000307263,root.odpis.dane.dzial3.przedmiotDzialalnosci.przedmiotPozostalejDzialalnosci[30].pozycja[0].nrWpisuWykr,no_change,17,17
CGI Polska S.A.,0000307263,root.odpis.dane.dzial3.przedmiotDzialalnosci.przedmiotPozostalejDzialalnosci[30].pozycja[0].opis,no_change,DZIAŁALNOŚĆ W ZAKRESIE TELEKOMUNIKACJI PRZEWODOWEJ,DZIAŁALNOŚĆ W ZAKRESIE TELEKOMUNIKACJI PRZEWODOWEJ
CGI Polska S.A.,0000307263,root.odpis.dane.dzial3.przedmiotDzialalnosci.przedmiotPozostalejDzialalnosci[31].pozycja[0].kodDzial,no_change,61,61
CGI Polska S.A.,0000307263,root.odpis.dane.dzial3.przedmiotDzialalnosci.przedmiotPozostalejDzialalnosci[31].pozycja[0].kodKlasa,no_change,20,20
CGI Polska S.A.,0000307263,root.odpis.dane.dzial3.przedmiotDzialalnosci.przedmiotPozostalejDzialalnosci[31].pozycja[0].kodPodklasa,no_change,Z,Z
CGI Polska S.A.,0000307263,root.odpis.dane.dzial3.przedmiotDzialalnosci.przedmiotPozostalejDzialalnosci[31].pozycja[0].nrWpisuWprow,no_change,9,9
CGI Polska S.A.,0000307263,root.odpis.dane.dzial3.przedmiotDzialalnosci.przedmiotPozostalejDzialalnosci[31].pozycja[0].nrWpisuWykr,no_change,17,17
CGI Polska S.A.,0000307263,root.odpis.dane.dzial3.przedmiotDzialalnosci.przedmiotPozostalejDzialalnosci[31].pozycja[0].opis,no_change,"DZIAŁALNOŚĆ W ZAKRESIE TELEKOMUNIKACJI BEZPRZEWODOWEJ, Z WYŁĄCZENIEM TELEKOMUNIKACJI SATELITARNEJ","DZIAŁALNOŚĆ W ZAKRESIE TELEKOMUNIKACJI BEZPRZEWODOWEJ, Z WYŁĄCZENIEM TELEKOMUNIKACJI SATELITARNEJ"
CGI Polska S.A.,0000307263,root.odpis.dane.dzial3.przedmiotDzialalnosci.przedmiotPozostalejDzialalnosci[32].pozycja[0].kodDzial,no_change,61,61
CGI Polska S.A.,0000307263,root.odpis.dane.dzial3.przedmiotDzialalnosci.przedmiotPozostalejDzialalnosci[32].pozycja[0].kodKlasa,no_change,30,30
CGI Polska S.A.,0000307263,root.odpis.dane.dzial3.przedmiotDzialalnosci.przedmiotPozostalejDzialalnosci[32].pozycja[0].kodPodklasa,no_change,Z,Z
CGI Polska S.A.,0000307263,root.odpis.dane.dzial3.przedmiotDzialalnosci.przedmiotPozostalejDzialalnosci[32].pozycja[0].nrWpisuWprow,no_change,9,9
CGI Polska S.A.,0000307263,root.odpis.dane.dzial3.przedmiotDzialalnosci.przedmiotPozostalejDzialalnosci[32].pozycja[0].nrWpisuWykr,no_change,17,17
CGI Polska S.A.,0000307263,root.odpis.dane.dzial3.przedmiotDzialalnosci.przedmiotPozostalejDzialalnosci[32].pozycja[0].opis,no_change,DZIAŁALNOŚĆ W ZAKRESIE TELEKOMUNIKACJI SATELITARNEJ,DZIAŁALNOŚĆ W ZAKRESIE TELEKOMUNIKACJI SATELITARNEJ
CGI Polska S.A.,0000307263,root.odpis.dane.dzial3.przedmiotDzialalnosci.przedmiotPozostalejDzialalnosci[33].pozycja[0].kodDzial,no_change,61,61
CGI Polska S.A.,0000307263,root.odpis.dane.dzial3.przedmiotDzialalnosci.przedmiotPozostalejDzialalnosci[33].pozycja[0].kodKlasa,no_change,90,90
CGI Polska S.A.,0000307263,root.odpis.dane.dzial3.przedmiotDzialalnosci.przedmiotPozostalejDzialalnosci[33].pozycja[0].kodPodklasa,no_change,Z,Z
CGI Polska S.A.,0000307263,root.odpis.dane.dzial3.przedmiotDzialalnosci.przedmiotPozostalejDzialalnosci[33].pozycja[0].nrWpisuWprow,no_change,9,9
CGI Polska S.A.,0000307263,root.odpis.dane.dzial3.przedmiotDzialalnosci.przedmiotPozostalejDzialalnosci[33].pozycja[0].nrWpisuWykr,no_change,17,17
CGI Polska S.A.,0000307263,root.odpis.dane.dzial3.przedmiotDzialalnosci.przedmiotPozostalejDzialalnosci[33].pozycja[0].opis,no_change,DZIAŁALNOŚĆ W ZAKRESIE POZOSTAŁEJ TELEKOMUNIKACJI,DZIAŁALNOŚĆ W ZAKRESIE POZOSTAŁEJ TELEKOMUNIKACJI
CGI Polska S.A.,0000307263,root.odpis.dane.dzial3.przedmiotDzialalnosci.przedmiotPozostalejDzialalnosci[34].pozycja[0].kodDzial,no_change,72,72
CGI Polska S.A.,0000307263,root.odpis.dane.dzial3.przedmiotDzialalnosci.przedmiotPozostalejDzialalnosci[34].pozycja[0].kodKlasa,no_change,19,19
CGI Polska S.A.,0000307263,root.odpis.dane.dzial3.przedmiotDzialalnosci.przedmiotPozostalejDzialalnosci[34].pozycja[0].kodPodklasa,no_change,Z,Z
CGI Polska S.A.,0000307263,root.odpis.dane.dzial3.przedmiotDzialalnosci.przedmiotPozostalejDzialalnosci[34].pozycja[0].nrWpisuWprow,no_change,9,9
CGI Polska S.A.,0000307263,root.odpis.dane.dzial3.przedmiotDzialalnosci.przedmiotPozostalejDzialalnosci[34].pozycja[0].nrWpisuWykr,no_change,17,17
CGI Polska S.A.,0000307263,root.odpis.dane.dzial3.przedmiotDzialalnosci.przedmiotPozostalejDzialalnosci[34].pozycja[0].opis,no_change,BADANIA NAUKOWE I PRACE ROZWOJOWE W DZIEDZINIE POZOSTAŁYCH NAUK PRZYRODNICZYCH I TECHNICZNYCH,BADANIA NAUKOWE I PRACE ROZWOJOWE W DZIEDZINIE POZOSTAŁYCH NAUK PRZYRODNICZYCH I TECHNICZNYCH
CGI Polska S.A.,0000307263,root.odpis.dane.dzial3.przedmiotDzialalnosci.przedmiotPozostalejDzialalnosci[35].pozycja[0].kodDzial,no_change,72,72
CGI Polska S.A.,0000307263,root.odpis.dane.dzial3.przedmiotDzialalnosci.przedmiotPozostalejDzialalnosci[35].pozycja[0].kodKlasa,no_change,11,11
CGI Polska S.A.,0000307263,root.odpis.dane.dzial3.przedmiotDzialalnosci.przedmiotPozostalejDzialalnosci[35].pozycja[0].kodPodklasa,no_change,Z,Z
CGI Polska S.A.,0000307263,root.odpis.dane.dzial3.przedmiotDzialalnosci.przedmiotPozostalejDzialalnosci[35].pozycja[0].nrWpisuWprow,no_change,9,9
CGI Polska S.A.,0000307263,root.odpis.dane.dzial3.przedmiotDzialalnosci.przedmiotPozostalejDzialalnosci[35].pozycja[0].nrWpisuWykr,no_change,17,17
CGI Polska S.A.,0000307263,root.odpis.dane.dzial3.przedmiotDzialalnosci.przedmiotPozostalejDzialalnosci[35].pozycja[0].opis,no_change,BADANIA NAUKOWE I PRACE ROZWOJOWE W DZIEDZINIE BIOTECHNOLOGII,BADANIA NAUKOWE I PRACE ROZWOJOWE W DZIEDZINIE BIOTECHNOLOGII
CGI Polska S.A.,0000307263,root.odpis.dane.dzial3.przedmiotDzialalnosci.przedmiotPozostalejDzialalnosci[36].pozycja[0].kodDzial,no_change,26,26
CGI Polska S.A.,0000307263,root.odpis.dane.dzial3.przedmiotDzialalnosci.przedmiotPozostalejDzialalnosci[36].pozycja[0].kodKlasa,no_change,11,11
CGI Polska S.A.,0000307263,root.odpis.dane.dzial3.przedmiotDzialalnosci.przedmiotPozostalejDzialalnosci[36].pozycja[0].kodPodklasa,no_change,Z,Z
CGI Polska S.A.,0000307263,root.odpis.dane.dzial3.przedmiotDzialalnosci.przedmiotPozostalejDzialalnosci[36].pozycja[0].nrWpisuWprow,no_change,9,9
CGI Polska S.A.,0000307263,root.odpis.dane.dzial3.przedmiotDzialalnosci.przedmiotPozostalejDzialalnosci[36].pozycja[0].nrWpisuWykr,no_change,17,17
CGI Polska S.A.,0000307263,root.odpis.dane.dzial3.przedmiotDzialalnosci.przedmiotPozostalejDzialalnosci[36].pozycja[0].opis,no_change,PRODUKCJA ELEMENTÓW ELEKTRONICZNYCH,PRODUKCJA ELEMENTÓW ELEKTRONICZNYCH
CGI Polska S.A.,0000307263,root.odpis.dane.dzial3.przedmiotDzialalnosci.przedmiotPozostalejDzialalnosci[37].pozycja[0].kodDzial,no_change,26,26
CGI Polska S.A.,0000307263,root.odpis.dane.dzial3.przedmiotDzialalnosci.przedmiotPozostalejDzialalnosci[37].pozycja[0].kodKlasa,no_change,12,12
CGI Polska S.A.,0000307263,root.odpis.dane.dzial3.przedmiotDzialalnosci.przedmiotPozostalejDzialalnosci[37].pozycja[0].kodPodklasa,no_change,Z,Z
CGI Polska S.A.,0000307263,root.odpis.dane.dzial3.przedmiotDzialalnosci.przedmiotPozostalejDzialalnosci[37].pozycja[0].nrWpisuWprow,no_change,9,9
CGI Polska S.A.,0000307263,root.odpis.dane.dzial3.przedmiotDzialalnosci.przedmiotPozostalejDzialalnosci[37].pozycja[0].nrWpisuWykr,no_change,17,17
CGI Polska S.A.,0000307263,root.odpis.dane.dzial3.przedmiotDzialalnosci.przedmiotPozostalejDzialalnosci[37].pozycja[0].opis,no_change,PRODUKCJA ELEKTRONICZNYCH OBWODÓW DRUKOWANYCH,PRODUKCJA ELEKTRONICZNYCH OBWODÓW DRUKOWANYCH
CGI Polska S.A.,0000307263,root.odpis.dane.dzial3.przedmiotDzialalnosci.przedmiotPozostalejDzialalnosci[38].pozycja[0].kodDzial,no_change,26,26
CGI Polska S.A.,0000307263,root.odpis.dane.dzial3.przedmiotDzialalnosci.przedmiotPozostalejDzialalnosci[38].pozycja[0].kodKlasa,no_change,20,20
CGI Polska S.A.,0000307263,root.odpis.dane.dzial3.przedmiotDzialalnosci.przedmiotPozostalejDzialalnosci[38].pozycja[0].kodPodklasa,no_change,Z,Z
CGI Polska S.A.,0000307263,root.odpis.dane.dzial3.przedmiotDzialalnosci.przedmiotPozostalejDzialalnosci[38].pozycja[0].nrWpisuWprow,no_change,9,9
CGI Polska S.A.,0000307263,root.odpis.dane.dzial3.przedmiotDzialalnosci.przedmiotPozostalejDzialalnosci[38].pozycja[0].nrWpisuWykr,no_change,17,17
CGI Polska S.A.,0000307263,root.odpis.dane.dzial3.przedmiotDzialalnosci.przedmiotPozostalejDzialalnosci[38].pozycja[0].opis,no_change,PRODUKCJA KOMPUTERÓW I URZĄDZEŃ PERYFERYJNYCH,PRODUKCJA KOMPUTERÓW I URZĄDZEŃ PERYFERYJNYCH
CGI Polska S.A.,0000307263,root.odpis.dane.dzial3.przedmiotDzialalnosci.przedmiotPozostalejDzialalnosci[39].pozycja[0].kodDzial,no_change,26,26
CGI Polska S.A.,0000307263,root.odpis.dane.dzial3.przedmiotDzialalnosci.przedmiotPozostalejDzialalnosci[39].pozycja[0].kodKlasa,no_change,30,30
CGI Polska S.A.,0000307263,root.odpis.dane.dzial3.przedmiotDzialalnosci.przedmiotPozostalejDzialalnosci[39].pozycja[0].kodPodklasa,no_change,Z,Z
CGI Polska S.A.,0000307263,root.odpis.dane.dzial3.przedmiotDzialalnosci.przedmiotPozostalejDzialalnosci[39].pozycja[0].nrWpisuWprow,no_change,9,9
CGI Polska S.A.,0000307263,root.odpis.dane.dzial3.przedmiotDzialalnosci.przedmiotPozostalejDzialalnosci[39].pozycja[0].nrWpisuWykr,no_change,17,17
CGI Polska S.A.,0000307263,root.odpis.dane.dzial3.przedmiotDzialalnosci.przedmiotPozostalejDzialalnosci[39].pozycja[0].opis,no_change,PRODUKCJA SPRZĘTU (TELE)KOMUNIKACYJNEGO,PRODUKCJA SPRZĘTU (TELE)KOMUNIKACYJNEGO
CGI Polska S.A.,0000307263,root.odpis.dane.dzial3.przedmiotDzialalnosci.przedmiotPozostalejDzialalnosci[3].pozycja[0].kodDzial,no_change,63,63
CGI Polska S.A.,0000307263,root.odpis.dane.dzial3.przedmiotDzialalnosci.przedmiotPozostalejDzialalnosci[3].pozycja[0].nrWpisuWprow,no_change,1,1
CGI Polska S.A.,0000307263,root.odpis.dane.dzial3.przedmiotDzialalnosci.przedmiotPozostalejDzialalnosci[3].pozycja[0].nrWpisuWykr,no_change,9,9
CGI Polska S.A.,0000307263,root.odpis.dane.dzial3.przedmiotDzialalnosci.przedmiotPozostalejDzialalnosci[3].pozycja[0].opis,no_change,DZIAŁALNOŚĆ USŁUGOWA W ZAKRESIE INFORMACJI,DZIAŁALNOŚĆ USŁUGOWA W ZAKRESIE INFORMACJI
CGI Polska S.A.,0000307263,root.odpis.dane.dzial3.przedmiotDzialalnosci.przedmiotPozostalejDzialalnosci[40].pozycja[0].kodDzial,no_change,26,26
CGI Polska S.A.,0000307263,root.odpis.dane.dzial3.przedmiotDzialalnosci.przedmiotPozostalejDzialalnosci[40].pozycja[0].kodKlasa,no_change,40,40
CGI Polska S.A.,0000307263,root.odpis.dane.dzial3.przedmiotDzialalnosci.przedmiotPozostalejDzialalnosci[40].pozycja[0].kodPodklasa,no_change,Z,Z
CGI Polska S.A.,0000307263,root.odpis.dane.dzial3.przedmiotDzialalnosci.przedmiotPozostalejDzialalnosci[40].pozycja[0].nrWpisuWprow,no_change,9,9
CGI Polska S.A.,0000307263,root.odpis.dane.dzial3.przedmiotDzialalnosci.przedmiotPozostalejDzialalnosci[40].pozycja[0].nrWpisuWykr,no_change,17,17
CGI Polska S.A.,0000307263,root.odpis.dane.dzial3.przedmiotDzialalnosci.przedmiotPozostalejDzialalnosci[40].pozycja[0].opis,no_change,PRODUKCJA ELEKTRONICZNEGO SPRZĘTU POWSZECHNEGO UŻYTKU,PRODUKCJA ELEKTRONICZNEGO SPRZĘTU POWSZECHNEGO UŻYTKU
CGI Polska S.A.,0000307263,root.odpis.dane.dzial3.przedmiotDzialalnosci.przedmiotPozostalejDzialalnosci[41].pozycja[0].kodDzial,no_change,28,28
CGI Polska S.A.,0000307263,root.odpis.dane.dzial3.przedmiotDzialalnosci.przedmiotPozostalejDzialalnosci[41].pozycja[0].kodKlasa,no_change,23,23
CGI Polska S.A.,0000307263,root.odpis.dane.dzial3.przedmiotDzialalnosci.przedmiotPozostalejDzialalnosci[41].pozycja[0].kodPodklasa,no_change,Z,Z
CGI Polska S.A.,0000307263,root.odpis.dane.dzial3.przedmiotDzialalnosci.przedmiotPozostalejDzialalnosci[41].pozycja[0].nrWpisuWprow,no_change,9,9
CGI Polska S.A.,0000307263,root.odpis.dane.dzial3.przedmiotDzialalnosci.przedmiotPozostalejDzialalnosci[41].pozycja[0].nrWpisuWykr,no_change,17,17
CGI Polska S.A.,0000307263,root.odpis.dane.dzial3.przedmiotDzialalnosci.przedmiotPozostalejDzialalnosci[41].pozycja[0].opis,no_change,"PRODUKCJA MASZYN I SPRZĘTU BIUROWEGO, Z WYŁĄCZENIEM KOMPUTERÓW I URZĄDZEŃ PERYFERYJNYCH","PRODUKCJA MASZYN I SPRZĘTU BIUROWEGO, Z WYŁĄCZENIEM KOMPUTERÓW I URZĄDZEŃ PERYFERYJNYCH"
CGI Polska S.A.,0000307263,root.odpis.dane.dzial3.przedmiotDzialalnosci.przedmiotPozostalejDzialalnosci[42].pozycja[0].kodDzial,no_change,33,33
CGI Polska S.A.,0000307263,root.odpis.dane.dzial3.przedmiotDzialalnosci.przedmiotPozostalejDzialalnosci[42].pozycja[0].kodKlasa,no_change,12,12
CGI Polska S.A.,0000307263,root.odpis.dane.dzial3.przedmiotDzialalnosci.przedmiotPozostalejDzialalnosci[42].pozycja[0].kodPodklasa,no_change,Z,Z
CGI Polska S.A.,0000307263,root.odpis.dane.dzial3.przedmiotDzialalnosci.przedmiotPozostalejDzialalnosci[42].pozycja[0].nrWpisuWprow,no_change,9,9
CGI Polska S.A.,0000307263,root.odpis.dane.dzial3.przedmiotDzialalnosci.przedmiotPozostalejDzialalnosci[42].pozycja[0].nrWpisuWykr,no_change,17,17
CGI Polska S.A.,0000307263,root.odpis.dane.dzial3.przedmiotDzialalnosci.przedmiotPozostalejDzialalnosci[42].pozycja[0].opis,no_change,NAPRAWA I KONSERWACJA MASZYN,NAPRAWA I KONSERWACJA MASZYN
CGI Polska S.A.,0000307263,root.odpis.dane.dzial3.przedmiotDzialalnosci.przedmiotPozostalejDzialalnosci[43].pozycja[0].kodDzial,no_change,33,33
CGI Polska S.A.,0000307263,root.odpis.dane.dzial3.przedmiotDzialalnosci.przedmiotPozostalejDzialalnosci[43].pozycja[0].kodKlasa,no_change,13,13
CGI Polska S.A.,0000307263,root.odpis.dane.dzial3.przedmiotDzialalnosci.przedmiotPozostalejDzialalnosci[43].pozycja[0].kodPodklasa,no_change,Z,Z
CGI Polska S.A.,0000307263,root.odpis.dane.dzial3.przedmiotDzialalnosci.przedmiotPozostalejDzialalnosci[43].pozycja[0].nrWpisuWprow,no_change,9,9
CGI Polska S.A.,0000307263,root.odpis.dane.dzial3.przedmiotDzialalnosci.przedmiotPozostalejDzialalnosci[43].pozycja[0].nrWpisuWykr,no_change,17,17
CGI Polska S.A.,0000307263,root.odpis.dane.dzial3.przedmiotDzialalnosci.przedmiotPozostalejDzialalnosci[43].pozycja[0].opis,no_change,NAPRAWA I KONSERWACJA URZĄDZEŃ ELEKTRONICZNYCH I OPTYCZNYCH,NAPRAWA I KONSERWACJA URZĄDZEŃ ELEKTRONICZNYCH I OPTYCZNYCH
CGI Polska S.A.,0000307263,root.odpis.dane.dzial3.przedmiotDzialalnosci.przedmiotPozostalejDzialalnosci[44].pozycja[0].kodDzial,no_change,33,33
CGI Polska S.A.,0000307263,root.odpis.dane.dzial3.przedmiotDzialalnosci.przedmiotPozostalejDzialalnosci[44].pozycja[0].kodKlasa,no_change,14,14
CGI Polska S.A.,0000307263,root.odpis.dane.dzial3.przedmiotDzialalnosci.przedmiotPozostalejDzialalnosci[44].pozycja[0].kodPodklasa,no_change,Z,Z
CGI Polska S.A.,0000307263,root.odpis.dane.dzial3.przedmiotDzialalnosci.przedmiotPozostalejDzialalnosci[44].pozycja[0].nrWpisuWprow,no_change,9,9
CGI Polska S.A.,0000307263,root.odpis.dane.dzial3.przedmiotDzialalnosci.przedmiotPozostalejDzialalnosci[44].pozycja[0].nrWpisuWykr,no_change,17,17
CGI Polska S.A.,0000307263,root.odpis.dane.dzial3.przedmiotDzialalnosci.przedmiotPozostalejDzialalnosci[44].pozycja[0].opis,no_change,NAPRAWA I KONSERWACJA URZĄDZEŃ ELEKTRYCZNYCH,NAPRAWA I KONSERWACJA URZĄDZEŃ ELEKTRYCZNYCH
CGI Polska S.A.,0000307263,root.odpis.dane.dzial3.przedmiotDzialalnosci.przedmiotPozostalejDzialalnosci[45].pozycja[0].kodDzial,no_change,33,33
CGI Polska S.A.,0000307263,root.odpis.dane.dzial3.przedmiotDzialalnosci.przedmiotPozostalejDzialalnosci[45].pozycja[0].kodKlasa,no_change,20,20
CGI Polska S.A.,0000307263,root.odpis.dane.dzial3.przedmiotDzialalnosci.przedmiotPozostalejDzialalnosci[45].pozycja[0].kodPodklasa,no_change,Z,Z
CGI Polska S.A.,0000307263,root.odpis.dane.dzial3.przedmiotDzialalnosci.przedmiotPozostalejDzialalnosci[45].pozycja[0].nrWpisuWprow,no_change,9,9
CGI Polska S.A.,0000307263,root.odpis.dane.dzial3.przedmiotDzialalnosci.przedmiotPozostalejDzialalnosci[45].pozycja[0].nrWpisuWykr,no_change,17,17
CGI Polska S.A.,0000307263,root.odpis.dane.dzial3.przedmiotDzialalnosci.przedmiotPozostalejDzialalnosci[45].pozycja[0].opis,no_change,"INSTALOWANIE MASZYN PRZEMYSŁOWYCH, SPRZĘTU I WYPOSAŻENIA","INSTALOWANIE MASZYN PRZEMYSŁOWYCH, SPRZĘTU I WYPOSAŻENIA"
CGI Polska S.A.,0000307263,root.odpis.dane.dzial3.przedmiotDzialalnosci.przedmiotPozostalejDzialalnosci[46].pozycja[0].kodDzial,no_change,46,46
CGI Polska S.A.,0000307263,root.odpis.dane.dzial3.przedmiotDzialalnosci.przedmiotPozostalejDzialalnosci[46].pozycja[0].kodKlasa,no_change,51,51
CGI Polska S.A.,0000307263,root.odpis.dane.dzial3.przedmiotDzialalnosci.przedmiotPozostalejDzialalnosci[46].pozycja[0].kodPodklasa,no_change,Z,Z
CGI Polska S.A.,0000307263,root.odpis.dane.dzial3.przedmiotDzialalnosci.przedmiotPozostalejDzialalnosci[46].pozycja[0].nrWpisuWprow,no_change,9,9
CGI Polska S.A.,0000307263,root.odpis.dane.dzial3.przedmiotDzialalnosci.przedmiotPozostalejDzialalnosci[46].pozycja[0].nrWpisuWykr,no_change,17,17
CGI Polska S.A.,0000307263,root.odpis.dane.dzial3.przedmiotDzialalnosci.przedmiotPozostalejDzialalnosci[46].pozycja[0].opis,no_change,"SPRZEDAŻ HURTOWA KOMPUTERÓW, URZĄDZEŃ PERYFERYJNYCH I OPROGRAMOWANIA","SPRZEDAŻ HURTOWA KOMPUTERÓW, URZĄDZEŃ PERYFERYJNYCH I OPROGRAMOWANIA"
CGI Polska S.A.,0000307263,root.odpis.dane.dzial3.przedmiotDzialalnosci.przedmiotPozostalejDzialalnosci[47].pozycja[0].kodDzial,no_change,46,46
CGI Polska S.A.,0000307263,root.odpis.dane.dzial3.przedmiotDzialalnosci.przedmiotPozostalejDzialalnosci[47].pozycja[0].kodKlasa,no_change,52,52
CGI Polska S.A.,0000307263,root.odpis.dane.dzial3.przedmiotDzialalnosci.przedmiotPozostalejDzialalnosci[47].pozycja[0].kodPodklasa,no_change,Z,Z
CGI Polska S.A.,0000307263,root.odpis.dane.dzial3.przedmiotDzialalnosci.przedmiotPozostalejDzialalnosci[47].pozycja[0].nrWpisuWprow,no_change,9,9
CGI Polska S.A.,0000307263,root.odpis.dane.dzial3.przedmiotDzialalnosci.przedmiotPozostalejDzialalnosci[47].pozycja[0].nrWpisuWykr,no_change,17,17
CGI Polska S.A.,0000307263,root.odpis.dane.dzial3.przedmiotDzialalnosci.przedmiotPozostalejDzialalnosci[47].pozycja[0].opis,no_change,SPRZEDAŻ HURTOWA SPRZĘTU ELEKTRONICZNEGO I TELEKOMUNIKACYJNEGO ORAZ CZĘŚCI DO NIEGO,SPRZEDAŻ HURTOWA SPRZĘTU ELEKTRONICZNEGO I TELEKOMUNIKACYJNEGO ORAZ CZĘŚCI DO NIEGO
CGI Polska S.A.,0000307263,root.odpis.dane.dzial3.przedmiotDzialalnosci.przedmiotPozostalejDzialalnosci[48].pozycja[0].kodDzial,no_change,47,47
CGI Polska S.A.,0000307263,root.odpis.dane.dzial3.przedmiotDzialalnosci.przedmiotPozostalejDzialalnosci[48].pozycja[0].kodKlasa,no_change,41,41
CGI Polska S.A.,0000307263,root.odpis.dane.dzial3.przedmiotDzialalnosci.przedmiotPozostalejDzialalnosci[48].pozycja[0].kodPodklasa,no_change,Z,Z
CGI Polska S.A.,0000307263,root.odpis.dane.dzial3.przedmiotDzialalnosci.przedmiotPozostalejDzialalnosci[48].pozycja[0].nrWpisuWprow,no_change,9,9
CGI Polska S.A.,0000307263,root.odpis.dane.dzial3.przedmiotDzialalnosci.przedmiotPozostalejDzialalnosci[48].pozycja[0].nrWpisuWykr,no_change,17,17
CGI Polska S.A.,0000307263,root.odpis.dane.dzial3.przedmiotDzialalnosci.przedmiotPozostalejDzialalnosci[48].pozycja[0].opis,no_change,"SPRZEDAŻ DETALICZNA KOMPUTERÓW, URZĄDZEŃ PERYFERYJNYCH I OPROGRAMOWANIA PROWADZONA W WYSPECJALIZOWANYCH SKLEPACH","SPRZEDAŻ DETALICZNA KOMPUTERÓW, URZĄDZEŃ PERYFERYJNYCH I OPROGRAMOWANIA PROWADZONA W WYSPECJALIZOWANYCH SKLEPACH"
CGI Polska S.A.,0000307263,root.odpis.dane.dzial3.przedmiotDzialalnosci.przedmiotPozostalejDzialalnosci[49].pozycja[0].kodDzial,no_change,47,47
CGI Polska S.A.,0000307263,root.odpis.dane.dzial3.przedmiotDzialalnosci.przedmiotPozostalejDzialalnosci[49].pozycja[0].kodKlasa,no_change,42,42
CGI Polska S.A.,0000307263,root.odpis.dane.dzial3.przedmiotDzialalnosci.przedmiotPozostalejDzialalnosci[49].pozycja[0].kodPodklasa,no_change,Z,Z
CGI Polska S.A.,0000307263,root.odpis.dane.dzial3.przedmiotDzialalnosci.przedmiotPozostalejDzialalnosci[49].pozycja[0].nrWpisuWprow,no_change,9,9
CGI Polska S.A.,0000307263,root.odpis.dane.dzial3.przedmiotDzialalnosci.przedmiotPozostalejDzialalnosci[49].pozycja[0].nrWpisuWykr,no_change,17,17
CGI Polska S.A.,0000307263,root.odpis.dane.dzial3.przedmiotDzialalnosci.przedmiotPozostalejDzialalnosci[49].pozycja[0].opis,no_change,SPRZEDAŻ DETALICZNA SPRZĘTU TELEKOMUNIKACYJNEGO PROWADZONA W WYSPECJALIZOWANYCH SKLEPACH,SPRZEDAŻ DETALICZNA SPRZĘTU TELEKOMUNIKACYJNEGO PROWADZONA W WYSPECJALIZOWANYCH SKLEPACH
CGI Polska S.A.,0000307263,root.odpis.dane.dzial3.przedmiotDzialalnosci.przedmiotPozostalejDzialalnosci[4].pozycja[0].kodDzial,no_change,66,66
CGI Polska S.A.,0000307263,root.odpis.dane.dzial3.przedmiotDzialalnosci.przedmiotPozostalejDzialalnosci[4].pozycja[0].kodKlasa,no_change,19,19
CGI Polska S.A.,0000307263,root.odpis.dane.dzial3.przedmiotDzialalnosci.przedmiotPozostalejDzialalnosci[4].pozycja[0].kodPodklasa,no_change,Z,Z
CGI Polska S.A.,0000307263,root.odpis.dane.dzial3.przedmiotDzialalnosci.przedmiotPozostalejDzialalnosci[4].pozycja[0].nrWpisuWprow,no_change,1,1
CGI Polska S.A.,0000307263,root.odpis.dane.dzial3.przedmiotDzialalnosci.przedmiotPozostalejDzialalnosci[4].pozycja[0].nrWpisuWykr,no_change,9,9
CGI Polska S.A.,0000307263,root.odpis.dane.dzial3.przedmiotDzialalnosci.przedmiotPozostalejDzialalnosci[4].pozycja[0].opis,no_change,POZOSTAŁA FINANSOWA DZIAŁALNOŚĆ USŁUGOWA Z WYŁĄCZENIEM UBEZPIECZEŃ I FUNDUSZÓW EMERYTALNYCH.,POZOSTAŁA FINANSOWA DZIAŁALNOŚĆ USŁUGOWA Z WYŁĄCZENIEM UBEZPIECZEŃ I FUNDUSZÓW EMERYTALNYCH.
CGI Polska S.A.,0000307263,root.odpis.dane.dzial3.przedmiotDzialalnosci.przedmiotPozostalejDzialalnosci[50].pozycja[0].kodDzial,no_change,47,47
CGI Polska S.A.,0000307263,root.odpis.dane.dzial3.przedmiotDzialalnosci.przedmiotPozostalejDzialalnosci[50].pozycja[0].kodKlasa,no_change,91,91
CGI Polska S.A.,0000307263,root.odpis.dane.dzial3.przedmiotDzialalnosci.przedmiotPozostalejDzialalnosci[50].pozycja[0].kodPodklasa,no_change,Z,Z
CGI Polska S.A.,0000307263,root.odpis.dane.dzial3.przedmiotDzialalnosci.przedmiotPozostalejDzialalnosci[50].pozycja[0].nrWpisuWprow,no_change,9,9
CGI Polska S.A.,0000307263,root.odpis.dane.dzial3.przedmiotDzialalnosci.przedmiotPozostalejDzialalnosci[50].pozycja[0].nrWpisuWykr,no_change,17,17
CGI Polska S.A.,0000307263,root.odpis.dane.dzial3.przedmiotDzialalnosci.przedmiotPozostalejDzialalnosci[50].pozycja[0].opis,no_change,SPRZEDAŻ DETALICZNA PROWADZONA PRZEZ DOMY SPRZEDAŻY WYSYŁKOWEJ LUB INTERNET,SPRZEDAŻ DETALICZNA PROWADZONA PRZEZ DOMY SPRZEDAŻY WYSYŁKOWEJ LUB INTERNET
CGI Polska S.A.,0000307263,root.odpis.dane.dzial3.przedmiotDzialalnosci.przedmiotPozostalejDzialalnosci[51].pozycja[0].kodDzial,no_change,49,49
CGI Polska S.A.,0000307263,root.odpis.dane.dzial3.przedmiotDzialalnosci.przedmiotPozostalejDzialalnosci[51].pozycja[0].kodKlasa,no_change,41,41
CGI Polska S.A.,0000307263,root.odpis.dane.dzial3.przedmiotDzialalnosci.przedmiotPozostalejDzialalnosci[51].pozycja[0].kodPodklasa,no_change,Z,Z
CGI Polska S.A.,0000307263,root.odpis.dane.dzial3.przedmiotDzialalnosci.przedmiotPozostalejDzialalnosci[51].pozycja[0].nrWpisuWprow,no_change,9,9
CGI Polska S.A.,0000307263,root.odpis.dane.dzial3.przedmiotDzialalnosci.przedmiotPozostalejDzialalnosci[51].pozycja[0].nrWpisuWykr,no_change,17,17
CGI Polska S.A.,0000307263,root.odpis.dane.dzial3.przedmiotDzialalnosci.przedmiotPozostalejDzialalnosci[51].pozycja[0].opis,no_change,TRANSPORT DROGOWY TOWARÓW,TRANSPORT DROGOWY TOWARÓW
CGI Polska S.A.,0000307263,root.odpis.dane.dzial3.przedmiotDzialalnosci.przedmiotPozostalejDzialalnosci[52].pozycja[0].kodDzial,no_change,52,52
CGI Polska S.A.,0000307263,root.odpis.dane.dzial3.przedmiotDzialalnosci.przedmiotPozostalejDzialalnosci[52].pozycja[0].kodKlasa,no_change,10,10
CGI Polska S.A.,0000307263,root.odpis.dane.dzial3.przedmiotDzialalnosci.przedmiotPozostalejDzialalnosci[52].pozycja[0].kodPodklasa,no_change,B,B
CGI Polska S.A.,0000307263,root.odpis.dane.dzial3.przedmiotDzialalnosci.przedmiotPozostalejDzialalnosci[52].pozycja[0].nrWpisuWprow,no_change,9,9
CGI Polska S.A.,0000307263,root.odpis.dane.dzial3.przedmiotDzialalnosci.przedmiotPozostalejDzialalnosci[52].pozycja[0].nrWpisuWykr,no_change,17,17
CGI Polska S.A.,0000307263,root.odpis.dane.dzial3.przedmiotDzialalnosci.przedmiotPozostalejDzialalnosci[52].pozycja[0].opis,no_change,MAGAZYNOWANIE I PRZECHOWYWANIE POZOSTAŁYCH TOWARÓW,MAGAZYNOWANIE I PRZECHOWYWANIE POZOSTAŁYCH TOWARÓW
CGI Polska S.A.,0000307263,root.odpis.dane.dzial3.przedmiotDzialalnosci.przedmiotPozostalejDzialalnosci[53].pozycja[0].kodDzial,no_change,64,64
CGI Polska S.A.,0000307263,root.odpis.dane.dzial3.przedmiotDzialalnosci.przedmiotPozostalejDzialalnosci[53].pozycja[0].kodKlasa,no_change,91,91
CGI Polska S.A.,0000307263,root.odpis.dane.dzial3.przedmiotDzialalnosci.przedmiotPozostalejDzialalnosci[53].pozycja[0].kodPodklasa,no_change,Z,Z
CGI Polska S.A.,0000307263,root.odpis.dane.dzial3.przedmiotDzialalnosci.przedmiotPozostalejDzialalnosci[53].pozycja[0].nrWpisuWprow,no_change,9,9
CGI Polska S.A.,0000307263,root.odpis.dane.dzial3.przedmiotDzialalnosci.przedmiotPozostalejDzialalnosci[53].pozycja[0].nrWpisuWykr,no_change,17,17
CGI Polska S.A.,0000307263,root.odpis.dane.dzial3.przedmiotDzialalnosci.przedmiotPozostalejDzialalnosci[53].pozycja[0].opis,no_change,LEASING FINANSOWY,LEASING FINANSOWY
CGI Polska S.A.,0000307263,root.odpis.dane.dzial3.przedmiotDzialalnosci.przedmiotPozostalejDzialalnosci[54].pozycja[0].kodDzial,no_change,77,77
CGI Polska S.A.,0000307263,root.odpis.dane.dzial3.przedmiotDzialalnosci.przedmiotPozostalejDzialalnosci[54].pozycja[0].kodKlasa,no_change,33,33
CGI Polska S.A.,0000307263,root.odpis.dane.dzial3.przedmiotDzialalnosci.przedmiotPozostalejDzialalnosci[54].pozycja[0].kodPodklasa,no_change,Z,Z
CGI Polska S.A.,0000307263,root.odpis.dane.dzial3.przedmiotDzialalnosci.przedmiotPozostalejDzialalnosci[54].pozycja[0].nrWpisuWprow,no_change,9,9
CGI Polska S.A.,0000307263,root.odpis.dane.dzial3.przedmiotDzialalnosci.przedmiotPozostalejDzialalnosci[54].pozycja[0].nrWpisuWykr,no_change,17,17
CGI Polska S.A.,0000307263,root.odpis.dane.dzial3.przedmiotDzialalnosci.przedmiotPozostalejDzialalnosci[54].pozycja[0].opis,no_change,"WYNAJEM I DZIERŻAWA MASZYN I URZĄDZEŃ BIUROWYCH, WŁĄCZAJĄC KOMPUTERY","WYNAJEM I DZIERŻAWA MASZYN I URZĄDZEŃ BIUROWYCH, WŁĄCZAJĄC KOMPUTERY"
CGI Polska S.A.,0000307263,root.odpis.dane.dzial3.przedmiotDzialalnosci.przedmiotPozostalejDzialalnosci[55].pozycja[0].kodDzial,no_change,85,85
CGI Polska S.A.,0000307263,root.odpis.dane.dzial3.przedmiotDzialalnosci.przedmiotPozostalejDzialalnosci[55].pozycja[0].kodKlasa,no_change,60,60
CGI Polska S.A.,0000307263,root.odpis.dane.dzial3.przedmiotDzialalnosci.przedmiotPozostalejDzialalnosci[55].pozycja[0].kodPodklasa,no_change,Z,Z
CGI Polska S.A.,0000307263,root.odpis.dane.dzial3.przedmiotDzialalnosci.przedmiotPozostalejDzialalnosci[55].pozycja[0].nrWpisuWprow,no_change,9,9
CGI Polska S.A.,0000307263,root.odpis.dane.dzial3.przedmiotDzialalnosci.przedmiotPozostalejDzialalnosci[55].pozycja[0].nrWpisuWykr,no_change,17,17
CGI Polska S.A.,0000307263,root.odpis.dane.dzial3.przedmiotDzialalnosci.przedmiotPozostalejDzialalnosci[55].pozycja[0].opis,no_change,DZIAŁALNOŚĆ WSPOMAGAJĄCA EDUKACJĘ,DZIAŁALNOŚĆ WSPOMAGAJĄCA EDUKACJĘ
CGI Polska S.A.,0000307263,root.odpis.dane.dzial3.przedmiotDzialalnosci.przedmiotPozostalejDzialalnosci[56].pozycja[0].kodDzial,no_change,82,82
CGI Polska S.A.,0000307263,root.odpis.dane.dzial3.przedmiotDzialalnosci.przedmiotPozostalejDzialalnosci[56].pozycja[0].kodKlasa,no_change,99,99
CGI Polska S.A.,0000307263,root.odpis.dane.dzial3.przedmiotDzialalnosci.przedmiotPozostalejDzialalnosci[56].pozycja[0].kodPodklasa,no_change,Z,Z
CGI Polska S.A.,0000307263,root.odpis.dane.dzial3.przedmiotDzialalnosci.przedmiotPozostalejDzialalnosci[56].pozycja[0].nrWpisuWprow,no_change,9,9
CGI Polska S.A.,0000307263,root.odpis.dane.dzial3.przedmiotDzialalnosci.przedmiotPozostalejDzialalnosci[56].pozycja[0].nrWpisuWykr,no_change,17,17
CGI Polska S.A.,0000307263,root.odpis.dane.dzial3.przedmiotDzialalnosci.przedmiotPozostalejDzialalnosci[56].pozycja[0].opis,no_change,"POZOSTAŁA DZIAŁALNOŚĆ WSPOMAGAJĄCA PROWADZENIE DZIAŁALNOŚCI GOSPODARCZEJ, GDZIE INDZIEJ NIESKLASYFIKOWANA","POZOSTAŁA DZIAŁALNOŚĆ WSPOMAGAJĄCA PROWADZENIE DZIAŁALNOŚCI GOSPODARCZEJ, GDZIE INDZIEJ NIESKLASYFIKOWANA"
CGI Polska S.A.,0000307263,root.odpis.dane.dzial3.przedmiotDzialalnosci.przedmiotPozostalejDzialalnosci[57].pozycja[0].kodDzial,no_change,80,80
CGI Polska S.A.,0000307263,root.odpis.dane.dzial3.przedmiotDzialalnosci.przedmiotPozostalejDzialalnosci[57].pozycja[0].kodKlasa,no_change,10,10
CGI Polska S.A.,0000307263,root.odpis.dane.dzial3.przedmiotDzialalnosci.przedmiotPozostalejDzialalnosci[57].pozycja[0].kodPodklasa,no_change,Z,Z
CGI Polska S.A.,0000307263,root.odpis.dane.dzial3.przedmiotDzialalnosci.przedmiotPozostalejDzialalnosci[57].pozycja[0].nrWpisuWprow,no_change,14,14
CGI Polska S.A.,0000307263,root.odpis.dane.dzial3.przedmiotDzialalnosci.przedmiotPozostalejDzialalnosci[57].pozycja[0].nrWpisuWykr,no_change,17,17
CGI Polska S.A.,0000307263,root.odpis.dane.dzial3.przedmiotDzialalnosci.przedmiotPozostalejDzialalnosci[57].pozycja[0].opis,no_change,"DZIAŁALNOŚĆ OCHRONIARSKA, Z WYŁĄCZENIEM OBSŁUGI SYSTEMÓW BEZPIECZEŃSTWA","DZIAŁALNOŚĆ OCHRONIARSKA, Z WYŁĄCZENIEM OBSŁUGI SYSTEMÓW BEZPIECZEŃSTWA"
CGI Polska S.A.,0000307263,root.odpis.dane.dzial3.przedmiotDzialalnosci.przedmiotPozostalejDzialalnosci[58].pozycja[0].kodDzial,no_change,80,80
CGI Polska S.A.,0000307263,root.odpis.dane.dzial3.przedmiotDzialalnosci.przedmiotPozostalejDzialalnosci[58].pozycja[0].kodKlasa,no_change,20,20
CGI Polska S.A.,0000307263,root.odpis.dane.dzial3.przedmiotDzialalnosci.przedmiotPozostalejDzialalnosci[58].pozycja[0].kodPodklasa,no_change,Z,Z
CGI Polska S.A.,0000307263,root.odpis.dane.dzial3.przedmiotDzialalnosci.przedmiotPozostalejDzialalnosci[58].pozycja[0].nrWpisuWprow,no_change,14,14
CGI Polska S.A.,0000307263,root.odpis.dane.dzial3.przedmiotDzialalnosci.przedmiotPozostalejDzialalnosci[58].pozycja[0].nrWpisuWykr,no_change,17,17
CGI Polska S.A.,0000307263,root.odpis.dane.dzial3.przedmiotDzialalnosci.przedmiotPozostalejDzialalnosci[58].pozycja[0].opis,no_change,DZIAŁALNOŚĆ OCHRONIARSKA W ZAKRESIE OBSŁUGI SYSTEMÓW BEZPIECZEŃSTWA,DZIAŁALNOŚĆ OCHRONIARSKA W ZAKRESIE OBSŁUGI SYSTEMÓW BEZPIECZEŃSTWA
CGI Polska S.A.,0000307263,root.odpis.dane.dzial3.przedmiotDzialalnosci.przedmiotPozostalejDzialalnosci[59].pozycja[0].kodDzial,no_change,85,85
CGI Polska S.A.,0000307263,root.odpis.dane.dzial3.przedmiotDzialalnosci.przedmiotPozostalejDzialalnosci[59].pozycja[0].kodKlasa,no_change,59,59
CGI Polska S.A.,0000307263,root.odpis.dane.dzial3.przedmiotDzialalnosci.przedmiotPozostalejDzialalnosci[59].pozycja[0].kodPodklasa,no_change,B,B
CGI Polska S.A.,0000307263,root.odpis.dane.dzial3.przedmiotDzialalnosci.przedmiotPozostalejDzialalnosci[59].pozycja[0].nrWpisuWprow,no_change,15,15
CGI Polska S.A.,0000307263,root.odpis.dane.dzial3.przedmiotDzialalnosci.przedmiotPozostalejDzialalnosci[59].pozycja[0].nrWpisuWykr,no_change,17,17
CGI Polska S.A.,0000307263,root.odpis.dane.dzial3.przedmiotDzialalnosci.przedmiotPozostalejDzialalnosci[59].pozycja[0].opis,no_change,"POZOSTAŁE POZASZKOLNE FORMY EDUKACJI, GDZIE INDZIEJ NIESKLASYFIKOWANE","POZOSTAŁE POZASZKOLNE FORMY EDUKACJI, GDZIE INDZIEJ NIESKLASYFIKOWANE"
CGI Polska S.A.,0000307263,root.odpis.dane.dzial3.przedmiotDzialalnosci.przedmiotPozostalejDzialalnosci[5].pozycja[0].kodDzial,no_change,68,68
CGI Polska S.A.,0000307263,root.odpis.dane.dzial3.przedmiotDzialalnosci.przedmiotPozostalejDzialalnosci[5].pozycja[0].nrWpisuWprow,no_change,1,1
CGI Polska S.A.,0000307263,root.odpis.dane.dzial3.przedmiotDzialalnosci.przedmiotPozostalejDzialalnosci[5].pozycja[0].nrWpisuWykr,no_change,9,9
CGI Polska S.A.,0000307263,root.odpis.dane.dzial3.przedmiotDzialalnosci.przedmiotPozostalejDzialalnosci[5].pozycja[0].opis,no_change,DZIAŁALNOŚĆ ZWIĄZANA Z OBSŁUGĄ RYNKU NIERUCHOMOŚCI,DZIAŁALNOŚĆ ZWIĄZANA Z OBSŁUGĄ RYNKU NIERUCHOMOŚCI
CGI Polska S.A.,0000307263,root.odpis.dane.dzial3.przedmiotDzialalnosci.przedmiotPozostalejDzialalnosci[60].pozycja[0].kodDzial,no_change,62,62
CGI Polska S.A.,0000307263,root.odpis.dane.dzial3.przedmiotDzialalnosci.przedmiotPozostalejDzialalnosci[60].pozycja[0].kodKlasa,no_change,02,02
CGI Polska S.A.,0000307263,root.odpis.dane.dzial3.przedmiotDzialalnosci.przedmiotPozostalejDzialalnosci[60].pozycja[0].kodPodklasa,no_change,Z,Z
CGI Polska S.A.,0000307263,root.odpis.dane.dzial3.przedmiotDzialalnosci.przedmiotPozostalejDzialalnosci[60].pozycja[0].nrWpisuWprow,no_change,17,17
CGI Polska S.A.,0000307263,root.odpis.dane.dzial3.przedmiotDzialalnosci.przedmiotPozostalejDzialalnosci[60].pozycja[0].opis,no_change,DZIAŁALNOŚĆ ZWIĄZANA Z DORADZTWEM W ZAKRESIE INFORMATYKI,DZIAŁALNOŚĆ ZWIĄZANA Z DORADZTWEM W ZAKRESIE INFORMATYKI
CGI Polska S.A.,0000307263,root.odpis.dane.dzial3.przedmiotDzialalnosci.przedmiotPozostalejDzialalnosci[61].pozycja[0].kodDzial,no_change,62,62
CGI Polska S.A.,0000307263,root.odpis.dane.dzial3.przedmiotDzialalnosci.przedmiotPozostalejDzialalnosci[61].pozycja[0].kodKlasa,no_change,03,03
CGI Polska S.A.,0000307263,root.odpis.dane.dzial3.przedmiotDzialalnosci.przedmiotPozostalejDzialalnosci[61].pozycja[0].kodPodklasa,no_change,Z,Z
CGI Polska S.A.,0000307263,root.odpis.dane.dzial3.przedmiotDzialalnosci.przedmiotPozostalejDzialalnosci[61].pozycja[0].nrWpisuWprow,no_change,17,17
CGI Polska S.A.,0000307263,root.odpis.dane.dzial3.przedmiotDzialalnosci.przedmiotPozostalejDzialalnosci[61].pozycja[0].opis,no_change,DZIAŁALNOŚĆ ZWIĄZANA Z ZARZĄDZANIEM URZĄDZENIAMI INFORMATYCZNYMI,DZIAŁALNOŚĆ ZWIĄZANA Z ZARZĄDZANIEM URZĄDZENIAMI INFORMATYCZNYMI
CGI Polska S.A.,0000307263,root.odpis.dane.dzial3.przedmiotDzialalnosci.przedmiotPozostalejDzialalnosci[62].pozycja[0].kodDzial,no_change,62,62
CGI Polska S.A.,0000307263,root.odpis.dane.dzial3.przedmiotDzialalnosci.przedmiotPozostalejDzialalnosci[62].pozycja[0].kodKlasa,no_change,09,09
CGI Polska S.A.,0000307263,root.odpis.dane.dzial3.przedmiotDzialalnosci.przedmiotPozostalejDzialalnosci[62].pozycja[0].kodPodklasa,no_change,Z,Z
CGI Polska S.A.,0000307263,root.odpis.dane.dzial3.przedmiotDzialalnosci.przedmiotPozostalejDzialalnosci[62].pozycja[0].nrWpisuWprow,no_change,17,17
CGI Polska S.A.,0000307263,root.odpis.dane.dzial3.przedmiotDzialalnosci.przedmiotPozostalejDzialalnosci[62].pozycja[0].opis,no_change,POZOSTAŁA DZIAŁALNOŚĆ USŁUGOWA W ZAKRESIE TECHNOLOGII INFORMATYCZNYCH I KOMPUTEROWYCH,POZOSTAŁA DZIAŁALNOŚĆ USŁUGOWA W ZAKRESIE TECHNOLOGII INFORMATYCZNYCH I KOMPUTEROWYCH
CGI Polska S.A.,0000307263,root.odpis.dane.dzial3.przedmiotDzialalnosci.przedmiotPozostalejDzialalnosci[63].pozycja[0].kodDzial,no_change,63,63
CGI Polska S.A.,0000307263,root.odpis.dane.dzial3.przedmiotDzialalnosci.przedmiotPozostalejDzialalnosci[63].pozycja[0].kodKlasa,no_change,11,11
CGI Polska S.A.,0000307263,root.odpis.dane.dzial3.przedmiotDzialalnosci.przedmiotPozostalejDzialalnosci[63].pozycja[0].kodPodklasa,no_change,Z,Z
CGI Polska S.A.,0000307263,root.odpis.dane.dzial3.przedmiotDzialalnosci.przedmiotPozostalejDzialalnosci[63].pozycja[0].nrWpisuWprow,no_change,17,17
CGI Polska S.A.,0000307263,root.odpis.dane.dzial3.przedmiotDzialalnosci.przedmiotPozostalejDzialalnosci[63].pozycja[0].opis,no_change,PRZETWARZANIE DANYCH; ZARZĄDZANIE STRONAMI INTERNETOWYMI (HOSTING) I PODOBNA DZIAŁALNOŚĆ,PRZETWARZANIE DANYCH; ZARZĄDZANIE STRONAMI INTERNETOWYMI (HOSTING) I PODOBNA DZIAŁALNOŚĆ
CGI Polska S.A.,0000307263,root.odpis.dane.dzial3.przedmiotDzialalnosci.przedmiotPozostalejDzialalnosci[64].pozycja[0].kodDzial,no_change,95,95
CGI Polska S.A.,0000307263,root.odpis.dane.dzial3.przedmiotDzialalnosci.przedmiotPozostalejDzialalnosci[64].pozycja[0].kodKlasa,no_change,11,11
CGI Polska S.A.,0000307263,root.odpis.dane.dzial3.przedmiotDzialalnosci.przedmiotPozostalejDzialalnosci[64].pozycja[0].kodPodklasa,no_change,Z,Z
CGI Polska S.A.,0000307263,root.odpis.dane.dzial3.przedmiotDzialalnosci.przedmiotPozostalejDzialalnosci[64].pozycja[0].nrWpisuWprow,no_change,17,17
CGI Polska S.A.,0000307263,root.odpis.dane.dzial3.przedmiotDzialalnosci.przedmiotPozostalejDzialalnosci[64].pozycja[0].opis,no_change,NAPRAWA I KONSERWACJA KOMPUTERÓW I URZĄDZEŃ PERYFERYJNYCH,NAPRAWA I KONSERWACJA KOMPUTERÓW I URZĄDZEŃ PERYFERYJNYCH
CGI Polska S.A.,0000307263,root.odpis.dane.dzial3.przedmiotDzialalnosci.przedmiotPozostalejDzialalnosci[65].pozycja[0].kodDzial,no_change,95,95
CGI Polska S.A.,0000307263,root.odpis.dane.dzial3.przedmiotDzialalnosci.przedmiotPozostalejDzialalnosci[65].pozycja[0].kodKlasa,no_change,12,12
CGI Polska S.A.,0000307263,root.odpis.dane.dzial3.przedmiotDzialalnosci.przedmiotPozostalejDzialalnosci[65].pozycja[0].kodPodklasa,no_change,Z,Z
CGI Polska S.A.,0000307263,root.odpis.dane.dzial3.przedmiotDzialalnosci.przedmiotPozostalejDzialalnosci[65].pozycja[0].nrWpisuWprow,no_change,17,17
CGI Polska S.A.,0000307263,root.odpis.dane.dzial3.przedmiotDzialalnosci.przedmiotPozostalejDzialalnosci[65].pozycja[0].opis,no_change,NAPRAWA I KONSERWACJA SPRZĘTU (TELE)KOMUNIKACYJNEGO,NAPRAWA I KONSERWACJA SPRZĘTU (TELE)KOMUNIKACYJNEGO
CGI Polska S.A.,0000307263,root.odpis.dane.dzial3.przedmiotDzialalnosci.przedmiotPozostalejDzialalnosci[66].pozycja[0].kodDzial,no_change,61,61
CGI Polska S.A.,0000307263,root.odpis.dane.dzial3.przedmiotDzialalnosci.przedmiotPozostalejDzialalnosci[66].pozycja[0].kodKlasa,no_change,10,10
CGI Polska S.A.,0000307263,root.odpis.dane.dzial3.przedmiotDzialalnosci.przedmiotPozostalejDzialalnosci[66].pozycja[0].kodPodklasa,no_change,Z,Z
CGI Polska S.A.,0000307263,root.odpis.dane.dzial3.przedmiotDzialalnosci.przedmiotPozostalejDzialalnosci[66].pozycja[0].nrWpisuWprow,no_change,17,17
CGI Polska S.A.,0000307263,root.odpis.dane.dzial3.przedmiotDzialalnosci.przedmiotPozostalejDzialalnosci[66].pozycja[0].opis,no_change,DZIAŁALNOŚĆ W ZAKRESIE TELEKOMUNIKACJI PRZEWODOWEJ,DZIAŁALNOŚĆ W ZAKRESIE TELEKOMUNIKACJI PRZEWODOWEJ
CGI Polska S.A.,0000307263,root.odpis.dane.dzial3.przedmiotDzialalnosci.przedmiotPozostalejDzialalnosci[67].pozycja[0].kodDzial,no_change,61,61
CGI Polska S.A.,0000307263,root.odpis.dane.dzial3.przedmiotDzialalnosci.przedmiotPozostalejDzialalnosci[67].pozycja[0].kodKlasa,no_change,20,20
CGI Polska S.A.,0000307263,root.odpis.dane.dzial3.przedmiotDzialalnosci.przedmiotPozostalejDzialalnosci[67].pozycja[0].kodPodklasa,no_change,Z,Z
CGI Polska S.A.,0000307263,root.odpis.dane.dzial3.przedmiotDzialalnosci.przedmiotPozostalejDzialalnosci[67].pozycja[0].nrWpisuWprow,no_change,17,17
CGI Polska S.A.,0000307263,root.odpis.dane.dzial3.przedmiotDzialalnosci.przedmiotPozostalejDzialalnosci[67].pozycja[0].opis,no_change,"DZIAŁALNOŚĆ W ZAKRESIE TELEKOMUNIKACJI BEZPRZEWODOWEJ, Z WYŁĄCZENIEM TELEKOMUNIKACJI SATELITARNEJ","DZIAŁALNOŚĆ W ZAKRESIE TELEKOMUNIKACJI BEZPRZEWODOWEJ, Z WYŁĄCZENIEM TELEKOMUNIKACJI SATELITARNEJ"
CGI Polska S.A.,0000307263,root.odpis.dane.dzial3.przedmiotDzialalnosci.przedmiotPozostalejDzialalnosci[68].pozycja[0].kodDzial,no_change,80,80
CGI Polska S.A.,0000307263,root.odpis.dane.dzial3.przedmiotDzialalnosci.przedmiotPozostalejDzialalnosci[68].pozycja[0].kodKlasa,no_change,20,20
CGI Polska S.A.,0000307263,root.odpis.dane.dzial3.przedmiotDzialalnosci.przedmiotPozostalejDzialalnosci[68].pozycja[0].kodPodklasa,no_change,Z,Z
CGI Polska S.A.,0000307263,root.odpis.dane.dzial3.przedmiotDzialalnosci.przedmiotPozostalejDzialalnosci[68].pozycja[0].nrWpisuWprow,no_change,17,17
CGI Polska S.A.,0000307263,root.odpis.dane.dzial3.przedmiotDzialalnosci.przedmiotPozostalejDzialalnosci[68].pozycja[0].opis,no_change,DZIAŁALNOŚĆ OCHRONIARSKA W ZAKRESIE OBSŁUGI SYSTEMÓW BEZPIECZEŃSTWA,DZIAŁALNOŚĆ OCHRONIARSKA W ZAKRESIE OBSŁUGI SYSTEMÓW BEZPIECZEŃSTWA
CGI Polska S.A.,0000307263,root.odpis.dane.dzial3.przedmiotDzialalnosci.przedmiotPozostalejDzialalnosci[6].pozycja[0].kodDzial,no_change,72,72
CGI Polska S.A.,0000307263,root.odpis.dane.dzial3.przedmiotDzialalnosci.przedmiotPozostalejDzialalnosci[6].pozycja[0].nrWpisuWprow,no_change,1,1
CGI Polska S.A.,0000307263,root.odpis.dane.dzial3.przedmiotDzialalnosci.przedmiotPozostalejDzialalnosci[6].pozycja[0].nrWpisuWykr,no_change,9,9
CGI Polska S.A.,0000307263,root.odpis.dane.dzial3.przedmiotDzialalnosci.przedmiotPozostalejDzialalnosci[6].pozycja[0].opis,no_change,BADANIA NAUKOWE I PRACE ROZWOJOWE,BADANIA NAUKOWE I PRACE ROZWOJOWE
CGI Polska S.A.,0000307263,root.odpis.dane.dzial3.przedmiotDzialalnosci.przedmiotPozostalejDzialalnosci[7].pozycja[0].kodDzial,no_change,85,85
CGI Polska S.A.,0000307263,root.odpis.dane.dzial3.przedmiotDzialalnosci.przedmiotPozostalejDzialalnosci[7].pozycja[0].kodKlasa,no_change,5,5
CGI Polska S.A.,0000307263,root.odpis.dane.dzial3.przedmiotDzialalnosci.przedmiotPozostalejDzialalnosci[7].pozycja[0].nrWpisuWprow,no_change,1,1
CGI Polska S.A.,0000307263,root.odpis.dane.dzial3.przedmiotDzialalnosci.przedmiotPozostalejDzialalnosci[7].pozycja[0].nrWpisuWykr,no_change,9,9
CGI Polska S.A.,0000307263,root.odpis.dane.dzial3.przedmiotDzialalnosci.przedmiotPozostalejDzialalnosci[7].pozycja[0].opis,no_change,POZASZKOLNE FORMY EDUKACJI,POZASZKOLNE FORMY EDUKACJI
CGI Polska S.A.,0000307263,root.odpis.dane.dzial3.przedmiotDzialalnosci.przedmiotPozostalejDzialalnosci[8].pozycja[0].kodDzial,no_change,85,85
CGI Polska S.A.,0000307263,root.odpis.dane.dzial3.przedmiotDzialalnosci.przedmiotPozostalejDzialalnosci[8].pozycja[0].kodKlasa,no_change,60,60
CGI Polska S.A.,0000307263,root.odpis.dane.dzial3.przedmiotDzialalnosci.przedmiotPozostalejDzialalnosci[8].pozycja[0].kodPodklasa,no_change,Z,Z
CGI Polska S.A.,0000307263,root.odpis.dane.dzial3.przedmiotDzialalnosci.przedmiotPozostalejDzialalnosci[8].pozycja[0].nrWpisuWprow,no_change,1,1
CGI Polska S.A.,0000307263,root.odpis.dane.dzial3.przedmiotDzialalnosci.przedmiotPozostalejDzialalnosci[8].pozycja[0].nrWpisuWykr,no_change,9,9
CGI Polska S.A.,0000307263,root.odpis.dane.dzial3.przedmiotDzialalnosci.przedmiotPozostalejDzialalnosci[8].pozycja[0].opis,no_change,DZIAŁALNOŚĆ WSPOMAGAJĄCA EDUKACJĘ,DZIAŁALNOŚĆ WSPOMAGAJĄCA EDUKACJĘ
CGI Polska S.A.,0000307263,root.odpis.dane.dzial3.przedmiotDzialalnosci.przedmiotPozostalejDzialalnosci[9].pozycja[0].kodDzial,no_change,95,95
CGI Polska S.A.,0000307263,root.odpis.dane.dzial3.przedmiotDzialalnosci.przedmiotPozostalejDzialalnosci[9].pozycja[0].nrWpisuWprow,no_change,1,1
CGI Polska S.A.,0000307263,root.odpis.dane.dzial3.przedmiotDzialalnosci.przedmiotPozostalejDzialalnosci[9].pozycja[0].nrWpisuWykr,no_change,9,9
CGI Polska S.A.,0000307263,root.odpis.dane.dzial3.przedmiotDzialalnosci.przedmiotPozostalejDzialalnosci[9].pozycja[0].opis,no_change,NAPRAWA I KONSERWACJA KOMPUTERÓW I ARTYKUŁÓW UŻYTKU OSOBISTEGO I DOMOWEGO,NAPRAWA I KONSERWACJA KOMPUTERÓW I ARTYKUŁÓW UŻYTKU OSOBISTEGO I DOMOWEGO
CGI Polska S.A.,0000307263,root.odpis.dane.dzial3.przedmiotDzialalnosci.przedmiotPrzewazajacejDzialalnosci[0].pozycja[0].kodDzial,no_change,62,62
CGI Polska S.A.,0000307263,root.odpis.dane.dzial3.przedmiotDzialalnosci.przedmiotPrzewazajacejDzialalnosci[0].pozycja[0].kodKlasa,no_change,01,01
CGI Polska S.A.,0000307263,root.odpis.dane.dzial3.przedmiotDzialalnosci.przedmiotPrzewazajacejDzialalnosci[0].pozycja[0].kodPodklasa,no_change,Z,Z
CGI Polska S.A.,0000307263,root.odpis.dane.dzial3.przedmiotDzialalnosci.przedmiotPrzewazajacejDzialalnosci[0].pozycja[0].nrWpisuWprow,no_change,17,17
CGI Polska S.A.,0000307263,root.odpis.dane.dzial3.przedmiotDzialalnosci.przedmiotPrzewazajacejDzialalnosci[0].pozycja[0].opis,no_change,DZIAŁALNOŚĆ ZWIĄZANA Z OPROGRAMOWANIEM,DZIAŁALNOŚĆ ZWIĄZANA Z OPROGRAMOWANIEM
CGI Polska S.A.,0000307263,root.odpis.dane.dzial3.wzmiankiOZlozonychDokumentach.wzmiankaOZlozeniuOpiniiBieglegoRewidentaSprawozdaniaZBadania[0].pozycja[0].nrWpisuWprow,no_change,4,4
CGI Polska S.A.,0000307263,root.odpis.dane.dzial3.wzmiankiOZlozonychDokumentach.wzmiankaOZlozeniuOpiniiBieglegoRewidentaSprawozdaniaZBadania[0].pozycja[0].zaOkresOdDo,no_change,05.05.2008 - 31.12.2008,05.05.2008 - 31.12.2008
CGI Polska S.A.,0000307263,root.odpis.dane.dzial3.wzmiankiOZlozonychDokumentach.wzmiankaOZlozeniuOpiniiBieglegoRewidentaSprawozdaniaZBadania[10].pozycja[0].nrWpisuWprow,no_change,27,27
CGI Polska S.A.,0000307263,root.odpis.dane.dzial3.wzmiankiOZlozonychDokumentach.wzmiankaOZlozeniuOpiniiBieglegoRewidentaSprawozdaniaZBadania[10].pozycja[0].zaOkresOdDo,no_change,OD 01.01.2018 DO 31.12.2018,OD 01.01.2018 DO 31.12.2018
CGI Polska S.A.,0000307263,root.odpis.dane.dzial3.wzmiankiOZlozonychDokumentach.wzmiankaOZlozeniuOpiniiBieglegoRewidentaSprawozdaniaZBadania[11].pozycja[0].nrWpisuWprow,no_change,33,33
CGI Polska S.A.,0000307263,root.odpis.dane.dzial3.wzmiankiOZlozonychDokumentach.wzmiankaOZlozeniuOpiniiBieglegoRewidentaSprawozdaniaZBadania[11].pozycja[0].zaOkresOdDo,no_change,OD 01.01.2019 DO 31.12.2019,OD 01.01.2019 DO 31.12.2019
CGI Polska S.A.,0000307263,root.odpis.dane.dzial3.wzmiankiOZlozonychDokumentach.wzmiankaOZlozeniuOpiniiBieglegoRewidentaSprawozdaniaZBadania[12].pozycja[0].nrWpisuWprow,no_change,37,37
CGI Polska S.A.,0000307263,root.odpis.dane.dzial3.wzmiankiOZlozonychDokumentach.wzmiankaOZlozeniuOpiniiBieglegoRewidentaSprawozdaniaZBadania[12].pozycja[0].zaOkresOdDo,no_change,OD 01.01.2020 DO 31.12.2020,OD 01.01.2020 DO 31.12.2020
CGI Polska S.A.,0000307263,root.odpis.dane.dzial3.wzmiankiOZlozonychDokumentach.wzmiankaOZlozeniuOpiniiBieglegoRewidentaSprawozdaniaZBadania[13].pozycja[0].nrWpisuWprow,no_change,42,42
CGI Polska S.A.,0000307263,root.odpis.dane.dzial3.wzmiankiOZlozonychDokumentach.wzmiankaOZlozeniuOpiniiBieglegoRewidentaSprawozdaniaZBadania[13].pozycja[0].zaOkresOdDo,no_change,OD 01.01.2021 DO 31.12.2021,OD 01.01.2021 DO 31.12.2021
CGI Polska S.A.,0000307263,root.odpis.dane.dzial3.wzmiankiOZlozonychDokumentach.wzmiankaOZlozeniuOpiniiBieglegoRewidentaSprawozdaniaZBadania[14].pozycja[0].nrWpisuWprow,no_change,48,48
CGI Polska S.A.,0000307263,root.odpis.dane.dzial3.wzmiankiOZlozonychDokumentach.wzmiankaOZlozeniuOpiniiBieglegoRewidentaSprawozdaniaZBadania[14].pozycja[0].zaOkresOdDo,no_change,OD 01.01.2022 DO 31.12.2022,OD 01.01.2022 DO 31.12.2022
CGI Polska S.A.,0000307263,root.odpis.dane.dzial3.wzmiankiOZlozonychDokumentach.wzmiankaOZlozeniuOpiniiBieglegoRewidentaSprawozdaniaZBadania[15].pozycja[0].nrWpisuWprow,no_change,54,54
CGI Polska S.A.,0000307263,root.odpis.dane.dzial3.wzmiankiOZlozonychDokumentach.wzmiankaOZlozeniuOpiniiBieglegoRewidentaSprawozdaniaZBadania[15].pozycja[0].zaOkresOdDo,no_change,OD 01.01.2023 DO 31.12.2023,OD 01.01.2023 DO 31.12.2023
CGI Polska S.A.,0000307263,root.odpis.dane.dzial3.wzmiankiOZlozonychDokumentach.wzmiankaOZlozeniuOpiniiBieglegoRewidentaSprawozdaniaZBadania[16].pozycja[0].nrWpisuWprow,no_change,61,61
CGI Polska S.A.,0000307263,root.odpis.dane.dzial3.wzmiankiOZlozonychDokumentach.wzmiankaOZlozeniuOpiniiBieglegoRewidentaSprawozdaniaZBadania[16].pozycja[0].zaOkresOdDo,no_change,OD 01.01.2024 DO 31.12.2024,OD 01.01.2024 DO 31.12.2024
CGI Polska S.A.,0000307263,root.odpis.dane.dzial3.wzmiankiOZlozonychDokumentach.wzmiankaOZlozeniuOpiniiBieglegoRewidentaSprawozdaniaZBadania[17].pozycja[0].nrWpisuWprow,no_change,73,73
CGI Polska S.A.,0000307263,root.odpis.dane.dzial3.wzmiankiOZlozonychDokumentach.wzmiankaOZlozeniuOpiniiBieglegoRewidentaSprawozdaniaZBadania[17].pozycja[0].zaOkresOdDo,no_change,OD 01.01.2025 DO 31.12.2025,OD 01.01.2025 DO 31.12.2025
CGI Polska S.A.,0000307263,root.odpis.dane.dzial3.wzmiankiOZlozonychDokumentach.wzmiankaOZlozeniuOpiniiBieglegoRewidentaSprawozdaniaZBadania[1].pozycja[0].nrWpisuWprow,no_change,6,6
CGI Polska S.A.,0000307263,root.odpis.dane.dzial3.wzmiankiOZlozonychDokumentach.wzmiankaOZlozeniuOpiniiBieglegoRewidentaSprawozdaniaZBadania[1].pozycja[0].zaOkresOdDo,no_change,01.01.2009 - 31.12.2009,01.01.2009 - 31.12.2009
CGI Polska S.A.,0000307263,root.odpis.dane.dzial3.wzmiankiOZlozonychDokumentach.wzmiankaOZlozeniuOpiniiBieglegoRewidentaSprawozdaniaZBadania[2].pozycja[0].nrWpisuWprow,no_change,7,7
CGI Polska S.A.,0000307263,root.odpis.dane.dzial3.wzmiankiOZlozonychDokumentach.wzmiankaOZlozeniuOpiniiBieglegoRewidentaSprawozdaniaZBadania[2].pozycja[0].zaOkresOdDo,no_change,01.01.2010 R. - 31.12.2010 R.,01.01.2010 R. - 31.12.2010 R.
CGI Polska S.A.,0000307263,root.odpis.dane.dzial3.wzmiankiOZlozonychDokumentach.wzmiankaOZlozeniuOpiniiBieglegoRewidentaSprawozdaniaZBadania[3].pozycja[0].nrWpisuWprow,no_change,10,10
CGI Polska S.A.,0000307263,root.odpis.dane.dzial3.wzmiankiOZlozonychDokumentach.wzmiankaOZlozeniuOpiniiBieglegoRewidentaSprawozdaniaZBadania[3].pozycja[0].zaOkresOdDo,no_change,01.01.2011 R. - 31.12.2011 R.,01.01.2011 R. - 31.12.2011 R.
CGI Polska S.A.,0000307263,root.odpis.dane.dzial3.wzmiankiOZlozonychDokumentach.wzmiankaOZlozeniuOpiniiBieglegoRewidentaSprawozdaniaZBadania[4].pozycja[0].nrWpisuWprow,no_change,11,11
CGI Polska S.A.,0000307263,root.odpis.dane.dzial3.wzmiankiOZlozonychDokumentach.wzmiankaOZlozeniuOpiniiBieglegoRewidentaSprawozdaniaZBadania[4].pozycja[0].zaOkresOdDo,no_change,01.01.2012 - 31.12.2012,01.01.2012 - 31.12.2012
CGI Polska S.A.,0000307263,root.odpis.dane.dzial3.wzmiankiOZlozonychDokumentach.wzmiankaOZlozeniuOpiniiBieglegoRewidentaSprawozdaniaZBadania[5].pozycja[0].nrWpisuWprow,no_change,13,13
CGI Polska S.A.,0000307263,root.odpis.dane.dzial3.wzmiankiOZlozonychDokumentach.wzmiankaOZlozeniuOpiniiBieglegoRewidentaSprawozdaniaZBadania[5].pozycja[0].zaOkresOdDo,no_change,OD 01.01.2013 DO 31.12.2013,OD 01.01.2013 DO 31.12.2013
CGI Polska S.A.,0000307263,root.odpis.dane.dzial3.wzmiankiOZlozonychDokumentach.wzmiankaOZlozeniuOpiniiBieglegoRewidentaSprawozdaniaZBadania[6].pozycja[0].nrWpisuWprow,no_change,17,17
CGI Polska S.A.,0000307263,root.odpis.dane.dzial3.wzmiankiOZlozonychDokumentach.wzmiankaOZlozeniuOpiniiBieglegoRewidentaSprawozdaniaZBadania[6].pozycja[0].zaOkresOdDo,no_change,OD 01.01.2014 DO 31.12.2014,OD 01.01.2014 DO 31.12.2014
CGI Polska S.A.,0000307263,root.odpis.dane.dzial3.wzmiankiOZlozonychDokumentach.wzmiankaOZlozeniuOpiniiBieglegoRewidentaSprawozdaniaZBadania[7].pozycja[0].nrWpisuWprow,no_change,19,19
CGI Polska S.A.,0000307263,root.odpis.dane.dzial3.wzmiankiOZlozonychDokumentach.wzmiankaOZlozeniuOpiniiBieglegoRewidentaSprawozdaniaZBadania[7].pozycja[0].zaOkresOdDo,no_change,OD 01.01.2015 DO 31.12.2015,OD 01.01.2015 DO 31.12.2015
CGI Polska S.A.,0000307263,root.odpis.dane.dzial3.wzmiankiOZlozonychDokumentach.wzmiankaOZlozeniuOpiniiBieglegoRewidentaSprawozdaniaZBadania[8].pozycja[0].nrWpisuWprow,no_change,21,21
CGI Polska S.A.,0000307263,root.odpis.dane.dzial3.wzmiankiOZlozonychDokumentach.wzmiankaOZlozeniuOpiniiBieglegoRewidentaSprawozdaniaZBadania[8].pozycja[0].zaOkresOdDo,no_change,OD 01.01.2016 DO 31.12.2016,OD 01.01.2016 DO 31.12.2016
CGI Polska S.A.,0000307263,root.odpis.dane.dzial3.wzmiankiOZlozonychDokumentach.wzmiankaOZlozeniuOpiniiBieglegoRewidentaSprawozdaniaZBadania[9].pozycja[0].nrWpisuWprow,no_change,23,23
CGI Polska S.A.,0000307263,root.odpis.dane.dzial3.wzmiankiOZlozonychDokumentach.wzmiankaOZlozeniuOpiniiBieglegoRewidentaSprawozdaniaZBadania[9].pozycja[0].zaOkresOdDo,no_change,OD 01.01.2017 DO 31.12.2017,OD 01.01.2017 DO 31.12.2017
CGI Polska S.A.,0000307263,root.odpis.dane.dzial3.wzmiankiOZlozonychDokumentach.wzmiankaOZlozeniuRocznegoSprawozdaniaFinansowego[0].pozycja[0].dataZlozenia,no_change,05.06.2009,05.06.2009
CGI Polska S.A.,0000307263,root.odpis.dane.dzial3.wzmiankiOZlozonychDokumentach.wzmiankaOZlozeniuRocznegoSprawozdaniaFinansowego[0].pozycja[0].nrWpisuWprow,no_change,4,4
CGI Polska S.A.,0000307263,root.odpis.dane.dzial3.wzmiankiOZlozonychDokumentach.wzmiankaOZlozeniuRocznegoSprawozdaniaFinansowego[0].pozycja[0].zaOkresOdDo,no_change,05.05.2008 - 31.12.2008,05.05.2008 - 31.12.2008
CGI Polska S.A.,0000307263,root.odpis.dane.dzial3.wzmiankiOZlozonychDokumentach.wzmiankaOZlozeniuRocznegoSprawozdaniaFinansowego[10].pozycja[0].dataZlozenia,no_change,13.06.2019,13.06.2019
CGI Polska S.A.,0000307263,root.odpis.dane.dzial3.wzmiankiOZlozonychDokumentach.wzmiankaOZlozeniuRocznegoSprawozdaniaFinansowego[10].pozycja[0].nrWpisuWprow,no_change,26,26
CGI Polska S.A.,0000307263,root.odpis.dane.dzial3.wzmiankiOZlozonychDokumentach.wzmiankaOZlozeniuRocznegoSprawozdaniaFinansowego[10].pozycja[0].zaOkresOdDo,no_change,OD 01.01.2018 DO 31.12.2018,OD 01.01.2018 DO 31.12.2018
CGI Polska S.A.,0000307263,root.odpis.dane.dzial3.wzmiankiOZlozonychDokumentach.wzmiankaOZlozeniuRocznegoSprawozdaniaFinansowego[11].pozycja[0].dataZlozenia,no_change,09.06.2020,09.06.2020
CGI Polska S.A.,0000307263,root.odpis.dane.dzial3.wzmiankiOZlozonychDokumentach.wzmiankaOZlozeniuRocznegoSprawozdaniaFinansowego[11].pozycja[0].nrWpisuWprow,no_change,32,32
CGI Polska S.A.,0000307263,root.odpis.dane.dzial3.wzmiankiOZlozonychDokumentach.wzmiankaOZlozeniuRocznegoSprawozdaniaFinansowego[11].pozycja[0].zaOkresOdDo,no_change,OD 01.01.2019 DO 31.12.2019,OD 01.01.2019 DO 31.12.2019
CGI Polska S.A.,0000307263,root.odpis.dane.dzial3.wzmiankiOZlozonychDokumentach.wzmiankaOZlozeniuRocznegoSprawozdaniaFinansowego[12].pozycja[0].dataZlozenia,no_change,13.07.2021,13.07.2021
CGI Polska S.A.,0000307263,root.odpis.dane.dzial3.wzmiankiOZlozonychDokumentach.wzmiankaOZlozeniuRocznegoSprawozdaniaFinansowego[12].pozycja[0].nrWpisuWprow,no_change,36,36
CGI Polska S.A.,0000307263,root.odpis.dane.dzial3.wzmiankiOZlozonychDokumentach.wzmiankaOZlozeniuRocznegoSprawozdaniaFinansowego[12].pozycja[0].zaOkresOdDo,no_change,OD 01.01.2020 DO 31.12.2020,OD 01.01.2020 DO 31.12.2020
CGI Polska S.A.,0000307263,root.odpis.dane.dzial3.wzmiankiOZlozonychDokumentach.wzmiankaOZlozeniuRocznegoSprawozdaniaFinansowego[13].pozycja[0].dataZlozenia,no_change,12.07.2022,12.07.2022
CGI Polska S.A.,0000307263,root.odpis.dane.dzial3.wzmiankiOZlozonychDokumentach.wzmiankaOZlozeniuRocznegoSprawozdaniaFinansowego[13].pozycja[0].nrWpisuWprow,no_change,41,41
CGI Polska S.A.,0000307263,root.odpis.dane.dzial3.wzmiankiOZlozonychDokumentach.wzmiankaOZlozeniuRocznegoSprawozdaniaFinansowego[13].pozycja[0].zaOkresOdDo,no_change,OD 01.01.2021 DO 31.12.2021,OD 01.01.2021 DO 31.12.2021
CGI Polska S.A.,0000307263,root.odpis.dane.dzial3.wzmiankiOZlozonychDokumentach.wzmiankaOZlozeniuRocznegoSprawozdaniaFinansowego[14].pozycja[0].dataZlozenia,no_change,12.07.2023,12.07.2023
CGI Polska S.A.,0000307263,root.odpis.dane.dzial3.wzmiankiOZlozonychDokumentach.wzmiankaOZlozeniuRocznegoSprawozdaniaFinansowego[14].pozycja[0].nrWpisuWprow,no_change,47,47
CGI Polska S.A.,0000307263,root.odpis.dane.dzial3.wzmiankiOZlozonychDokumentach.wzmiankaOZlozeniuRocznegoSprawozdaniaFinansowego[14].pozycja[0].zaOkresOdDo,no_change,OD 01.01.2022 DO 31.12.2022,OD 01.01.2022 DO 31.12.2022
CGI Polska S.A.,0000307263,root.odpis.dane.dzial3.wzmiankiOZlozonychDokumentach.wzmiankaOZlozeniuRocznegoSprawozdaniaFinansowego[15].pozycja[0].dataZlozenia,no_change,16.07.2024,16.07.2024
CGI Polska S.A.,0000307263,root.odpis.dane.dzial3.wzmiankiOZlozonychDokumentach.wzmiankaOZlozeniuRocznegoSprawozdaniaFinansowego[15].pozycja[0].nrWpisuWprow,no_change,53,53
CGI Polska S.A.,0000307263,root.odpis.dane.dzial3.wzmiankiOZlozonychDokumentach.wzmiankaOZlozeniuRocznegoSprawozdaniaFinansowego[15].pozycja[0].zaOkresOdDo,no_change,OD 01.01.2023 DO 31.12.2023,OD 01.01.2023 DO 31.12.2023
CGI Polska S.A.,0000307263,root.odpis.dane.dzial3.wzmiankiOZlozonychDokumentach.wzmiankaOZlozeniuRocznegoSprawozdaniaFinansowego[16].pozycja[0].dataZlozenia,no_change,11.07.2025,11.07.2025
CGI Polska S.A.,0000307263,root.odpis.dane.dzial3.wzmiankiOZlozonychDokumentach.wzmiankaOZlozeniuRocznegoSprawozdaniaFinansowego[16].pozycja[0].nrWpisuWprow,no_change,60,60
CGI Polska S.A.,0000307263,root.odpis.dane.dzial3.wzmiankiOZlozonychDokumentach.wzmiankaOZlozeniuRocznegoSprawozdaniaFinansowego[16].pozycja[0].zaOkresOdDo,no_change,OD 01.01.2024 DO 31.12.2024,OD 01.01.2024 DO 31.12.2024
CGI Polska S.A.,0000307263,root.odpis.dane.dzial3.wzmiankiOZlozonychDokumentach.wzmiankaOZlozeniuRocznegoSprawozdaniaFinansowego[17].pozycja[0].dataZlozenia,no_change,26.08.2026,26.08.2026
CGI Polska S.A.,0000307263,root.odpis.dane.dzial3.wzmiankiOZlozonychDokumentach.wzmiankaOZlozeniuRocznegoSprawozdaniaFinansowego[17].pozycja[0].nrWpisuWprow,no_change,70,70
CGI Polska S.A.,0000307263,root.odpis.dane.dzial3.wzmiankiOZlozonychDokumentach.wzmiankaOZlozeniuRocznegoSprawozdaniaFinansowego[17].pozycja[0].zaOkresOdDo,no_change,OD 01.01.2025 DO 31.12.2025,OD 01.01.2025 DO 31.12.2025
CGI Polska S.A.,0000307263,root.odpis.dane.dzial3.wzmiankiOZlozonychDokumentach.wzmiankaOZlozeniuRocznegoSprawozdaniaFinansowego[1].pozycja[0].dataZlozenia,no_change,12.07.2010,12.07.2010
CGI Polska S.A.,0000307263,root.odpis.dane.dzial3.wzmiankiOZlozonychDokumentach.wzmiankaOZlozeniuRocznegoSprawozdaniaFinansowego[1].pozycja[0].nrWpisuWprow,no_change,6,6
CGI Polska S.A.,0000307263,root.odpis.dane.dzial3.wzmiankiOZlozonychDokumentach.wzmiankaOZlozeniuRocznegoSprawozdaniaFinansowego[1].pozycja[0].zaOkresOdDo,no_change,01.01.2009 - 31.12.2009,01.01.2009 - 31.12.2009
CGI Polska S.A.,0000307263,root.odpis.dane.dzial3.wzmiankiOZlozonychDokumentach.wzmiankaOZlozeniuRocznegoSprawozdaniaFinansowego[2].pozycja[0].dataZlozenia,no_change,07.07.2011,07.07.2011
CGI Polska S.A.,0000307263,root.odpis.dane.dzial3.wzmiankiOZlozonychDokumentach.wzmiankaOZlozeniuRocznegoSprawozdaniaFinansowego[2].pozycja[0].nrWpisuWprow,no_change,7,7
CGI Polska S.A.,0000307263,root.odpis.dane.dzial3.wzmiankiOZlozonychDokumentach.wzmiankaOZlozeniuRocznegoSprawozdaniaFinansowego[2].pozycja[0].zaOkresOdDo,no_change,01.01.2010 R. - 31.12.2010 R.,01.01.2010 R. - 31.12.2010 R.
CGI Polska S.A.,0000307263,root.odpis.dane.dzial3.wzmiankiOZlozonychDokumentach.wzmiankaOZlozeniuRocznegoSprawozdaniaFinansowego[3].pozycja[0].dataZlozenia,no_change,22.05.2012,22.05.2012
CGI Polska S.A.,0000307263,root.odpis.dane.dzial3.wzmiankiOZlozonychDokumentach.wzmiankaOZlozeniuRocznegoSprawozdaniaFinansowego[3].pozycja[0].nrWpisuWprow,no_change,10,10
CGI Polska S.A.,0000307263,root.odpis.dane.dzial3.wzmiankiOZlozonychDokumentach.wzmiankaOZlozeniuRocznegoSprawozdaniaFinansowego[3].pozycja[0].zaOkresOdDo,no_change,01.01.2011 R. - 31.12.2011 R.,01.01.2011 R. - 31.12.2011 R.
CGI Polska S.A.,0000307263,root.odpis.dane.dzial3.wzmiankiOZlozonychDokumentach.wzmiankaOZlozeniuRocznegoSprawozdaniaFinansowego[4].pozycja[0].dataZlozenia,no_change,07.06.2013,07.06.2013
CGI Polska S.A.,0000307263,root.odpis.dane.dzial3.wzmiankiOZlozonychDokumentach.wzmiankaOZlozeniuRocznegoSprawozdaniaFinansowego[4].pozycja[0].nrWpisuWprow,no_change,11,11
CGI Polska S.A.,0000307263,root.odpis.dane.dzial3.wzmiankiOZlozonychDokumentach.wzmiankaOZlozeniuRocznegoSprawozdaniaFinansowego[4].pozycja[0].zaOkresOdDo,no_change,01.01.2012 - 31.12.2012,01.01.2012 - 31.12.2012
CGI Polska S.A.,0000307263,root.odpis.dane.dzial3.wzmiankiOZlozonychDokumentach.wzmiankaOZlozeniuRocznegoSprawozdaniaFinansowego[5].pozycja[0].dataZlozenia,no_change,03.07.2014,03.07.2014
CGI Polska S.A.,0000307263,root.odpis.dane.dzial3.wzmiankiOZlozonychDokumentach.wzmiankaOZlozeniuRocznegoSprawozdaniaFinansowego[5].pozycja[0].nrWpisuWprow,no_change,13,13
CGI Polska S.A.,0000307263,root.odpis.dane.dzial3.wzmiankiOZlozonychDokumentach.wzmiankaOZlozeniuRocznegoSprawozdaniaFinansowego[5].pozycja[0].zaOkresOdDo,no_change,OD 01.01.2013 DO 31.12.2013,OD 01.01.2013 DO 31.12.2013
CGI Polska S.A.,0000307263,root.odpis.dane.dzial3.wzmiankiOZlozonychDokumentach.wzmiankaOZlozeniuRocznegoSprawozdaniaFinansowego[6].pozycja[0].dataZlozenia,no_change,07.07.2015,07.07.2015
CGI Polska S.A.,0000307263,root.odpis.dane.dzial3.wzmiankiOZlozonychDokumentach.wzmiankaOZlozeniuRocznegoSprawozdaniaFinansowego[6].pozycja[0].nrWpisuWprow,no_change,17,17
CGI Polska S.A.,0000307263,root.odpis.dane.dzial3.wzmiankiOZlozonychDokumentach.wzmiankaOZlozeniuRocznegoSprawozdaniaFinansowego[6].pozycja[0].zaOkresOdDo,no_change,OD 01.01.2014 DO 31.12.2014,OD 01.01.2014 DO 31.12.2014
CGI Polska S.A.,0000307263,root.odpis.dane.dzial3.wzmiankiOZlozonychDokumentach.wzmiankaOZlozeniuRocznegoSprawozdaniaFinansowego[7].pozycja[0].dataZlozenia,no_change,27.06.2016,27.06.2016
CGI Polska S.A.,0000307263,root.odpis.dane.dzial3.wzmiankiOZlozonychDokumentach.wzmiankaOZlozeniuRocznegoSprawozdaniaFinansowego[7].pozycja[0].nrWpisuWprow,no_change,19,19
CGI Polska S.A.,0000307263,root.odpis.dane.dzial3.wzmiankiOZlozonychDokumentach.wzmiankaOZlozeniuRocznegoSprawozdaniaFinansowego[7].pozycja[0].zaOkresOdDo,no_change,OD 01.01.2015 DO 31.12.2015,OD 01.01.2015 DO 31.12.2015
CGI Polska S.A.,0000307263,root.odpis.dane.dzial3.wzmiankiOZlozonychDokumentach.wzmiankaOZlozeniuRocznegoSprawozdaniaFinansowego[8].pozycja[0].dataZlozenia,no_change,06.07.2017,06.07.2017
CGI Polska S.A.,0000307263,root.odpis.dane.dzial3.wzmiankiOZlozonychDokumentach.wzmiankaOZlozeniuRocznegoSprawozdaniaFinansowego[8].pozycja[0].nrWpisuWprow,no_change,21,21
CGI Polska S.A.,0000307263,root.odpis.dane.dzial3.wzmiankiOZlozonychDokumentach.wzmiankaOZlozeniuRocznegoSprawozdaniaFinansowego[8].pozycja[0].zaOkresOdDo,no_change,OD 01.01.2016 DO 31.12.2016,OD 01.01.2016 DO 31.12.2016
CGI Polska S.A.,0000307263,root.odpis.dane.dzial3.wzmiankiOZlozonychDokumentach.wzmiankaOZlozeniuRocznegoSprawozdaniaFinansowego[9].pozycja[0].dataZlozenia,no_change,04.07.2018,04.07.2018
CGI Polska S.A.,0000307263,root.odpis.dane.dzial3.wzmiankiOZlozonychDokumentach.wzmiankaOZlozeniuRocznegoSprawozdaniaFinansowego[9].pozycja[0].nrWpisuWprow,no_change,22,22
CGI Polska S.A.,0000307263,root.odpis.dane.dzial3.wzmiankiOZlozonychDokumentach.wzmiankaOZlozeniuRocznegoSprawozdaniaFinansowego[9].pozycja[0].zaOkresOdDo,no_change,OD 01.01.2017 DO 31.12.2017,OD 01.01.2017 DO 31.12.2017
CGI Polska S.A.,0000307263,root.odpis.dane.dzial3.wzmiankiOZlozonychDokumentach.wzmiankaOZlozeniuSprawozdaniaZDzialalnosci[0].pozycja[0].nrWpisuWprow,no_change,4,4
CGI Polska S.A.,0000307263,root.odpis.dane.dzial3.wzmiankiOZlozonychDokumentach.wzmiankaOZlozeniuSprawozdaniaZDzialalnosci[0].pozycja[0].zaOkresOdDo,no_change,05.05.2008 - 31.12.2008,05.05.2008 - 31.12.2008
CGI Polska S.A.,0000307263,root.odpis.dane.dzial3.wzmiankiOZlozonychDokumentach.wzmiankaOZlozeniuSprawozdaniaZDzialalnosci[10].pozycja[0].nrWpisuWprow,no_change,29,29
CGI Polska S.A.,0000307263,root.odpis.dane.dzial3.wzmiankiOZlozonychDokumentach.wzmiankaOZlozeniuSprawozdaniaZDzialalnosci[10].pozycja[0].zaOkresOdDo,no_change,OD 01.01.2018 DO 31.12.2018,OD 01.01.2018 DO 31.12.2018
CGI Polska S.A.,0000307263,root.odpis.dane.dzial3.wzmiankiOZlozonychDokumentach.wzmiankaOZlozeniuSprawozdaniaZDzialalnosci[11].pozycja[0].nrWpisuWprow,no_change,35,35
CGI Polska S.A.,0000307263,root.odpis.dane.dzial3.wzmiankiOZlozonychDokumentach.wzmiankaOZlozeniuSprawozdaniaZDzialalnosci[11].pozycja[0].zaOkresOdDo,no_change,OD 01.01.2019 DO 31.12.2019,OD 01.01.2019 DO 31.12.2019
CGI Polska S.A.,0000307263,root.odpis.dane.dzial3.wzmiankiOZlozonychDokumentach.wzmiankaOZlozeniuSprawozdaniaZDzialalnosci[12].pozycja[0].nrWpisuWprow,no_change,39,39
CGI Polska S.A.,0000307263,root.odpis.dane.dzial3.wzmiankiOZlozonychDokumentach.wzmiankaOZlozeniuSprawozdaniaZDzialalnosci[12].pozycja[0].zaOkresOdDo,no_change,OD 01.01.2020 DO 31.12.2020,OD 01.01.2020 DO 31.12.2020
CGI Polska S.A.,0000307263,root.odpis.dane.dzial3.wzmiankiOZlozonychDokumentach.wzmiankaOZlozeniuSprawozdaniaZDzialalnosci[13].pozycja[0].nrWpisuWprow,no_change,44,44
CGI Polska S.A.,0000307263,root.odpis.dane.dzial3.wzmiankiOZlozonychDokumentach.wzmiankaOZlozeniuSprawozdaniaZDzialalnosci[13].pozycja[0].zaOkresOdDo,no_change,OD 01.01.2021 DO 31.12.2021,OD 01.01.2021 DO 31.12.2021
CGI Polska S.A.,0000307263,root.odpis.dane.dzial3.wzmiankiOZlozonychDokumentach.wzmiankaOZlozeniuSprawozdaniaZDzialalnosci[14].pozycja[0].nrWpisuWprow,no_change,50,50
CGI Polska S.A.,0000307263,root.odpis.dane.dzial3.wzmiankiOZlozonychDokumentach.wzmiankaOZlozeniuSprawozdaniaZDzialalnosci[14].pozycja[0].zaOkresOdDo,no_change,OD 01.01.2022 DO 31.12.2022,OD 01.01.2022 DO 31.12.2022
CGI Polska S.A.,0000307263,root.odpis.dane.dzial3.wzmiankiOZlozonychDokumentach.wzmiankaOZlozeniuSprawozdaniaZDzialalnosci[15].pozycja[0].nrWpisuWprow,no_change,56,56
CGI Polska S.A.,0000307263,root.odpis.dane.dzial3.wzmiankiOZlozonychDokumentach.wzmiankaOZlozeniuSprawozdaniaZDzialalnosci[15].pozycja[0].zaOkresOdDo,no_change,OD 01.01.2023 DO 31.12.2023,OD 01.01.2023 DO 31.12.2023
CGI Polska S.A.,0000307263,root.odpis.dane.dzial3.wzmiankiOZlozonychDokumentach.wzmiankaOZlozeniuSprawozdaniaZDzialalnosci[16].pozycja[0].nrWpisuWprow,no_change,63,63
CGI Polska S.A.,0000307263,root.odpis.dane.dzial3.wzmiankiOZlozonychDokumentach.wzmiankaOZlozeniuSprawozdaniaZDzialalnosci[16].pozycja[0].zaOkresOdDo,no_change,OD 01.01.2024 DO 31.12.2024,OD 01.01.2024 DO 31.12.2024
CGI Polska S.A.,0000307263,root.odpis.dane.dzial3.wzmiankiOZlozonychDokumentach.wzmiankaOZlozeniuSprawozdaniaZDzialalnosci[17].pozycja[0].nrWpisuWprow,no_change,71,71
CGI Polska S.A.,0000307263,root.odpis.dane.dzial3.wzmiankiOZlozonychDokumentach.wzmiankaOZlozeniuSprawozdaniaZDzialalnosci[17].pozycja[0].zaOkresOdDo,no_change,OD 01.01.2025 DO 31.12.2025,OD 01.01.2025 DO 31.12.2025
CGI Polska S.A.,0000307263,root.odpis.dane.dzial3.wzmiankiOZlozonychDokumentach.wzmiankaOZlozeniuSprawozdaniaZDzialalnosci[1].pozycja[0].nrWpisuWprow,no_change,6,6
CGI Polska S.A.,0000307263,root.odpis.dane.dzial3.wzmiankiOZlozonychDokumentach.wzmiankaOZlozeniuSprawozdaniaZDzialalnosci[1].pozycja[0].zaOkresOdDo,no_change,01.01.2009 - 31.12.2009,01.01.2009 - 31.12.2009
CGI Polska S.A.,0000307263,root.odpis.dane.dzial3.wzmiankiOZlozonychDokumentach.wzmiankaOZlozeniuSprawozdaniaZDzialalnosci[2].pozycja[0].nrWpisuWprow,no_change,7,7
CGI Polska S.A.,0000307263,root.odpis.dane.dzial3.wzmiankiOZlozonychDokumentach.wzmiankaOZlozeniuSprawozdaniaZDzialalnosci[2].pozycja[0].zaOkresOdDo,no_change,01.01.2010 R. - 31.12.2010 R.,01.01.2010 R. - 31.12.2010 R.
CGI Polska S.A.,0000307263,root.odpis.dane.dzial3.wzmiankiOZlozonychDokumentach.wzmiankaOZlozeniuSprawozdaniaZDzialalnosci[3].pozycja[0].nrWpisuWprow,no_change,10,10
CGI Polska S.A.,0000307263,root.odpis.dane.dzial3.wzmiankiOZlozonychDokumentach.wzmiankaOZlozeniuSprawozdaniaZDzialalnosci[3].pozycja[0].zaOkresOdDo,no_change,01.01.2011 R. - 31.12.2011 R.,01.01.2011 R. - 31.12.2011 R.
CGI Polska S.A.,0000307263,root.odpis.dane.dzial3.wzmiankiOZlozonychDokumentach.wzmiankaOZlozeniuSprawozdaniaZDzialalnosci[4].pozycja[0].nrWpisuWprow,no_change,11,11
CGI Polska S.A.,0000307263,root.odpis.dane.dzial3.wzmiankiOZlozonychDokumentach.wzmiankaOZlozeniuSprawozdaniaZDzialalnosci[4].pozycja[0].zaOkresOdDo,no_change,01.01.2012 - 31.12.2012,01.01.2012 - 31.12.2012
CGI Polska S.A.,0000307263,root.odpis.dane.dzial3.wzmiankiOZlozonychDokumentach.wzmiankaOZlozeniuSprawozdaniaZDzialalnosci[5].pozycja[0].nrWpisuWprow,no_change,13,13
CGI Polska S.A.,0000307263,root.odpis.dane.dzial3.wzmiankiOZlozonychDokumentach.wzmiankaOZlozeniuSprawozdaniaZDzialalnosci[5].pozycja[0].zaOkresOdDo,no_change,OD 01.01.2013 DO 31.12.2013,OD 01.01.2013 DO 31.12.2013
CGI Polska S.A.,0000307263,root.odpis.dane.dzial3.wzmiankiOZlozonychDokumentach.wzmiankaOZlozeniuSprawozdaniaZDzialalnosci[6].pozycja[0].nrWpisuWprow,no_change,17,17
CGI Polska S.A.,0000307263,root.odpis.dane.dzial3.wzmiankiOZlozonychDokumentach.wzmiankaOZlozeniuSprawozdaniaZDzialalnosci[6].pozycja[0].zaOkresOdDo,no_change,OD 01.01.2014 DO 31.12.2014,OD 01.01.2014 DO 31.12.2014
CGI Polska S.A.,0000307263,root.odpis.dane.dzial3.wzmiankiOZlozonychDokumentach.wzmiankaOZlozeniuSprawozdaniaZDzialalnosci[7].pozycja[0].nrWpisuWprow,no_change,19,19
CGI Polska S.A.,0000307263,root.odpis.dane.dzial3.wzmiankiOZlozonychDokumentach.wzmiankaOZlozeniuSprawozdaniaZDzialalnosci[7].pozycja[0].zaOkresOdDo,no_change,OD 01.01.2015 DO 31.12.2015,OD 01.01.2015 DO 31.12.2015
CGI Polska S.A.,0000307263,root.odpis.dane.dzial3.wzmiankiOZlozonychDokumentach.wzmiankaOZlozeniuSprawozdaniaZDzialalnosci[8].pozycja[0].nrWpisuWprow,no_change,21,21
CGI Polska S.A.,0000307263,root.odpis.dane.dzial3.wzmiankiOZlozonychDokumentach.wzmiankaOZlozeniuSprawozdaniaZDzialalnosci[8].pozycja[0].zaOkresOdDo,no_change,OD 01.01.2016 DO 31.12.2016,OD 01.01.2016 DO 31.12.2016
CGI Polska S.A.,0000307263,root.odpis.dane.dzial3.wzmiankiOZlozonychDokumentach.wzmiankaOZlozeniuSprawozdaniaZDzialalnosci[9].pozycja[0].nrWpisuWprow,no_change,25,25
CGI Polska S.A.,0000307263,root.odpis.dane.dzial3.wzmiankiOZlozonychDokumentach.wzmiankaOZlozeniuSprawozdaniaZDzialalnosci[9].pozycja[0].zaOkresOdDo,no_change,OD 01.01.2017 DO 31.12.2017,OD 01.01.2017 DO 31.12.2017
CGI Polska S.A.,0000307263,root.odpis.dane.dzial3.wzmiankiOZlozonychDokumentach.wzmiankaOZlozeniuUchwalyPostanowieniaOZatwierdzeniuRocznegoSprawozdaniaFinansowego[0].pozycja[0].nrWpisuWprow,no_change,4,4
CGI Polska S.A.,0000307263,root.odpis.dane.dzial3.wzmiankiOZlozonychDokumentach.wzmiankaOZlozeniuUchwalyPostanowieniaOZatwierdzeniuRocznegoSprawozdaniaFinansowego[0].pozycja[0].zaOkresOdDo,no_change,05.05.2008 - 31.12.2008,05.05.2008 - 31.12.2008
CGI Polska S.A.,0000307263,root.odpis.dane.dzial3.wzmiankiOZlozonychDokumentach.wzmiankaOZlozeniuUchwalyPostanowieniaOZatwierdzeniuRocznegoSprawozdaniaFinansowego[10].pozycja[0].nrWpisuWprow,no_change,28,28
CGI Polska S.A.,0000307263,root.odpis.dane.dzial3.wzmiankiOZlozonychDokumentach.wzmiankaOZlozeniuUchwalyPostanowieniaOZatwierdzeniuRocznegoSprawozdaniaFinansowego[10].pozycja[0].zaOkresOdDo,no_change,OD 01.01.2018 DO 31.12.2018,OD 01.01.2018 DO 31.12.2018
CGI Polska S.A.,0000307263,root.odpis.dane.dzial3.wzmiankiOZlozonychDokumentach.wzmiankaOZlozeniuUchwalyPostanowieniaOZatwierdzeniuRocznegoSprawozdaniaFinansowego[11].pozycja[0].nrWpisuWprow,no_change,34,34
CGI Polska S.A.,0000307263,root.odpis.dane.dzial3.wzmiankiOZlozonychDokumentach.wzmiankaOZlozeniuUchwalyPostanowieniaOZatwierdzeniuRocznegoSprawozdaniaFinansowego[11].pozycja[0].zaOkresOdDo,no_change,OD 01.01.2019 DO 31.12.2019,OD 01.01.2019 DO 31.12.2019
CGI Polska S.A.,0000307263,root.odpis.dane.dzial3.wzmiankiOZlozonychDokumentach.wzmiankaOZlozeniuUchwalyPostanowieniaOZatwierdzeniuRocznegoSprawozdaniaFinansowego[12].pozycja[0].nrWpisuWprow,no_change,38,38
CGI Polska S.A.,0000307263,root.odpis.dane.dzial3.wzmiankiOZlozonychDokumentach.wzmiankaOZlozeniuUchwalyPostanowieniaOZatwierdzeniuRocznegoSprawozdaniaFinansowego[12].pozycja[0].zaOkresOdDo,no_change,OD 01.01.2020 DO 31.12.2020,OD 01.01.2020 DO 31.12.2020
CGI Polska S.A.,0000307263,root.odpis.dane.dzial3.wzmiankiOZlozonychDokumentach.wzmiankaOZlozeniuUchwalyPostanowieniaOZatwierdzeniuRocznegoSprawozdaniaFinansowego[13].pozycja[0].nrWpisuWprow,no_change,43,43
CGI Polska S.A.,0000307263,root.odpis.dane.dzial3.wzmiankiOZlozonychDokumentach.wzmiankaOZlozeniuUchwalyPostanowieniaOZatwierdzeniuRocznegoSprawozdaniaFinansowego[13].pozycja[0].zaOkresOdDo,no_change,OD 01.01.2021 DO 31.12.2021,OD 01.01.2021 DO 31.12.2021
CGI Polska S.A.,0000307263,root.odpis.dane.dzial3.wzmiankiOZlozonychDokumentach.wzmiankaOZlozeniuUchwalyPostanowieniaOZatwierdzeniuRocznegoSprawozdaniaFinansowego[14].pozycja[0].nrWpisuWprow,no_change,49,49
CGI Polska S.A.,0000307263,root.odpis.dane.dzial3.wzmiankiOZlozonychDokumentach.wzmiankaOZlozeniuUchwalyPostanowieniaOZatwierdzeniuRocznegoSprawozdaniaFinansowego[14].pozycja[0].zaOkresOdDo,no_change,OD 01.01.2022 DO 31.12.2022,OD 01.01.2022 DO 31.12.2022
CGI Polska S.A.,0000307263,root.odpis.dane.dzial3.wzmiankiOZlozonychDokumentach.wzmiankaOZlozeniuUchwalyPostanowieniaOZatwierdzeniuRocznegoSprawozdaniaFinansowego[15].pozycja[0].nrWpisuWprow,no_change,55,55
CGI Polska S.A.,0000307263,root.odpis.dane.dzial3.wzmiankiOZlozonychDokumentach.wzmiankaOZlozeniuUchwalyPostanowieniaOZatwierdzeniuRocznegoSprawozdaniaFinansowego[15].pozycja[0].zaOkresOdDo,no_change,OD 01.01.2023 DO 31.12.2023,OD 01.01.2023 DO 31.12.2023
CGI Polska S.A.,0000307263,root.odpis.dane.dzial3.wzmiankiOZlozonychDokumentach.wzmiankaOZlozeniuUchwalyPostanowieniaOZatwierdzeniuRocznegoSprawozdaniaFinansowego[16].pozycja[0].nrWpisuWprow,no_change,62,62
CGI Polska S.A.,0000307263,root.odpis.dane.dzial3.wzmiankiOZlozonychDokumentach.wzmiankaOZlozeniuUchwalyPostanowieniaOZatwierdzeniuRocznegoSprawozdaniaFinansowego[16].pozycja[0].zaOkresOdDo,no_change,OD 01.01.2024 DO 31.12.2024,OD 01.01.2024 DO 31.12.2024
CGI Polska S.A.,0000307263,root.odpis.dane.dzial3.wzmiankiOZlozonychDokumentach.wzmiankaOZlozeniuUchwalyPostanowieniaOZatwierdzeniuRocznegoSprawozdaniaFinansowego[17].pozycja[0].nrWpisuWprow,no_change,72,72
CGI Polska S.A.,0000307263,root.odpis.dane.dzial3.wzmiankiOZlozonychDokumentach.wzmiankaOZlozeniuUchwalyPostanowieniaOZatwierdzeniuRocznegoSprawozdaniaFinansowego[17].pozycja[0].zaOkresOdDo,no_change,OD 01.01.2025 DO 31.12.2025,OD 01.01.2025 DO 31.12.2025
CGI Polska S.A.,0000307263,root.odpis.dane.dzial3.wzmiankiOZlozonychDokumentach.wzmiankaOZlozeniuUchwalyPostanowieniaOZatwierdzeniuRocznegoSprawozdaniaFinansowego[1].pozycja[0].nrWpisuWprow,no_change,6,6
CGI Polska S.A.,0000307263,root.odpis.dane.dzial3.wzmiankiOZlozonychDokumentach.wzmiankaOZlozeniuUchwalyPostanowieniaOZatwierdzeniuRocznegoSprawozdaniaFinansowego[1].pozycja[0].zaOkresOdDo,no_change,01.01.2009 - 31.12.2009,01.01.2009 - 31.12.2009
CGI Polska S.A.,0000307263,root.odpis.dane.dzial3.wzmiankiOZlozonychDokumentach.wzmiankaOZlozeniuUchwalyPostanowieniaOZatwierdzeniuRocznegoSprawozdaniaFinansowego[2].pozycja[0].nrWpisuWprow,no_change,7,7
CGI Polska S.A.,0000307263,root.odpis.dane.dzial3.wzmiankiOZlozonychDokumentach.wzmiankaOZlozeniuUchwalyPostanowieniaOZatwierdzeniuRocznegoSprawozdaniaFinansowego[2].pozycja[0].zaOkresOdDo,no_change,01.01.2010 R. - 31.12.2010 R.,01.01.2010 R. - 31.12.2010 R.
CGI Polska S.A.,0000307263,root.odpis.dane.dzial3.wzmiankiOZlozonychDokumentach.wzmiankaOZlozeniuUchwalyPostanowieniaOZatwierdzeniuRocznegoSprawozdaniaFinansowego[3].pozycja[0].nrWpisuWprow,no_change,10,10
CGI Polska S.A.,0000307263,root.odpis.dane.dzial3.wzmiankiOZlozonychDokumentach.wzmiankaOZlozeniuUchwalyPostanowieniaOZatwierdzeniuRocznegoSprawozdaniaFinansowego[3].pozycja[0].zaOkresOdDo,no_change,01.01.2011 R. - 31.12.2011 R.,01.01.2011 R. - 31.12.2011 R.
CGI Polska S.A.,0000307263,root.odpis.dane.dzial3.wzmiankiOZlozonychDokumentach.wzmiankaOZlozeniuUchwalyPostanowieniaOZatwierdzeniuRocznegoSprawozdaniaFinansowego[4].pozycja[0].nrWpisuWprow,no_change,11,11
CGI Polska S.A.,0000307263,root.odpis.dane.dzial3.wzmiankiOZlozonychDokumentach.wzmiankaOZlozeniuUchwalyPostanowieniaOZatwierdzeniuRocznegoSprawozdaniaFinansowego[4].pozycja[0].zaOkresOdDo,no_change,01.01.2012 - 31.12.2012,01.01.2012 - 31.12.2012
CGI Polska S.A.,0000307263,root.odpis.dane.dzial3.wzmiankiOZlozonychDokumentach.wzmiankaOZlozeniuUchwalyPostanowieniaOZatwierdzeniuRocznegoSprawozdaniaFinansowego[5].pozycja[0].nrWpisuWprow,no_change,13,13
CGI Polska S.A.,0000307263,root.odpis.dane.dzial3.wzmiankiOZlozonychDokumentach.wzmiankaOZlozeniuUchwalyPostanowieniaOZatwierdzeniuRocznegoSprawozdaniaFinansowego[5].pozycja[0].zaOkresOdDo,no_change,OD 01.01.2013 DO 31.12.2013,OD 01.01.2013 DO 31.12.2013
CGI Polska S.A.,0000307263,root.odpis.dane.dzial3.wzmiankiOZlozonychDokumentach.wzmiankaOZlozeniuUchwalyPostanowieniaOZatwierdzeniuRocznegoSprawozdaniaFinansowego[6].pozycja[0].nrWpisuWprow,no_change,17,17
CGI Polska S.A.,0000307263,root.odpis.dane.dzial3.wzmiankiOZlozonychDokumentach.wzmiankaOZlozeniuUchwalyPostanowieniaOZatwierdzeniuRocznegoSprawozdaniaFinansowego[6].pozycja[0].zaOkresOdDo,no_change,OD 01.01.2014 DO 31.12.2014,OD 01.01.2014 DO 31.12.2014
CGI Polska S.A.,0000307263,root.odpis.dane.dzial3.wzmiankiOZlozonychDokumentach.wzmiankaOZlozeniuUchwalyPostanowieniaOZatwierdzeniuRocznegoSprawozdaniaFinansowego[7].pozycja[0].nrWpisuWprow,no_change,19,19
CGI Polska S.A.,0000307263,root.odpis.dane.dzial3.wzmiankiOZlozonychDokumentach.wzmiankaOZlozeniuUchwalyPostanowieniaOZatwierdzeniuRocznegoSprawozdaniaFinansowego[7].pozycja[0].zaOkresOdDo,no_change,OD 01.01.2015 DO 31.12.2015,OD 01.01.2015 DO 31.12.2015
CGI Polska S.A.,0000307263,root.odpis.dane.dzial3.wzmiankiOZlozonychDokumentach.wzmiankaOZlozeniuUchwalyPostanowieniaOZatwierdzeniuRocznegoSprawozdaniaFinansowego[8].pozycja[0].nrWpisuWprow,no_change,21,21
CGI Polska S.A.,0000307263,root.odpis.dane.dzial3.wzmiankiOZlozonychDokumentach.wzmiankaOZlozeniuUchwalyPostanowieniaOZatwierdzeniuRocznegoSprawozdaniaFinansowego[8].pozycja[0].zaOkresOdDo,no_change,OD 01.01.2016 DO 31.12.2016,OD 01.01.2016 DO 31.12.2016
CGI Polska S.A.,0000307263,root.odpis.dane.dzial3.wzmiankiOZlozonychDokumentach.wzmiankaOZlozeniuUchwalyPostanowieniaOZatwierdzeniuRocznegoSprawozdaniaFinansowego[9].pozycja[0].nrWpisuWprow,no_change,24,24
CGI Polska S.A.,0000307263,root.odpis.dane.dzial3.wzmiankiOZlozonychDokumentach.wzmiankaOZlozeniuUchwalyPostanowieniaOZatwierdzeniuRocznegoSprawozdaniaFinansowego[9].pozycja[0].zaOkresOdDo,no_change,OD 01.01.2017 DO 31.12.2017,OD 01.01.2017 DO 31.12.2017
CGI Polska S.A.,0000307263,root.odpis.dane.dzial6.polaczeniePodzialPrzeksztalcenie[0].okreslenieOkolicznosci[0].nrWpisuWprow,no_change,64,64
CGI Polska S.A.,0000307263,root.odpis.dane.dzial6.polaczeniePodzialPrzeksztalcenie[0].okreslenieOkolicznosci[0].okreslenieOkolicznosci,no_change,PRZEJĘCIE CZĘŚCI MAJĄTKU INNEJ SPÓŁKI W WYNIKU PODZIAŁU,PRZEJĘCIE CZĘŚCI MAJĄTKU INNEJ SPÓŁKI W WYNIKU PODZIAŁU
CGI Polska S.A.,0000307263,root.odpis.dane.dzial6.polaczeniePodzialPrzeksztalcenie[0].opisPolaczeniaPodzialuPrzeksztalcenia[0].nrWpisuWprow,no_change,64,64
CGI Polska S.A.,0000307263,root.odpis.dane.dzial6.polaczeniePodzialPrzeksztalcenie[0].opisPolaczeniaPodzialuPrzeksztalcenia[0].opisPolaczeniaPodzialuPrzeksztalcenia,no_change,"PODZIAŁ W TRYBIE ART. 529 § 1 PKT 5 KSH SPÓŁKI COMARCH SPÓŁKA AKCYJNA Z SIEDZIBĄ W KRAKOWIE (""SPÓŁKA DZIELONA""), TJ. PRZEZ WYODRĘBNIENIE CZĘŚCI MAJĄTKU SPÓŁKI DZIELONEJ I PRZENIESIENIE WYODRĘBNIANEJ CZĘŚCI MAJĄTKU NA SPÓŁKĘ COMARCH POLSKA S.A. Z SIEDZIBĄ W KRAKOWIE (""SPÓŁKA PRZEJMUJĄCA""), Z PODWYŻSZENIEM KAPITAŁU ZAKŁADOWEGO SPÓŁKI PRZEJMUJĄCEJ I BEZ OBNIŻENIA KAPITAŁU ZAKŁADOWEGO SPÓŁKI DZIELONEJ. UCHWAŁA NADZWYCZAJNEGO WALNEGO ZGROMADZENIA AKCJONARIUSZY SPÓŁKI DZIELONEJ O PODZIALE ZOSTAŁA PODJĘTA W DNIU 14 LISTOPADA 2025 ROKU, ZAWARTA W PROTOKOLE NOTARIALNYM NR REPERTORIUM: A 11704/2025, SPORZĄDZONYM PRZEZ NOTARIUSZA MARCINA ŁASKIEGO, NOTARIUSZA W WARSZAWIE (KANCELARIA NOTARIALNA PAWEŁ CUPRIAK, MARCIN ŁASKI I PARTNERZY, NOTARIUSZE SPÓŁKA PARTNERSKA, UL. GRZYBOWSKA 2 LOK. 26B, 00-131 WARSZAWA). UCHWAŁA NADZWYCZAJNEGO WALNEGO ZGROMADZENIA AKCJONARIUSZY SPÓŁKI PRZEJMUJĄCEJ O PODZIALE ZOSTAŁA PODJĘTA W DNIU 14 LISTOPADA 2025 ROKU, ZAWARTA W PROTOKOLE NOTARIALNYM NR REPERTORIUM: A 11708/2025, SPORZĄDZONYM PRZEZ NOTARIUSZA MARCINA ŁASKIEGO, NOTARIUSZA W WARSZAWIE (KANCELARIA NOTARIALNA PAWEŁ CUPRIAK, MARCIN ŁASKI I PARTNERZY, NOTARIUSZE SPÓŁKA PARTNERSKA, UL. GRZYBOWSKA 2 LOK. 26B, 00-131 WARSZAWA)., 14.11.2025, WALNE ZGROMADZENIE AKCJONARIUSZY","PODZIAŁ W TRYBIE ART. 529 § 1 PKT 5 KSH SPÓŁKI COMARCH SPÓŁKA AKCYJNA Z SIEDZIBĄ W KRAKOWIE (""SPÓŁKA DZIELONA""), TJ. PRZEZ WYODRĘBNIENIE CZĘŚCI MAJĄTKU SPÓŁKI DZIELONEJ I PRZENIESIENIE WYODRĘBNIANEJ CZĘŚCI MAJĄTKU NA SPÓŁKĘ COMARCH POLSKA S.A. Z SIEDZIBĄ W KRAKOWIE (""SPÓŁKA PRZEJMUJĄCA""), Z PODWYŻSZENIEM KAPITAŁU ZAKŁADOWEGO SPÓŁKI PRZEJMUJĄCEJ I BEZ OBNIŻENIA KAPITAŁU ZAKŁADOWEGO SPÓŁKI DZIELONEJ. UCHWAŁA NADZWYCZAJNEGO WALNEGO ZGROMADZENIA AKCJONARIUSZY SPÓŁKI DZIELONEJ O PODZIALE ZOSTAŁA PODJĘTA W DNIU 14 LISTOPADA 2025 ROKU, ZAWARTA W PROTOKOLE NOTARIALNYM NR REPERTORIUM: A 11704/2025, SPORZĄDZONYM PRZEZ NOTARIUSZA MARCINA ŁASKIEGO, NOTARIUSZA W WARSZAWIE (KANCELARIA NOTARIALNA PAWEŁ CUPRIAK, MARCIN ŁASKI I PARTNERZY, NOTARIUSZE SPÓŁKA PARTNERSKA, UL. GRZYBOWSKA 2 LOK. 26B, 00-131 WARSZAWA). UCHWAŁA NADZWYCZAJNEGO WALNEGO ZGROMADZENIA AKCJONARIUSZY SPÓŁKI PRZEJMUJĄCEJ O PODZIALE ZOSTAŁA PODJĘTA W DNIU 14 LISTOPADA 2025 ROKU, ZAWARTA W PROTOKOLE NOTARIALNYM NR REPERTORIUM: A 11708/2025, SPORZĄDZONYM PRZEZ NOTARIUSZA MARCINA ŁASKIEGO, NOTARIUSZA W WARSZAWIE (KANCELARIA NOTARIALNA PAWEŁ CUPRIAK, MARCIN ŁASKI I PARTNERZY, NOTARIUSZE SPÓŁKA PARTNERSKA, UL. GRZYBOWSKA 2 LOK. 26B, 00-131 WARSZAWA)., 14.11.2025, WALNE ZGROMADZENIE AKCJONARIUSZY"
CGI Polska S.A.,0000307263,root.odpis.dane.dzial6.polaczeniePodzialPrzeksztalcenie[0].podmiotyPowstalePrzejmujace[0].Identyfikator[0].nrWpisuWprow,no_change,64,64
CGI Polska S.A.,0000307263,root.odpis.dane.dzial6.polaczeniePodzialPrzeksztalcenie[0].podmiotyPowstalePrzejmujace[0].Identyfikator[0].nrWpisuWykr,no_change,66,66
CGI Polska S.A.,0000307263,root.odpis.dane.dzial6.polaczeniePodzialPrzeksztalcenie[0].podmiotyPowstalePrzejmujace[0].Identyfikator[0].regon,no_change,35052737700000,35052737700000
CGI Polska S.A.,0000307263,root.odpis.dane.dzial6.polaczeniePodzialPrzeksztalcenie[0].podmiotyPowstalePrzejmujace[0].krajNazwaRejestru[0].krajNazwaRejestru,no_change,"POLSKA,KRAJOWY REJESTR SĄDOWY","POLSKA,KRAJOWY REJESTR SĄDOWY"
CGI Polska S.A.,0000307263,root.odpis.dane.dzial6.polaczeniePodzialPrzeksztalcenie[0].podmiotyPowstalePrzejmujace[0].krajNazwaRejestru[0].nrWpisuWprow,no_change,64,64
CGI Polska S.A.,0000307263,root.odpis.dane.dzial6.polaczeniePodzialPrzeksztalcenie[0].podmiotyPowstalePrzejmujace[0].krajNazwaRejestru[0].nrWpisuWykr,no_change,66,66
CGI Polska S.A.,0000307263,root.odpis.dane.dzial6.polaczeniePodzialPrzeksztalcenie[0].podmiotyPowstalePrzejmujace[0].nazwa[0].nazwa,no_change,"COMARCH,SPÓŁKA AKCYJNA","COMARCH,SPÓŁKA AKCYJNA"
CGI Polska S.A.,0000307263,root.odpis.dane.dzial6.polaczeniePodzialPrzeksztalcenie[0].podmiotyPowstalePrzejmujace[0].nazwa[0].nrWpisuWprow,no_change,64,64
CGI Polska S.A.,0000307263,root.odpis.dane.dzial6.polaczeniePodzialPrzeksztalcenie[0].podmiotyPowstalePrzejmujace[0].nazwa[0].nrWpisuWykr,no_change,66,66
CGI Polska S.A.,0000307263,root.odpis.dane.dzial6.polaczeniePodzialPrzeksztalcenie[0].podmiotyPowstalePrzejmujace[0].numerWRejestrzeAlboEwidencji[0].nrWpisuWprow,no_change,64,64
CGI Polska S.A.,0000307263,root.odpis.dane.dzial6.polaczeniePodzialPrzeksztalcenie[0].podmiotyPowstalePrzejmujace[0].numerWRejestrzeAlboEwidencji[0].nrWpisuWykr,no_change,66,66
CGI Polska S.A.,0000307263,root.odpis.dane.dzial6.polaczeniePodzialPrzeksztalcenie[0].podmiotyPowstalePrzejmujace[0].numerWRejestrzeAlboEwidencji[0].numerWRejestrzeAlboEwidencji,no_change,0000057567,0000057567
CGI Polska S.A.,0000307263,root.odpis.dane.dzial6.polaczeniePodzialPrzeksztalcenie[0].podmiotyPrzejmowane[0].identyfikator[0].nrWpisuWprow,no_change,66,66
CGI Polska S.A.,0000307263,root.odpis.dane.dzial6.polaczeniePodzialPrzeksztalcenie[0].podmiotyPrzejmowane[0].identyfikator[0].regon,no_change,350527377,350527377
CGI Polska S.A.,0000307263,root.odpis.dane.dzial6.polaczeniePodzialPrzeksztalcenie[0].podmiotyPrzejmowane[0].krajNazwaRejestru[0].krajNazwaRejestru,no_change,"POLSKA,KRAJOWY REJESTR SĄDOWY","POLSKA,KRAJOWY REJESTR SĄDOWY"
CGI Polska S.A.,0000307263,root.odpis.dane.dzial6.polaczeniePodzialPrzeksztalcenie[0].podmiotyPrzejmowane[0].krajNazwaRejestru[0].nrWpisuWprow,no_change,66,66
CGI Polska S.A.,0000307263,root.odpis.dane.dzial6.polaczeniePodzialPrzeksztalcenie[0].podmiotyPrzejmowane[0].nazwa[0].nazwa,no_change,"COMARCH SPÓŁKA AKCYJNA,SPÓŁKA AKCYJNA","COMARCH SPÓŁKA AKCYJNA,SPÓŁKA AKCYJNA"
CGI Polska S.A.,0000307263,root.odpis.dane.dzial6.polaczeniePodzialPrzeksztalcenie[0].podmiotyPrzejmowane[0].nazwa[0].nrWpisuWprow,no_change,66,66
CGI Polska S.A.,0000307263,root.odpis.dane.dzial6.polaczeniePodzialPrzeksztalcenie[0].podmiotyPrzejmowane[0].numerWRejestrzeAlboEwidencji[0].nrWpisuWprow,no_change,66,66
CGI Polska S.A.,0000307263,root.odpis.dane.dzial6.polaczeniePodzialPrzeksztalcenie[0].podmiotyPrzejmowane[0].numerWRejestrzeAlboEwidencji[0].numerWRejestrzeAlboEwidencji,no_change,0000057567,0000057567
CGI Polska S.A.,0000307263,root.odpis.naglowekP.numerKRS,no_change,0000307263,0000307263
CGI Polska S.A.,0000307263,root.odpis.naglowekP.rejestr,no_change,RejP,RejP
CGI Polska S.A.,0000307263,root.odpis.naglowekP.stanPozycji,no_change,1,1
CGI Polska S.A.,0000307263,root.odpis.naglowekP.stanZDnia,no_change,26.08.2026,26.08.2026
CGI Polska S.A.,0000307263,root.odpis.naglowekP.wpis[0].dataWpisu,no_change,09.06.2008,09.06.2008
CGI Polska S.A.,0000307263,root.odpis.naglowekP.wpis[0].numerWpisu,no_change,1,1
CGI Polska S.A.,0000307263,root.odpis.naglowekP.wpis[0].opis,no_change,REJESTRACJA W KRAJOWYM REJESTRZE SĄDOWYM,REJESTRACJA W KRAJOWYM REJESTRZE SĄDOWYM
CGI Polska S.A.,0000307263,root.odpis.naglowekP.wpis[0].oznaczenieSaduDokonujacegoWpisu,no_change,"SĄD REJONOWY DLA KRAKOWA-ŚRÓDMIEŚCIA W KRAKOWIE, XI WYDZIAŁ GOSPODARCZY KRAJOWEGO REJESTRU SĄDOWEGO","SĄD REJONOWY DLA KRAKOWA-ŚRÓDMIEŚCIA W KRAKOWIE, XI WYDZIAŁ GOSPODARCZY KRAJOWEGO REJESTRU SĄDOWEGO"
CGI Polska S.A.,0000307263,root.odpis.naglowekP.wpis[0].sygnaturaAktSprawyDotyczacejWpisu,no_change,KR.XI NS-REJ.KRS/9696/08/564,KR.XI NS-REJ.KRS/9696/08/564
CGI Polska S.A.,0000307263,root.odpis.naglowekP.wpis[10].dataWpisu,no_change,13.06.2013,13.06.2013
CGI Polska S.A.,0000307263,root.odpis.naglowekP.wpis[10].numerWpisu,no_change,11,11
CGI Polska S.A.,0000307263,root.odpis.naglowekP.wpis[10].opis,no_change,ZMIANA DANYCH W REJESTRZE,ZMIANA DANYCH W REJESTRZE
CGI Polska S.A.,0000307263,root.odpis.naglowekP.wpis[10].oznaczenieSaduDokonujacegoWpisu,no_change,"SĄD REJONOWY DLA KRAKOWA-ŚRÓDMIEŚCIA W KRAKOWIE, XI WYDZIAŁ GOSPODARCZY KRAJOWEGO REJESTRU SĄDOWEGO","SĄD REJONOWY DLA KRAKOWA-ŚRÓDMIEŚCIA W KRAKOWIE, XI WYDZIAŁ GOSPODARCZY KRAJOWEGO REJESTRU SĄDOWEGO"
CGI Polska S.A.,0000307263,root.odpis.naglowekP.wpis[10].sygnaturaAktSprawyDotyczacejWpisu,no_change,KR.XI NS-REJ.KRS/13054/13/439,KR.XI NS-REJ.KRS/13054/13/439
CGI Polska S.A.,0000307263,root.odpis.naglowekP.wpis[11].dataWpisu,no_change,13.03.2014,13.03.2014
CGI Polska S.A.,0000307263,root.odpis.naglowekP.wpis[11].numerWpisu,no_change,12,12
CGI Polska S.A.,0000307263,root.odpis.naglowekP.wpis[11].opis,no_change,ZMIANA DANYCH W REJESTRZE,ZMIANA DANYCH W REJESTRZE
CGI Polska S.A.,0000307263,root.odpis.naglowekP.wpis[11].oznaczenieSaduDokonujacegoWpisu,no_change,"SĄD REJONOWY DLA KRAKOWA-ŚRÓDMIEŚCIA W KRAKOWIE, XI WYDZIAŁ GOSPODARCZY KRAJOWEGO REJESTRU SĄDOWEGO","SĄD REJONOWY DLA KRAKOWA-ŚRÓDMIEŚCIA W KRAKOWIE, XI WYDZIAŁ GOSPODARCZY KRAJOWEGO REJESTRU SĄDOWEGO"
CGI Polska S.A.,0000307263,root.odpis.naglowekP.wpis[11].sygnaturaAktSprawyDotyczacejWpisu,no_change,KR.XI NS-REJ.KRS/4627/14/352,KR.XI NS-REJ.KRS/4627/14/352
CGI Polska S.A.,0000307263,root.odpis.naglowekP.wpis[12].dataWpisu,no_change,16.09.2014,16.09.2014
CGI Polska S.A.,0000307263,root.odpis.naglowekP.wpis[12].numerWpisu,no_change,13,13
CGI Polska S.A.,0000307263,root.odpis.naglowekP.wpis[12].opis,no_change,ZMIANA DANYCH W REJESTRZE,ZMIANA DANYCH W REJESTRZE
CGI Polska S.A.,0000307263,root.odpis.naglowekP.wpis[12].oznaczenieSaduDokonujacegoWpisu,no_change,"SĄD REJONOWY DLA KRAKOWA-ŚRÓDMIEŚCIA W KRAKOWIE, XI WYDZIAŁ GOSPODARCZY KRAJOWEGO REJESTRU SĄDOWEGO","SĄD REJONOWY DLA KRAKOWA-ŚRÓDMIEŚCIA W KRAKOWIE, XI WYDZIAŁ GOSPODARCZY KRAJOWEGO REJESTRU SĄDOWEGO"
CGI Polska S.A.,0000307263,root.odpis.naglowekP.wpis[12].sygnaturaAktSprawyDotyczacejWpisu,no_change,KR.XI NS-REJ.KRS/16078/14/901,KR.XI NS-REJ.KRS/16078/14/901
CGI Polska S.A.,0000307263,root.odpis.naglowekP.wpis[13].dataWpisu,no_change,17.11.2014,17.11.2014
CGI Polska S.A.,0000307263,root.odpis.naglowekP.wpis[13].numerWpisu,no_change,14,14
CGI Polska S.A.,0000307263,root.odpis.naglowekP.wpis[13].opis,no_change,ZMIANA DANYCH W REJESTRZE,ZMIANA DANYCH W REJESTRZE
CGI Polska S.A.,0000307263,root.odpis.naglowekP.wpis[13].oznaczenieSaduDokonujacegoWpisu,no_change,"SĄD REJONOWY DLA KRAKOWA-ŚRÓDMIEŚCIA W KRAKOWIE, XI WYDZIAŁ GOSPODARCZY KRAJOWEGO REJESTRU SĄDOWEGO","SĄD REJONOWY DLA KRAKOWA-ŚRÓDMIEŚCIA W KRAKOWIE, XI WYDZIAŁ GOSPODARCZY KRAJOWEGO REJESTRU SĄDOWEGO"
CGI Polska S.A.,0000307263,root.odpis.naglowekP.wpis[13].sygnaturaAktSprawyDotyczacejWpisu,no_change,KR.XI NS-REJ.KRS/27793/14/323,KR.XI NS-REJ.KRS/27793/14/323
CGI Polska S.A.,0000307263,root.odpis.naglowekP.wpis[14].dataWpisu,no_change,20.11.2014,20.11.2014
CGI Polska S.A.,0000307263,root.odpis.naglowekP.wpis[14].numerWpisu,no_change,15,15
CGI Polska S.A.,0000307263,root.odpis.naglowekP.wpis[14].opis,no_change,SPROSTOWANIE WPISU,SPROSTOWANIE WPISU
CGI Polska S.A.,0000307263,root.odpis.naglowekP.wpis[14].oznaczenieSaduDokonujacegoWpisu,no_change,"SĄD REJONOWY DLA KRAKOWA-ŚRÓDMIEŚCIA W KRAKOWIE, XI WYDZIAŁ GOSPODARCZY KRAJOWEGO REJESTRU SĄDOWEGO","SĄD REJONOWY DLA KRAKOWA-ŚRÓDMIEŚCIA W KRAKOWIE, XI WYDZIAŁ GOSPODARCZY KRAJOWEGO REJESTRU SĄDOWEGO"
CGI Polska S.A.,0000307263,root.odpis.naglowekP.wpis[14].sygnaturaAktSprawyDotyczacejWpisu,no_change,KR.XI NS-REJ.KRS/29405/14/75,KR.XI NS-REJ.KRS/29405/14/75
CGI Polska S.A.,0000307263,root.odpis.naglowekP.wpis[15].dataWpisu,no_change,16.02.2015,16.02.2015
CGI Polska S.A.,0000307263,root.odpis.naglowekP.wpis[15].numerWpisu,no_change,16,16
CGI Polska S.A.,0000307263,root.odpis.naglowekP.wpis[15].opis,no_change,SPROSTOWANIE WPISU,SPROSTOWANIE WPISU
CGI Polska S.A.,0000307263,root.odpis.naglowekP.wpis[15].oznaczenieSaduDokonujacegoWpisu,no_change,"SĄD REJONOWY DLA KRAKOWA-ŚRÓDMIEŚCIA W KRAKOWIE, XI WYDZIAŁ GOSPODARCZY KRAJOWEGO REJESTRU SĄDOWEGO","SĄD REJONOWY DLA KRAKOWA-ŚRÓDMIEŚCIA W KRAKOWIE, XI WYDZIAŁ GOSPODARCZY KRAJOWEGO REJESTRU SĄDOWEGO"
CGI Polska S.A.,0000307263,root.odpis.naglowekP.wpis[15].sygnaturaAktSprawyDotyczacejWpisu,no_change,KR.XI NS-REJ.KRS/3262/15/159,KR.XI NS-REJ.KRS/3262/15/159
CGI Polska S.A.,0000307263,root.odpis.naglowekP.wpis[16].dataWpisu,no_change,10.07.2015,10.07.2015
CGI Polska S.A.,0000307263,root.odpis.naglowekP.wpis[16].numerWpisu,no_change,17,17
CGI Polska S.A.,0000307263,root.odpis.naglowekP.wpis[16].opis,no_change,ZMIANA DANYCH W REJESTRZE,ZMIANA DANYCH W REJESTRZE
CGI Polska S.A.,0000307263,root.odpis.naglowekP.wpis[16].oznaczenieSaduDokonujacegoWpisu,no_change,"SĄD REJONOWY DLA KRAKOWA-ŚRÓDMIEŚCIA W KRAKOWIE, XI WYDZIAŁ GOSPODARCZY KRAJOWEGO REJESTRU SĄDOWEGO","SĄD REJONOWY DLA KRAKOWA-ŚRÓDMIEŚCIA W KRAKOWIE, XI WYDZIAŁ GOSPODARCZY KRAJOWEGO REJESTRU SĄDOWEGO"
CGI Polska S.A.,0000307263,root.odpis.naglowekP.wpis[16].sygnaturaAktSprawyDotyczacejWpisu,no_change,KR.XI NS-REJ.KRS/18003/15/794,KR.XI NS-REJ.KRS/18003/15/794
CGI Polska S.A.,0000307263,root.odpis.naglowekP.wpis[17].dataWpisu,no_change,14.12.2015,14.12.2015
CGI Polska S.A.,0000307263,root.odpis.naglowekP.wpis[17].numerWpisu,no_change,18,18
CGI Polska S.A.,0000307263,root.odpis.naglowekP.wpis[17].opis,no_change,ZMIANA DANYCH W REJESTRZE,ZMIANA DANYCH W REJESTRZE
CGI Polska S.A.,0000307263,root.odpis.naglowekP.wpis[17].oznaczenieSaduDokonujacegoWpisu,no_change,"SĄD REJONOWY DLA KRAKOWA-ŚRÓDMIEŚCIA W KRAKOWIE, XI WYDZIAŁ GOSPODARCZY KRAJOWEGO REJESTRU SĄDOWEGO","SĄD REJONOWY DLA KRAKOWA-ŚRÓDMIEŚCIA W KRAKOWIE, XI WYDZIAŁ GOSPODARCZY KRAJOWEGO REJESTRU SĄDOWEGO"
CGI Polska S.A.,0000307263,root.odpis.naglowekP.wpis[17].sygnaturaAktSprawyDotyczacejWpisu,no_change,KR.XI NS-REJ.KRS/34800/15/129,KR.XI NS-REJ.KRS/34800/15/129
CGI Polska S.A.,0000307263,root.odpis.naglowekP.wpis[18].dataWpisu,no_change,13.09.2016,13.09.2016
CGI Polska S.A.,0000307263,root.odpis.naglowekP.wpis[18].numerWpisu,no_change,19,19
CGI Polska S.A.,0000307263,root.odpis.naglowekP.wpis[18].opis,no_change,ZMIANA DANYCH W REJESTRZE,ZMIANA DANYCH W REJESTRZE
CGI Polska S.A.,0000307263,root.odpis.naglowekP.wpis[18].oznaczenieSaduDokonujacegoWpisu,no_change,"SĄD REJONOWY DLA KRAKOWA-ŚRÓDMIEŚCIA W KRAKOWIE, XI WYDZIAŁ GOSPODARCZY KRAJOWEGO REJESTRU SĄDOWEGO","SĄD REJONOWY DLA KRAKOWA-ŚRÓDMIEŚCIA W KRAKOWIE, XI WYDZIAŁ GOSPODARCZY KRAJOWEGO REJESTRU SĄDOWEGO"
CGI Polska S.A.,0000307263,root.odpis.naglowekP.wpis[18].sygnaturaAktSprawyDotyczacejWpisu,no_change,KR.XI NS-REJ.KRS/20922/16/386,KR.XI NS-REJ.KRS/20922/16/386
CGI Polska S.A.,0000307263,root.odpis.naglowekP.wpis[19].dataWpisu,no_change,09.11.2016,09.11.2016
CGI Polska S.A.,0000307263,root.odpis.naglowekP.wpis[19].numerWpisu,no_change,20,20
CGI Polska S.A.,0000307263,root.odpis.naglowekP.wpis[19].opis,no_change,ZMIANA DANYCH W REJESTRZE,ZMIANA DANYCH W REJESTRZE
CGI Polska S.A.,0000307263,root.odpis.naglowekP.wpis[19].oznaczenieSaduDokonujacegoWpisu,no_change,"SĄD REJONOWY DLA KRAKOWA-ŚRÓDMIEŚCIA W KRAKOWIE, XI WYDZIAŁ GOSPODARCZY KRAJOWEGO REJESTRU SĄDOWEGO","SĄD REJONOWY DLA KRAKOWA-ŚRÓDMIEŚCIA W KRAKOWIE, XI WYDZIAŁ GOSPODARCZY KRAJOWEGO REJESTRU SĄDOWEGO"
CGI Polska S.A.,0000307263,root.odpis.naglowekP.wpis[19].sygnaturaAktSprawyDotyczacejWpisu,no_change,KR.XI NS-REJ.KRS/39256/16/892,KR.XI NS-REJ.KRS/39256/16/892
CGI Polska S.A.,0000307263,root.odpis.naglowekP.wpis[1].dataWpisu,no_change,27.10.2008,27.10.2008
CGI Polska S.A.,0000307263,root.odpis.naglowekP.wpis[1].numerWpisu,no_change,2,2
CGI Polska S.A.,0000307263,root.odpis.naglowekP.wpis[1].opis,no_change,ZMIANA DANYCH W REJESTRZE,ZMIANA DANYCH W REJESTRZE
CGI Polska S.A.,0000307263,root.odpis.naglowekP.wpis[1].oznaczenieSaduDokonujacegoWpisu,no_change,"SĄD REJONOWY DLA KRAKOWA-ŚRÓDMIEŚCIA W KRAKOWIE, XI WYDZIAŁ GOSPODARCZY KRAJOWEGO REJESTRU SĄDOWEGO","SĄD REJONOWY DLA KRAKOWA-ŚRÓDMIEŚCIA W KRAKOWIE, XI WYDZIAŁ GOSPODARCZY KRAJOWEGO REJESTRU SĄDOWEGO"
CGI Polska S.A.,0000307263,root.odpis.naglowekP.wpis[1].sygnaturaAktSprawyDotyczacejWpisu,no_change,KR.XI NS-REJ.KRS/19599/08/673,KR.XI NS-REJ.KRS/19599/08/673
CGI Polska S.A.,0000307263,root.odpis.naglowekP.wpis[20].dataWpisu,no_change,13.07.2017,13.07.2017
CGI Polska S.A.,0000307263,root.odpis.naglowekP.wpis[20].numerWpisu,no_change,21,21
CGI Polska S.A.,0000307263,root.odpis.naglowekP.wpis[20].opis,no_change,ZMIANA DANYCH W REJESTRZE,ZMIANA DANYCH W REJESTRZE
CGI Polska S.A.,0000307263,root.odpis.naglowekP.wpis[20].oznaczenieSaduDokonujacegoWpisu,no_change,"SĄD REJONOWY DLA KRAKOWA-ŚRÓDMIEŚCIA W KRAKOWIE, XI WYDZIAŁ GOSPODARCZY KRAJOWEGO REJESTRU SĄDOWEGO","SĄD REJONOWY DLA KRAKOWA-ŚRÓDMIEŚCIA W KRAKOWIE, XI WYDZIAŁ GOSPODARCZY KRAJOWEGO REJESTRU SĄDOWEGO"
CGI Polska S.A.,0000307263,root.odpis.naglowekP.wpis[20].sygnaturaAktSprawyDotyczacejWpisu,no_change,KR.XI NS-REJ.KRS/22527/17/132,KR.XI NS-REJ.KRS/22527/17/132
CGI Polska S.A.,0000307263,root.odpis.naglowekP.wpis[21].dataWpisu,no_change,04.07.2018,04.07.2018
CGI Polska S.A.,0000307263,root.odpis.naglowekP.wpis[21].numerWpisu,no_change,22,22
CGI Polska S.A.,0000307263,root.odpis.naglowekP.wpis[21].opis,no_change,ZMIANA DANYCH W REJESTRZE,ZMIANA DANYCH W REJESTRZE
CGI Polska S.A.,0000307263,root.odpis.naglowekP.wpis[21].oznaczenieSaduDokonujacegoWpisu,no_change,SYSTEM,SYSTEM
CGI Polska S.A.,0000307263,root.odpis.naglowekP.wpis[21].sygnaturaAktSprawyDotyczacejWpisu,no_change,RDF/285727/18/732,RDF/285727/18/732
CGI Polska S.A.,0000307263,root.odpis.naglowekP.wpis[22].dataWpisu,no_change,04.07.2018,04.07.2018
CGI Polska S.A.,0000307263,root.odpis.naglowekP.wpis[22].numerWpisu,no_change,23,23
CGI Polska S.A.,0000307263,root.odpis.naglowekP.wpis[22].opis,no_change,ZMIANA DANYCH W REJESTRZE,ZMIANA DANYCH W REJESTRZE
CGI Polska S.A.,0000307263,root.odpis.naglowekP.wpis[22].oznaczenieSaduDokonujacegoWpisu,no_change,SYSTEM,SYSTEM
CGI Polska S.A.,0000307263,root.odpis.naglowekP.wpis[22].sygnaturaAktSprawyDotyczacejWpisu,no_change,RDF/285728/18/133,RDF/285728/18/133
CGI Polska S.A.,0000307263,root.odpis.naglowekP.wpis[23].dataWpisu,no_change,04.07.2018,04.07.2018
CGI Polska S.A.,0000307263,root.odpis.naglowekP.wpis[23].numerWpisu,no_change,24,24
CGI Polska S.A.,0000307263,root.odpis.naglowekP.wpis[23].opis,no_change,ZMIANA DANYCH W REJESTRZE,ZMIANA DANYCH W REJESTRZE
CGI Polska S.A.,0000307263,root.odpis.naglowekP.wpis[23].oznaczenieSaduDokonujacegoWpisu,no_change,SYSTEM,SYSTEM
CGI Polska S.A.,0000307263,root.odpis.naglowekP.wpis[23].sygnaturaAktSprawyDotyczacejWpisu,no_change,RDF/285729/18/534,RDF/285729/18/534
CGI Polska S.A.,0000307263,root.odpis.naglowekP.wpis[24].dataWpisu,no_change,04.07.2018,04.07.2018
CGI Polska S.A.,0000307263,root.odpis.naglowekP.wpis[24].numerWpisu,no_change,25,25
CGI Polska S.A.,0000307263,root.odpis.naglowekP.wpis[24].opis,no_change,ZMIANA DANYCH W REJESTRZE,ZMIANA DANYCH W REJESTRZE
CGI Polska S.A.,0000307263,root.odpis.naglowekP.wpis[24].oznaczenieSaduDokonujacegoWpisu,no_change,SYSTEM,SYSTEM
CGI Polska S.A.,0000307263,root.odpis.naglowekP.wpis[24].sygnaturaAktSprawyDotyczacejWpisu,no_change,RDF/285730/18/246,RDF/285730/18/246
CGI Polska S.A.,0000307263,root.odpis.naglowekP.wpis[25].dataWpisu,no_change,13.06.2019,13.06.2019
CGI Polska S.A.,0000307263,root.odpis.naglowekP.wpis[25].numerWpisu,no_change,26,26
CGI Polska S.A.,0000307263,root.odpis.naglowekP.wpis[25].opis,no_change,ZMIANA DANYCH W REJESTRZE,ZMIANA DANYCH W REJESTRZE
CGI Polska S.A.,0000307263,root.odpis.naglowekP.wpis[25].oznaczenieSaduDokonujacegoWpisu,no_change,SYSTEM,SYSTEM
CGI Polska S.A.,0000307263,root.odpis.naglowekP.wpis[25].sygnaturaAktSprawyDotyczacejWpisu,no_change,RDF/122474/19/761,RDF/122474/19/761
CGI Polska S.A.,0000307263,root.odpis.naglowekP.wpis[26].dataWpisu,no_change,13.06.2019,13.06.2019
CGI Polska S.A.,0000307263,root.odpis.naglowekP.wpis[26].numerWpisu,no_change,27,27
CGI Polska S.A.,0000307263,root.odpis.naglowekP.wpis[26].opis,no_change,ZMIANA DANYCH W REJESTRZE,ZMIANA DANYCH W REJESTRZE
CGI Polska S.A.,0000307263,root.odpis.naglowekP.wpis[26].oznaczenieSaduDokonujacegoWpisu,no_change,SYSTEM,SYSTEM
CGI Polska S.A.,0000307263,root.odpis.naglowekP.wpis[26].sygnaturaAktSprawyDotyczacejWpisu,no_change,RDF/122474/19/162,RDF/122474/19/162
CGI Polska S.A.,0000307263,root.odpis.naglowekP.wpis[27].dataWpisu,no_change,13.06.2019,13.06.2019
CGI Polska S.A.,0000307263,root.odpis.naglowekP.wpis[27].numerWpisu,no_change,28,28
CGI Polska S.A.,0000307263,root.odpis.naglowekP.wpis[27].opis,no_change,ZMIANA DANYCH W REJESTRZE,ZMIANA DANYCH W REJESTRZE
CGI Polska S.A.,0000307263,root.odpis.naglowekP.wpis[27].oznaczenieSaduDokonujacegoWpisu,no_change,SYSTEM,SYSTEM
CGI Polska S.A.,0000307263,root.odpis.naglowekP.wpis[27].sygnaturaAktSprawyDotyczacejWpisu,no_change,RDF/122474/19/563,RDF/122474/19/563
CGI Polska S.A.,0000307263,root.odpis.naglowekP.wpis[28].dataWpisu,no_change,13.06.2019,13.06.2019
CGI Polska S.A.,0000307263,root.odpis.naglowekP.wpis[28].numerWpisu,no_change,29,29
CGI Polska S.A.,0000307263,root.odpis.naglowekP.wpis[28].opis,no_change,ZMIANA DANYCH W REJESTRZE,ZMIANA DANYCH W REJESTRZE
CGI Polska S.A.,0000307263,root.odpis.naglowekP.wpis[28].oznaczenieSaduDokonujacegoWpisu,no_change,SYSTEM,SYSTEM
CGI Polska S.A.,0000307263,root.odpis.naglowekP.wpis[28].sygnaturaAktSprawyDotyczacejWpisu,no_change,RDF/122474/19/964,RDF/122474/19/964
CGI Polska S.A.,0000307263,root.odpis.naglowekP.wpis[29].dataWpisu,no_change,13.06.2019,13.06.2019
CGI Polska S.A.,0000307263,root.odpis.naglowekP.wpis[29].numerWpisu,no_change,30,30
CGI Polska S.A.,0000307263,root.odpis.naglowekP.wpis[29].opis,no_change,ZMIANA DANYCH W REJESTRZE,ZMIANA DANYCH W REJESTRZE
CGI Polska S.A.,0000307263,root.odpis.naglowekP.wpis[29].oznaczenieSaduDokonujacegoWpisu,no_change,"SĄD REJONOWY DLA KRAKOWA-ŚRÓDMIEŚCIA W KRAKOWIE, XI WYDZIAŁ GOSPODARCZY KRAJOWEGO REJESTRU SĄDOWEGO","SĄD REJONOWY DLA KRAKOWA-ŚRÓDMIEŚCIA W KRAKOWIE, XI WYDZIAŁ GOSPODARCZY KRAJOWEGO REJESTRU SĄDOWEGO"
CGI Polska S.A.,0000307263,root.odpis.naglowekP.wpis[29].sygnaturaAktSprawyDotyczacejWpisu,no_change,KR.XI NS-REJ.KRS/13204/19/54,KR.XI NS-REJ.KRS/13204/19/54
CGI Polska S.A.,0000307263,root.odpis.naglowekP.wpis[2].dataWpisu,no_change,29.10.2008,29.10.2008
CGI Polska S.A.,0000307263,root.odpis.naglowekP.wpis[2].numerWpisu,no_change,3,3
CGI Polska S.A.,0000307263,root.odpis.naglowekP.wpis[2].opis,no_change,SPROSTOWANIE WPISU,SPROSTOWANIE WPISU
CGI Polska S.A.,0000307263,root.odpis.naglowekP.wpis[2].oznaczenieSaduDokonujacegoWpisu,no_change,"SĄD REJONOWY DLA KRAKOWA-ŚRÓDMIEŚCIA W KRAKOWIE, XI WYDZIAŁ GOSPODARCZY KRAJOWEGO REJESTRU SĄDOWEGO","SĄD REJONOWY DLA KRAKOWA-ŚRÓDMIEŚCIA W KRAKOWIE, XI WYDZIAŁ GOSPODARCZY KRAJOWEGO REJESTRU SĄDOWEGO"
CGI Polska S.A.,0000307263,root.odpis.naglowekP.wpis[2].sygnaturaAktSprawyDotyczacejWpisu,no_change,KR.XI NS-REJ.KRS/20951/08/953,KR.XI NS-REJ.KRS/20951/08/953
CGI Polska S.A.,0000307263,root.odpis.naglowekP.wpis[30].dataWpisu,no_change,22.01.2020,22.01.2020
CGI Polska S.A.,0000307263,root.odpis.naglowekP.wpis[30].numerWpisu,no_change,31,31
CGI Polska S.A.,0000307263,root.odpis.naglowekP.wpis[30].opis,no_change,ZMIANA DANYCH W REJESTRZE,ZMIANA DANYCH W REJESTRZE
CGI Polska S.A.,0000307263,root.odpis.naglowekP.wpis[30].oznaczenieSaduDokonujacegoWpisu,no_change,"SĄD REJONOWY DLA KRAKOWA-ŚRÓDMIEŚCIA W KRAKOWIE, XI WYDZIAŁ GOSPODARCZY KRAJOWEGO REJESTRU SĄDOWEGO","SĄD REJONOWY DLA KRAKOWA-ŚRÓDMIEŚCIA W KRAKOWIE, XI WYDZIAŁ GOSPODARCZY KRAJOWEGO REJESTRU SĄDOWEGO"
CGI Polska S.A.,0000307263,root.odpis.naglowekP.wpis[30].sygnaturaAktSprawyDotyczacejWpisu,no_change,KR.XI NS-REJ.KRS/2516/20/376,KR.XI NS-REJ.KRS/2516/20/376
CGI Polska S.A.,0000307263,root.odpis.naglowekP.wpis[31].dataWpisu,no_change,09.06.2020,09.06.2020
CGI Polska S.A.,0000307263,root.odpis.naglowekP.wpis[31].numerWpisu,no_change,32,32
CGI Polska S.A.,0000307263,root.odpis.naglowekP.wpis[31].opis,no_change,ZMIANA DANYCH W REJESTRZE,ZMIANA DANYCH W REJESTRZE
CGI Polska S.A.,0000307263,root.odpis.naglowekP.wpis[31].oznaczenieSaduDokonujacegoWpisu,no_change,SYSTEM,SYSTEM
CGI Polska S.A.,0000307263,root.odpis.naglowekP.wpis[31].sygnaturaAktSprawyDotyczacejWpisu,no_change,RDF/206191/20/146,RDF/206191/20/146
CGI Polska S.A.,0000307263,root.odpis.naglowekP.wpis[32].dataWpisu,no_change,09.06.2020,09.06.2020
CGI Polska S.A.,0000307263,root.odpis.naglowekP.wpis[32].numerWpisu,no_change,33,33
CGI Polska S.A.,0000307263,root.odpis.naglowekP.wpis[32].opis,no_change,ZMIANA DANYCH W REJESTRZE,ZMIANA DANYCH W REJESTRZE
CGI Polska S.A.,0000307263,root.odpis.naglowekP.wpis[32].oznaczenieSaduDokonujacegoWpisu,no_change,SYSTEM,SYSTEM
CGI Polska S.A.,0000307263,root.odpis.naglowekP.wpis[32].sygnaturaAktSprawyDotyczacejWpisu,no_change,RDF/206191/20/547,RDF/206191/20/547
CGI Polska S.A.,0000307263,root.odpis.naglowekP.wpis[33].dataWpisu,no_change,09.06.2020,09.06.2020
CGI Polska S.A.,0000307263,root.odpis.naglowekP.wpis[33].numerWpisu,no_change,34,34
CGI Polska S.A.,0000307263,root.odpis.naglowekP.wpis[33].opis,no_change,ZMIANA DANYCH W REJESTRZE,ZMIANA DANYCH W REJESTRZE
CGI Polska S.A.,0000307263,root.odpis.naglowekP.wpis[33].oznaczenieSaduDokonujacegoWpisu,no_change,SYSTEM,SYSTEM
CGI Polska S.A.,0000307263,root.odpis.naglowekP.wpis[33].sygnaturaAktSprawyDotyczacejWpisu,no_change,RDF/206191/20/948,RDF/206191/20/948
CGI Polska S.A.,0000307263,root.odpis.naglowekP.wpis[34].dataWpisu,no_change,09.06.2020,09.06.2020
CGI Polska S.A.,0000307263,root.odpis.naglowekP.wpis[34].numerWpisu,no_change,35,35
CGI Polska S.A.,0000307263,root.odpis.naglowekP.wpis[34].opis,no_change,ZMIANA DANYCH W REJESTRZE,ZMIANA DANYCH W REJESTRZE
CGI Polska S.A.,0000307263,root.odpis.naglowekP.wpis[34].oznaczenieSaduDokonujacegoWpisu,no_change,SYSTEM,SYSTEM
CGI Polska S.A.,0000307263,root.odpis.naglowekP.wpis[34].sygnaturaAktSprawyDotyczacejWpisu,no_change,RDF/206191/20/349,RDF/206191/20/349
CGI Polska S.A.,0000307263,root.odpis.naglowekP.wpis[35].dataWpisu,no_change,13.07.2021,13.07.2021
CGI Polska S.A.,0000307263,root.odpis.naglowekP.wpis[35].numerWpisu,no_change,36,36
CGI Polska S.A.,0000307263,root.odpis.naglowekP.wpis[35].opis,no_change,ZMIANA DANYCH W REJESTRZE,ZMIANA DANYCH W REJESTRZE
CGI Polska S.A.,0000307263,root.odpis.naglowekP.wpis[35].oznaczenieSaduDokonujacegoWpisu,no_change,SYSTEM,SYSTEM
CGI Polska S.A.,0000307263,root.odpis.naglowekP.wpis[35].sygnaturaAktSprawyDotyczacejWpisu,no_change,RDF/315298/21/235,RDF/315298/21/235
CGI Polska S.A.,0000307263,root.odpis.naglowekP.wpis[36].dataWpisu,no_change,13.07.2021,13.07.2021
CGI Polska S.A.,0000307263,root.odpis.naglowekP.wpis[36].numerWpisu,no_change,37,37
CGI Polska S.A.,0000307263,root.odpis.naglowekP.wpis[36].opis,no_change,ZMIANA DANYCH W REJESTRZE,ZMIANA DANYCH W REJESTRZE
CGI Polska S.A.,0000307263,root.odpis.naglowekP.wpis[36].oznaczenieSaduDokonujacegoWpisu,no_change,SYSTEM,SYSTEM
CGI Polska S.A.,0000307263,root.odpis.naglowekP.wpis[36].sygnaturaAktSprawyDotyczacejWpisu,no_change,RDF/315298/21/636,RDF/315298/21/636
CGI Polska S.A.,0000307263,root.odpis.naglowekP.wpis[37].dataWpisu,no_change,13.07.2021,13.07.2021
CGI Polska S.A.,0000307263,root.odpis.naglowekP.wpis[37].numerWpisu,no_change,38,38
CGI Polska S.A.,0000307263,root.odpis.naglowekP.wpis[37].opis,no_change,ZMIANA DANYCH W REJESTRZE,ZMIANA DANYCH W REJESTRZE
CGI Polska S.A.,0000307263,root.odpis.naglowekP.wpis[37].oznaczenieSaduDokonujacegoWpisu,no_change,SYSTEM,SYSTEM
CGI Polska S.A.,0000307263,root.odpis.naglowekP.wpis[37].sygnaturaAktSprawyDotyczacejWpisu,no_change,RDF/315298/21/37,RDF/315298/21/37
CGI Polska S.A.,0000307263,root.odpis.naglowekP.wpis[38].dataWpisu,no_change,13.07.2021,13.07.2021
CGI Polska S.A.,0000307263,root.odpis.naglowekP.wpis[38].numerWpisu,no_change,39,39
CGI Polska S.A.,0000307263,root.odpis.naglowekP.wpis[38].opis,no_change,ZMIANA DANYCH W REJESTRZE,ZMIANA DANYCH W REJESTRZE
CGI Polska S.A.,0000307263,root.odpis.naglowekP.wpis[38].oznaczenieSaduDokonujacegoWpisu,no_change,SYSTEM,SYSTEM
CGI Polska S.A.,0000307263,root.odpis.naglowekP.wpis[38].sygnaturaAktSprawyDotyczacejWpisu,no_change,RDF/315298/21/438,RDF/315298/21/438
CGI Polska S.A.,0000307263,root.odpis.naglowekP.wpis[39].dataWpisu,no_change,14.04.2022,14.04.2022
CGI Polska S.A.,0000307263,root.odpis.naglowekP.wpis[39].numerWpisu,no_change,40,40
CGI Polska S.A.,0000307263,root.odpis.naglowekP.wpis[39].opis,no_change,ZMIANA DANYCH W REJESTRZE,ZMIANA DANYCH W REJESTRZE
CGI Polska S.A.,0000307263,root.odpis.naglowekP.wpis[39].oznaczenieSaduDokonujacegoWpisu,no_change,"SĄD REJONOWY DLA KRAKOWA ŚRÓDMIEŚCIA W KRAKOWIE, XI WYDZIAŁ GOSPODARCZY KRAJOWEGO REJESTRU SĄDOWEGO","SĄD REJONOWY DLA KRAKOWA ŚRÓDMIEŚCIA W KRAKOWIE, XI WYDZIAŁ GOSPODARCZY KRAJOWEGO REJESTRU SĄDOWEGO"
CGI Polska S.A.,0000307263,root.odpis.naglowekP.wpis[39].sygnaturaAktSprawyDotyczacejWpisu,no_change,KR.XI NS-REJ.KRS/11548/22/83,KR.XI NS-REJ.KRS/11548/22/83
CGI Polska S.A.,0000307263,root.odpis.naglowekP.wpis[3].dataWpisu,no_change,10.06.2009,10.06.2009
CGI Polska S.A.,0000307263,root.odpis.naglowekP.wpis[3].numerWpisu,no_change,4,4
CGI Polska S.A.,0000307263,root.odpis.naglowekP.wpis[3].opis,no_change,ZMIANA DANYCH W REJESTRZE,ZMIANA DANYCH W REJESTRZE
CGI Polska S.A.,0000307263,root.odpis.naglowekP.wpis[3].oznaczenieSaduDokonujacegoWpisu,no_change,"SĄD REJONOWY DLA KRAKOWA-ŚRÓDMIEŚCIA W KRAKOWIE, XI WYDZIAŁ GOSPODARCZY KRAJOWEGO REJESTRU SĄDOWEGO","SĄD REJONOWY DLA KRAKOWA-ŚRÓDMIEŚCIA W KRAKOWIE, XI WYDZIAŁ GOSPODARCZY KRAJOWEGO REJESTRU SĄDOWEGO"
CGI Polska S.A.,0000307263,root.odpis.naglowekP.wpis[3].sygnaturaAktSprawyDotyczacejWpisu,no_change,KR.XI NS-REJ.KRS/9820/09/116,KR.XI NS-REJ.KRS/9820/09/116
CGI Polska S.A.,0000307263,root.odpis.naglowekP.wpis[40].dataWpisu,no_change,12.07.2022,12.07.2022
CGI Polska S.A.,0000307263,root.odpis.naglowekP.wpis[40].numerWpisu,no_change,41,41
CGI Polska S.A.,0000307263,root.odpis.naglowekP.wpis[40].opis,no_change,ZMIANA DANYCH W REJESTRZE,ZMIANA DANYCH W REJESTRZE
CGI Polska S.A.,0000307263,root.odpis.naglowekP.wpis[40].oznaczenieSaduDokonujacegoWpisu,no_change,SYSTEM,SYSTEM
CGI Polska S.A.,0000307263,root.odpis.naglowekP.wpis[40].sygnaturaAktSprawyDotyczacejWpisu,no_change,RDF/404992/22/229,RDF/404992/22/229
CGI Polska S.A.,0000307263,root.odpis.naglowekP.wpis[41].dataWpisu,no_change,12.07.2022,12.07.2022
CGI Polska S.A.,0000307263,root.odpis.naglowekP.wpis[41].numerWpisu,no_change,42,42
CGI Polska S.A.,0000307263,root.odpis.naglowekP.wpis[41].opis,no_change,ZMIANA DANYCH W REJESTRZE,ZMIANA DANYCH W REJESTRZE
CGI Polska S.A.,0000307263,root.odpis.naglowekP.wpis[41].oznaczenieSaduDokonujacegoWpisu,no_change,SYSTEM,SYSTEM
CGI Polska S.A.,0000307263,root.odpis.naglowekP.wpis[41].sygnaturaAktSprawyDotyczacejWpisu,no_change,RDF/404992/22/630,RDF/404992/22/630
CGI Polska S.A.,0000307263,root.odpis.naglowekP.wpis[42].dataWpisu,no_change,12.07.2022,12.07.2022
CGI Polska S.A.,0000307263,root.odpis.naglowekP.wpis[42].numerWpisu,no_change,43,43
CGI Polska S.A.,0000307263,root.odpis.naglowekP.wpis[42].opis,no_change,ZMIANA DANYCH W REJESTRZE,ZMIANA DANYCH W REJESTRZE
CGI Polska S.A.,0000307263,root.odpis.naglowekP.wpis[42].oznaczenieSaduDokonujacegoWpisu,no_change,SYSTEM,SYSTEM
CGI Polska S.A.,0000307263,root.odpis.naglowekP.wpis[42].sygnaturaAktSprawyDotyczacejWpisu,no_change,RDF/404992/22/31,RDF/404992/22/31
CGI Polska S.A.,0000307263,root.odpis.naglowekP.wpis[43].dataWpisu,no_change,12.07.2022,12.07.2022
CGI Polska S.A.,0000307263,root.odpis.naglowekP.wpis[43].numerWpisu,no_change,44,44
CGI Polska S.A.,0000307263,root.odpis.naglowekP.wpis[43].opis,no_change,ZMIANA DANYCH W REJESTRZE,ZMIANA DANYCH W REJESTRZE
CGI Polska S.A.,0000307263,root.odpis.naglowekP.wpis[43].oznaczenieSaduDokonujacegoWpisu,no_change,SYSTEM,SYSTEM
CGI Polska S.A.,0000307263,root.odpis.naglowekP.wpis[43].sygnaturaAktSprawyDotyczacejWpisu,no_change,RDF/404992/22/432,RDF/404992/22/432
CGI Polska S.A.,0000307263,root.odpis.naglowekP.wpis[44].dataWpisu,no_change,15.12.2022,15.12.2022
CGI Polska S.A.,0000307263,root.odpis.naglowekP.wpis[44].numerWpisu,no_change,45,45
CGI Polska S.A.,0000307263,root.odpis.naglowekP.wpis[44].opis,no_change,ZMIANA DANYCH W REJESTRZE,ZMIANA DANYCH W REJESTRZE
CGI Polska S.A.,0000307263,root.odpis.naglowekP.wpis[44].oznaczenieSaduDokonujacegoWpisu,no_change,"SĄD REJONOWY DLA KRAKOWA ŚRÓDMIEŚCIA W KRAKOWIE, XI WYDZIAŁ GOSPODARCZY KRAJOWEGO REJESTRU SĄDOWEGO","SĄD REJONOWY DLA KRAKOWA ŚRÓDMIEŚCIA W KRAKOWIE, XI WYDZIAŁ GOSPODARCZY KRAJOWEGO REJESTRU SĄDOWEGO"
CGI Polska S.A.,0000307263,root.odpis.naglowekP.wpis[44].sygnaturaAktSprawyDotyczacejWpisu,no_change,KR.XI NS-REJ.KRS/34258/22/328,KR.XI NS-REJ.KRS/34258/22/328
CGI Polska S.A.,0000307263,root.odpis.naglowekP.wpis[45].dataWpisu,no_change,12.05.2023,12.05.2023
CGI Polska S.A.,0000307263,root.odpis.naglowekP.wpis[45].numerWpisu,no_change,46,46
CGI Polska S.A.,0000307263,root.odpis.naglowekP.wpis[45].opis,no_change,ZMIANA DANYCH W REJESTRZE,ZMIANA DANYCH W REJESTRZE
CGI Polska S.A.,0000307263,root.odpis.naglowekP.wpis[45].oznaczenieSaduDokonujacegoWpisu,no_change,"SĄD REJONOWY DLA KRAKOWA ŚRÓDMIEŚCIA W KRAKOWIE, XI WYDZIAŁ GOSPODARCZY KRAJOWEGO REJESTRU SĄDOWEGO","SĄD REJONOWY DLA KRAKOWA ŚRÓDMIEŚCIA W KRAKOWIE, XI WYDZIAŁ GOSPODARCZY KRAJOWEGO REJESTRU SĄDOWEGO"
CGI Polska S.A.,0000307263,root.odpis.naglowekP.wpis[45].sygnaturaAktSprawyDotyczacejWpisu,no_change,KR.XI NS-REJ.KRS/16245/23/935,KR.XI NS-REJ.KRS/16245/23/935
CGI Polska S.A.,0000307263,root.odpis.naglowekP.wpis[46].dataWpisu,no_change,12.07.2023,12.07.2023
CGI Polska S.A.,0000307263,root.odpis.naglowekP.wpis[46].numerWpisu,no_change,47,47
CGI Polska S.A.,0000307263,root.odpis.naglowekP.wpis[46].opis,no_change,ZMIANA DANYCH W REJESTRZE,ZMIANA DANYCH W REJESTRZE
CGI Polska S.A.,0000307263,root.odpis.naglowekP.wpis[46].oznaczenieSaduDokonujacegoWpisu,no_change,SYSTEM,SYSTEM
CGI Polska S.A.,0000307263,root.odpis.naglowekP.wpis[46].sygnaturaAktSprawyDotyczacejWpisu,no_change,RDF/532748/23/808,RDF/532748/23/808
CGI Polska S.A.,0000307263,root.odpis.naglowekP.wpis[47].dataWpisu,no_change,12.07.2023,12.07.2023
CGI Polska S.A.,0000307263,root.odpis.naglowekP.wpis[47].numerWpisu,no_change,48,48
CGI Polska S.A.,0000307263,root.odpis.naglowekP.wpis[47].opis,no_change,ZMIANA DANYCH W REJESTRZE,ZMIANA DANYCH W REJESTRZE
CGI Polska S.A.,0000307263,root.odpis.naglowekP.wpis[47].oznaczenieSaduDokonujacegoWpisu,no_change,SYSTEM,SYSTEM
CGI Polska S.A.,0000307263,root.odpis.naglowekP.wpis[47].sygnaturaAktSprawyDotyczacejWpisu,no_change,RDF/532748/23/209,RDF/532748/23/209
CGI Polska S.A.,0000307263,root.odpis.naglowekP.wpis[48].dataWpisu,no_change,12.07.2023,12.07.2023
CGI Polska S.A.,0000307263,root.odpis.naglowekP.wpis[48].numerWpisu,no_change,49,49
CGI Polska S.A.,0000307263,root.odpis.naglowekP.wpis[48].opis,no_change,ZMIANA DANYCH W REJESTRZE,ZMIANA DANYCH W REJESTRZE
CGI Polska S.A.,0000307263,root.odpis.naglowekP.wpis[48].oznaczenieSaduDokonujacegoWpisu,no_change,SYSTEM,SYSTEM
CGI Polska S.A.,0000307263,root.odpis.naglowekP.wpis[48].sygnaturaAktSprawyDotyczacejWpisu,no_change,RDF/532748/23/610,RDF/532748/23/610
CGI Polska S.A.,0000307263,root.odpis.naglowekP.wpis[49].dataWpisu,no_change,12.07.2023,12.07.2023
CGI Polska S.A.,0000307263,root.odpis.naglowekP.wpis[49].numerWpisu,no_change,50,50
CGI Polska S.A.,0000307263,root.odpis.naglowekP.wpis[49].opis,no_change,ZMIANA DANYCH W REJESTRZE,ZMIANA DANYCH W REJESTRZE
CGI Polska S.A.,0000307263,root.odpis.naglowekP.wpis[49].oznaczenieSaduDokonujacegoWpisu,no_change,SYSTEM,SYSTEM
CGI Polska S.A.,0000307263,root.odpis.naglowekP.wpis[49].sygnaturaAktSprawyDotyczacejWpisu,no_change,RDF/532748/23/11,RDF/532748/23/11
CGI Polska S.A.,0000307263,root.odpis.naglowekP.wpis[4].dataWpisu,no_change,19.08.2009,19.08.2009
CGI Polska S.A.,0000307263,root.odpis.naglowekP.wpis[4].numerWpisu,no_change,5,5
CGI Polska S.A.,0000307263,root.odpis.naglowekP.wpis[4].opis,no_change,ZMIANA DANYCH W REJESTRZE,ZMIANA DANYCH W REJESTRZE
CGI Polska S.A.,0000307263,root.odpis.naglowekP.wpis[4].oznaczenieSaduDokonujacegoWpisu,no_change,"SĄD REJONOWY DLA KRAKOWA-ŚRÓDMIEŚCIA W KRAKOWIE, XI WYDZIAŁ GOSPODARCZY KRAJOWEGO REJESTRU SĄDOWEGO","SĄD REJONOWY DLA KRAKOWA-ŚRÓDMIEŚCIA W KRAKOWIE, XI WYDZIAŁ GOSPODARCZY KRAJOWEGO REJESTRU SĄDOWEGO"
CGI Polska S.A.,0000307263,root.odpis.naglowekP.wpis[4].sygnaturaAktSprawyDotyczacejWpisu,no_change,KR.XI NS-REJ.KRS/16188/09/337,KR.XI NS-REJ.KRS/16188/09/337
CGI Polska S.A.,0000307263,root.odpis.naglowekP.wpis[50].dataWpisu,no_change,24.08.2023,24.08.2023
CGI Polska S.A.,0000307263,root.odpis.naglowekP.wpis[50].numerWpisu,no_change,51,51
CGI Polska S.A.,0000307263,root.odpis.naglowekP.wpis[50].opis,no_change,ZMIANA DANYCH W REJESTRZE,ZMIANA DANYCH W REJESTRZE
CGI Polska S.A.,0000307263,root.odpis.naglowekP.wpis[50].oznaczenieSaduDokonujacegoWpisu,no_change,"SĄD REJONOWY DLA KRAKOWA ŚRÓDMIEŚCIA W KRAKOWIE, XI WYDZIAŁ GOSPODARCZY KRAJOWEGO REJESTRU SĄDOWEGO","SĄD REJONOWY DLA KRAKOWA ŚRÓDMIEŚCIA W KRAKOWIE, XI WYDZIAŁ GOSPODARCZY KRAJOWEGO REJESTRU SĄDOWEGO"
CGI Polska S.A.,0000307263,root.odpis.naglowekP.wpis[50].sygnaturaAktSprawyDotyczacejWpisu,no_change,KR.XI NS-REJ.KRS/28096/23/888,KR.XI NS-REJ.KRS/28096/23/888
CGI Polska S.A.,0000307263,root.odpis.naglowekP.wpis[51].dataWpisu,no_change,28.02.2024,28.02.2024
CGI Polska S.A.,0000307263,root.odpis.naglowekP.wpis[51].numerWpisu,no_change,52,52
CGI Polska S.A.,0000307263,root.odpis.naglowekP.wpis[51].opis,no_change,ZMIANA DANYCH W REJESTRZE,ZMIANA DANYCH W REJESTRZE
CGI Polska S.A.,0000307263,root.odpis.naglowekP.wpis[51].oznaczenieSaduDokonujacegoWpisu,no_change,"SĄD REJONOWY DLA KRAKOWA ŚRÓDMIEŚCIA W KRAKOWIE, XI WYDZIAŁ GOSPODARCZY KRAJOWEGO REJESTRU SĄDOWEGO","SĄD REJONOWY DLA KRAKOWA ŚRÓDMIEŚCIA W KRAKOWIE, XI WYDZIAŁ GOSPODARCZY KRAJOWEGO REJESTRU SĄDOWEGO"
CGI Polska S.A.,0000307263,root.odpis.naglowekP.wpis[51].sygnaturaAktSprawyDotyczacejWpisu,no_change,KR.XI NS-REJ.KRS/5465/24/704,KR.XI NS-REJ.KRS/5465/24/704
CGI Polska S.A.,0000307263,root.odpis.naglowekP.wpis[52].dataWpisu,no_change,16.07.2024,16.07.2024
CGI Polska S.A.,0000307263,root.odpis.naglowekP.wpis[52].numerWpisu,no_change,53,53
CGI Polska S.A.,0000307263,root.odpis.naglowekP.wpis[52].opis,no_change,ZMIANA DANYCH W REJESTRZE,ZMIANA DANYCH W REJESTRZE
CGI Polska S.A.,0000307263,root.odpis.naglowekP.wpis[52].oznaczenieSaduDokonujacegoWpisu,no_change,SYSTEM,SYSTEM
CGI Polska S.A.,0000307263,root.odpis.naglowekP.wpis[52].sygnaturaAktSprawyDotyczacejWpisu,no_change,RDF/664755/24/71,RDF/664755/24/71
CGI Polska S.A.,0000307263,root.odpis.naglowekP.wpis[53].dataWpisu,no_change,16.07.2024,16.07.2024
CGI Polska S.A.,0000307263,root.odpis.naglowekP.wpis[53].numerWpisu,no_change,54,54
CGI Polska S.A.,0000307263,root.odpis.naglowekP.wpis[53].opis,no_change,ZMIANA DANYCH W REJESTRZE,ZMIANA DANYCH W REJESTRZE
CGI Polska S.A.,0000307263,root.odpis.naglowekP.wpis[53].oznaczenieSaduDokonujacegoWpisu,no_change,SYSTEM,SYSTEM
CGI Polska S.A.,0000307263,root.odpis.naglowekP.wpis[53].sygnaturaAktSprawyDotyczacejWpisu,no_change,RDF/664755/24/472,RDF/664755/24/472
CGI Polska S.A.,0000307263,root.odpis.naglowekP.wpis[54].dataWpisu,no_change,16.07.2024,16.07.2024
CGI Polska S.A.,0000307263,root.odpis.naglowekP.wpis[54].numerWpisu,no_change,55,55
CGI Polska S.A.,0000307263,root.odpis.naglowekP.wpis[54].opis,no_change,ZMIANA DANYCH W REJESTRZE,ZMIANA DANYCH W REJESTRZE
CGI Polska S.A.,0000307263,root.odpis.naglowekP.wpis[54].oznaczenieSaduDokonujacegoWpisu,no_change,SYSTEM,SYSTEM
CGI Polska S.A.,0000307263,root.odpis.naglowekP.wpis[54].sygnaturaAktSprawyDotyczacejWpisu,no_change,RDF/664755/24/873,RDF/664755/24/873
CGI Polska S.A.,0000307263,root.odpis.naglowekP.wpis[55].dataWpisu,no_change,16.07.2024,16.07.2024
CGI Polska S.A.,0000307263,root.odpis.naglowekP.wpis[55].numerWpisu,no_change,56,56
CGI Polska S.A.,0000307263,root.odpis.naglowekP.wpis[55].opis,no_change,ZMIANA DANYCH W REJESTRZE,ZMIANA DANYCH W REJESTRZE
CGI Polska S.A.,0000307263,root.odpis.naglowekP.wpis[55].oznaczenieSaduDokonujacegoWpisu,no_change,SYSTEM,SYSTEM
CGI Polska S.A.,0000307263,root.odpis.naglowekP.wpis[55].sygnaturaAktSprawyDotyczacejWpisu,no_change,RDF/664755/24/274,RDF/664755/24/274
CGI Polska S.A.,0000307263,root.odpis.naglowekP.wpis[56].dataWpisu,no_change,27.09.2024,27.09.2024
CGI Polska S.A.,0000307263,root.odpis.naglowekP.wpis[56].numerWpisu,no_change,57,57
CGI Polska S.A.,0000307263,root.odpis.naglowekP.wpis[56].opis,no_change,ZMIANA DANYCH W REJESTRZE,ZMIANA DANYCH W REJESTRZE
CGI Polska S.A.,0000307263,root.odpis.naglowekP.wpis[56].oznaczenieSaduDokonujacegoWpisu,no_change,"SĄD REJONOWY DLA KRAKOWA ŚRÓDMIEŚCIA W KRAKOWIE, XI WYDZIAŁ GOSPODARCZY KRAJOWEGO REJESTRU SĄDOWEGO","SĄD REJONOWY DLA KRAKOWA ŚRÓDMIEŚCIA W KRAKOWIE, XI WYDZIAŁ GOSPODARCZY KRAJOWEGO REJESTRU SĄDOWEGO"
CGI Polska S.A.,0000307263,root.odpis.naglowekP.wpis[56].sygnaturaAktSprawyDotyczacejWpisu,no_change,KR.XI NS-REJ.KRS/25190/24/373,KR.XI NS-REJ.KRS/25190/24/373
CGI Polska S.A.,0000307263,root.odpis.naglowekP.wpis[57].dataWpisu,no_change,20.12.2024,20.12.2024
CGI Polska S.A.,0000307263,root.odpis.naglowekP.wpis[57].numerWpisu,no_change,58,58
CGI Polska S.A.,0000307263,root.odpis.naglowekP.wpis[57].opis,no_change,ZMIANA DANYCH W REJESTRZE,ZMIANA DANYCH W REJESTRZE
CGI Polska S.A.,0000307263,root.odpis.naglowekP.wpis[57].oznaczenieSaduDokonujacegoWpisu,no_change,"SĄD REJONOWY DLA KRAKOWA ŚRÓDMIEŚCIA W KRAKOWIE, XI WYDZIAŁ GOSPODARCZY KRAJOWEGO REJESTRU SĄDOWEGO","SĄD REJONOWY DLA KRAKOWA ŚRÓDMIEŚCIA W KRAKOWIE, XI WYDZIAŁ GOSPODARCZY KRAJOWEGO REJESTRU SĄDOWEGO"
CGI Polska S.A.,0000307263,root.odpis.naglowekP.wpis[57].sygnaturaAktSprawyDotyczacejWpisu,no_change,KR.XI NS-REJ.KRS/37966/24/773,KR.XI NS-REJ.KRS/37966/24/773
CGI Polska S.A.,0000307263,root.odpis.naglowekP.wpis[58].dataWpisu,no_change,10.04.2025,10.04.2025
CGI Polska S.A.,0000307263,root.odpis.naglowekP.wpis[58].numerWpisu,no_change,59,59
CGI Polska S.A.,0000307263,root.odpis.naglowekP.wpis[58].opis,no_change,ZMIANA DANYCH W REJESTRZE,ZMIANA DANYCH W REJESTRZE
CGI Polska S.A.,0000307263,root.odpis.naglowekP.wpis[58].oznaczenieSaduDokonujacegoWpisu,no_change,SYSTEM,SYSTEM
CGI Polska S.A.,0000307263,root.odpis.naglowekP.wpis[58].sygnaturaAktSprawyDotyczacejWpisu,no_change,KR.XI NS-REJ.KRS/37966/24/773/ADE,KR.XI NS-REJ.KRS/37966/24/773/ADE
CGI Polska S.A.,0000307263,root.odpis.naglowekP.wpis[59].dataWpisu,no_change,11.07.2025,11.07.2025
CGI Polska S.A.,0000307263,root.odpis.naglowekP.wpis[59].numerWpisu,no_change,60,60
CGI Polska S.A.,0000307263,root.odpis.naglowekP.wpis[59].opis,no_change,ZMIANA DANYCH W REJESTRZE,ZMIANA DANYCH W REJESTRZE
CGI Polska S.A.,0000307263,root.odpis.naglowekP.wpis[59].oznaczenieSaduDokonujacegoWpisu,no_change,SYSTEM,SYSTEM
CGI Polska S.A.,0000307263,root.odpis.naglowekP.wpis[59].sygnaturaAktSprawyDotyczacejWpisu,no_change,RDF/770906/25/779,RDF/770906/25/779
CGI Polska S.A.,0000307263,root.odpis.naglowekP.wpis[5].dataWpisu,no_change,30.07.2010,30.07.2010
CGI Polska S.A.,0000307263,root.odpis.naglowekP.wpis[5].numerWpisu,no_change,6,6
CGI Polska S.A.,0000307263,root.odpis.naglowekP.wpis[5].opis,no_change,ZMIANA DANYCH W REJESTRZE,ZMIANA DANYCH W REJESTRZE
CGI Polska S.A.,0000307263,root.odpis.naglowekP.wpis[5].oznaczenieSaduDokonujacegoWpisu,no_change,"SĄD REJONOWY DLA KRAKOWA-ŚRÓDMIEŚCIA W KRAKOWIE, XI WYDZIAŁ GOSPODARCZY KRAJOWEGO REJESTRU SĄDOWEGO","SĄD REJONOWY DLA KRAKOWA-ŚRÓDMIEŚCIA W KRAKOWIE, XI WYDZIAŁ GOSPODARCZY KRAJOWEGO REJESTRU SĄDOWEGO"
CGI Polska S.A.,0000307263,root.odpis.naglowekP.wpis[5].sygnaturaAktSprawyDotyczacejWpisu,no_change,KR.XI NS-REJ.KRS/15589/10/45,KR.XI NS-REJ.KRS/15589/10/45
CGI Polska S.A.,0000307263,root.odpis.naglowekP.wpis[60].dataWpisu,no_change,11.07.2025,11.07.2025
CGI Polska S.A.,0000307263,root.odpis.naglowekP.wpis[60].numerWpisu,no_change,61,61
CGI Polska S.A.,0000307263,root.odpis.naglowekP.wpis[60].opis,no_change,ZMIANA DANYCH W REJESTRZE,ZMIANA DANYCH W REJESTRZE
CGI Polska S.A.,0000307263,root.odpis.naglowekP.wpis[60].oznaczenieSaduDokonujacegoWpisu,no_change,SYSTEM,SYSTEM
CGI Polska S.A.,0000307263,root.odpis.naglowekP.wpis[60].sygnaturaAktSprawyDotyczacejWpisu,no_change,RDF/770906/25/180,RDF/770906/25/180
CGI Polska S.A.,0000307263,root.odpis.naglowekP.wpis[61].dataWpisu,no_change,11.07.2025,11.07.2025
CGI Polska S.A.,0000307263,root.odpis.naglowekP.wpis[61].numerWpisu,no_change,62,62
CGI Polska S.A.,0000307263,root.odpis.naglowekP.wpis[61].opis,no_change,ZMIANA DANYCH W REJESTRZE,ZMIANA DANYCH W REJESTRZE
CGI Polska S.A.,0000307263,root.odpis.naglowekP.wpis[61].oznaczenieSaduDokonujacegoWpisu,no_change,SYSTEM,SYSTEM
CGI Polska S.A.,0000307263,root.odpis.naglowekP.wpis[61].sygnaturaAktSprawyDotyczacejWpisu,no_change,RDF/770906/25/581,RDF/770906/25/581
CGI Polska S.A.,0000307263,root.odpis.naglowekP.wpis[62].dataWpisu,no_change,11.07.2025,11.07.2025
CGI Polska S.A.,0000307263,root.odpis.naglowekP.wpis[62].numerWpisu,no_change,63,63
CGI Polska S.A.,0000307263,root.odpis.naglowekP.wpis[62].opis,no_change,ZMIANA DANYCH W REJESTRZE,ZMIANA DANYCH W REJESTRZE
CGI Polska S.A.,0000307263,root.odpis.naglowekP.wpis[62].oznaczenieSaduDokonujacegoWpisu,no_change,SYSTEM,SYSTEM
CGI Polska S.A.,0000307263,root.odpis.naglowekP.wpis[62].sygnaturaAktSprawyDotyczacejWpisu,no_change,RDF/770907/25/293,RDF/770907/25/293
CGI Polska S.A.,0000307263,root.odpis.naglowekP.wpis[63].dataWpisu,no_change,01.12.2025,01.12.2025
CGI Polska S.A.,0000307263,root.odpis.naglowekP.wpis[63].numerWpisu,no_change,64,64
CGI Polska S.A.,0000307263,root.odpis.naglowekP.wpis[63].opis,no_change,ZMIANA DANYCH W REJESTRZE,ZMIANA DANYCH W REJESTRZE
CGI Polska S.A.,0000307263,root.odpis.naglowekP.wpis[63].oznaczenieSaduDokonujacegoWpisu,no_change,"SĄD REJONOWY DLA KRAKOWA ŚRÓDMIEŚCIA W KRAKOWIE, XI WYDZIAŁ GOSPODARCZY KRAJOWEGO REJESTRU SĄDOWEGO","SĄD REJONOWY DLA KRAKOWA ŚRÓDMIEŚCIA W KRAKOWIE, XI WYDZIAŁ GOSPODARCZY KRAJOWEGO REJESTRU SĄDOWEGO"
CGI Polska S.A.,0000307263,root.odpis.naglowekP.wpis[63].sygnaturaAktSprawyDotyczacejWpisu,no_change,KR.XI NS-REJ.KRS/41486/25/494,KR.XI NS-REJ.KRS/41486/25/494
CGI Polska S.A.,0000307263,root.odpis.naglowekP.wpis[64].dataWpisu,no_change,15.12.2025,15.12.2025
CGI Polska S.A.,0000307263,root.odpis.naglowekP.wpis[64].numerWpisu,no_change,65,65
CGI Polska S.A.,0000307263,root.odpis.naglowekP.wpis[64].opis,no_change,ZMIANA DANYCH W REJESTRZE,ZMIANA DANYCH W REJESTRZE
CGI Polska S.A.,0000307263,root.odpis.naglowekP.wpis[64].oznaczenieSaduDokonujacegoWpisu,no_change,"SĄD REJONOWY DLA KRAKOWA ŚRÓDMIEŚCIA W KRAKOWIE, XI WYDZIAŁ GOSPODARCZY KRAJOWEGO REJESTRU SĄDOWEGO","SĄD REJONOWY DLA KRAKOWA ŚRÓDMIEŚCIA W KRAKOWIE, XI WYDZIAŁ GOSPODARCZY KRAJOWEGO REJESTRU SĄDOWEGO"
CGI Polska S.A.,0000307263,root.odpis.naglowekP.wpis[64].sygnaturaAktSprawyDotyczacejWpisu,no_change,KR.XI NS-REJ.KRS/44137/25/200,KR.XI NS-REJ.KRS/44137/25/200
CGI Polska S.A.,0000307263,root.odpis.naglowekP.wpis[65].dataWpisu,no_change,22.12.2025,22.12.2025
CGI Polska S.A.,0000307263,root.odpis.naglowekP.wpis[65].numerWpisu,no_change,66,66
CGI Polska S.A.,0000307263,root.odpis.naglowekP.wpis[65].opis,no_change,SPROSTOWANIE WPISU,SPROSTOWANIE WPISU
CGI Polska S.A.,0000307263,root.odpis.naglowekP.wpis[65].oznaczenieSaduDokonujacegoWpisu,no_change,"SĄD REJONOWY DLA KRAKOWA ŚRÓDMIEŚCIA W KRAKOWIE, XI WYDZIAŁ GOSPODARCZY KRAJOWEGO REJESTRU SĄDOWEGO","SĄD REJONOWY DLA KRAKOWA ŚRÓDMIEŚCIA W KRAKOWIE, XI WYDZIAŁ GOSPODARCZY KRAJOWEGO REJESTRU SĄDOWEGO"
CGI Polska S.A.,0000307263,root.odpis.naglowekP.wpis[65].sygnaturaAktSprawyDotyczacejWpisu,no_change,KR.XI NS-REJ.KRS/43525/25/410,KR.XI NS-REJ.KRS/43525/25/410
CGI Polska S.A.,0000307263,root.odpis.naglowekP.wpis[66].dataWpisu,no_change,30.01.2026,30.01.2026
CGI Polska S.A.,0000307263,root.odpis.naglowekP.wpis[66].numerWpisu,no_change,67,67
CGI Polska S.A.,0000307263,root.odpis.naglowekP.wpis[66].opis,no_change,ZMIANA DANYCH W REJESTRZE,ZMIANA DANYCH W REJESTRZE
CGI Polska S.A.,0000307263,root.odpis.naglowekP.wpis[66].oznaczenieSaduDokonujacegoWpisu,no_change,"SĄD REJONOWY DLA KRAKOWA ŚRÓDMIEŚCIA W KRAKOWIE, XI WYDZIAŁ GOSPODARCZY KRAJOWEGO REJESTRU SĄDOWEGO","SĄD REJONOWY DLA KRAKOWA ŚRÓDMIEŚCIA W KRAKOWIE, XI WYDZIAŁ GOSPODARCZY KRAJOWEGO REJESTRU SĄDOWEGO"
CGI Polska S.A.,0000307263,root.odpis.naglowekP.wpis[66].sygnaturaAktSprawyDotyczacejWpisu,no_change,KR.XI NS-REJ.KRS/2544/26/555,KR.XI NS-REJ.KRS/2544/26/555
CGI Polska S.A.,0000307263,root.odpis.naglowekP.wpis[67].dataWpisu,no_change,05.02.2026,05.02.2026
CGI Polska S.A.,0000307263,root.odpis.naglowekP.wpis[67].numerWpisu,no_change,68,68
CGI Polska S.A.,0000307263,root.odpis.naglowekP.wpis[67].opis,no_change,ZMIANA DANYCH W REJESTRZE,ZMIANA DANYCH W REJESTRZE
CGI Polska S.A.,0000307263,root.odpis.naglowekP.wpis[67].oznaczenieSaduDokonujacegoWpisu,no_change,"SĄD REJONOWY DLA M.ST. WARSZAWY W WARSZAWIE, XII WYDZIAŁ GOSPODARCZY KRAJOWEGO REJESTRU SĄDOWEGO","SĄD REJONOWY DLA M.ST. WARSZAWY W WARSZAWIE, XII WYDZIAŁ GOSPODARCZY KRAJOWEGO REJESTRU SĄDOWEGO"
CGI Polska S.A.,0000307263,root.odpis.naglowekP.wpis[67].sygnaturaAktSprawyDotyczacejWpisu,no_change,WA.XII NS-REJ.KRS/7833/26/491,WA.XII NS-REJ.KRS/7833/26/491
CGI Polska S.A.,0000307263,root.odpis.naglowekP.wpis[68].dataWpisu,no_change,05.03.2026,05.03.2026
CGI Polska S.A.,0000307263,root.odpis.naglowekP.wpis[68].numerWpisu,no_change,69,69
CGI Polska S.A.,0000307263,root.odpis.naglowekP.wpis[68].opis,no_change,ZMIANA DANYCH W REJESTRZE,ZMIANA DANYCH W REJESTRZE
CGI Polska S.A.,0000307263,root.odpis.naglowekP.wpis[68].oznaczenieSaduDokonujacegoWpisu,no_change,"SĄD REJONOWY DLA M.ST. WARSZAWY W WARSZAWIE, XII WYDZIAŁ GOSPODARCZY KRAJOWEGO REJESTRU SĄDOWEGO","SĄD REJONOWY DLA M.ST. WARSZAWY W WARSZAWIE, XII WYDZIAŁ GOSPODARCZY KRAJOWEGO REJESTRU SĄDOWEGO"
CGI Polska S.A.,0000307263,root.odpis.naglowekP.wpis[68].sygnaturaAktSprawyDotyczacejWpisu,no_change,WA.XII NS-REJ.KRS/10788/26/510,WA.XII NS-REJ.KRS/10788/26/510
CGI Polska S.A.,0000307263,root.odpis.naglowekP.wpis[69].dataWpisu,no_change,26.08.2026,26.08.2026
CGI Polska S.A.,0000307263,root.odpis.naglowekP.wpis[69].numerWpisu,no_change,70,70
CGI Polska S.A.,0000307263,root.odpis.naglowekP.wpis[69].opis,no_change,ZMIANA DANYCH W REJESTRZE,ZMIANA DANYCH W REJESTRZE
CGI Polska S.A.,0000307263,root.odpis.naglowekP.wpis[69].oznaczenieSaduDokonujacegoWpisu,no_change,SYSTEM,SYSTEM
CGI Polska S.A.,0000307263,root.odpis.naglowekP.wpis[69].sygnaturaAktSprawyDotyczacejWpisu,no_change,RDF/900536/26/508,RDF/900536/26/508
CGI Polska S.A.,0000307263,root.odpis.naglowekP.wpis[6].dataWpisu,no_change,08.09.2011,08.09.2011
CGI Polska S.A.,0000307263,root.odpis.naglowekP.wpis[6].numerWpisu,no_change,7,7
CGI Polska S.A.,0000307263,root.odpis.naglowekP.wpis[6].opis,no_change,ZMIANA DANYCH W REJESTRZE,ZMIANA DANYCH W REJESTRZE
CGI Polska S.A.,0000307263,root.odpis.naglowekP.wpis[6].oznaczenieSaduDokonujacegoWpisu,no_change,"SĄD REJONOWY DLA KRAKOWA-ŚRÓDMIEŚCIA W KRAKOWIE, XI WYDZIAŁ GOSPODARCZY KRAJOWEGO REJESTRU SĄDOWEGO","SĄD REJONOWY DLA KRAKOWA-ŚRÓDMIEŚCIA W KRAKOWIE, XI WYDZIAŁ GOSPODARCZY KRAJOWEGO REJESTRU SĄDOWEGO"
CGI Polska S.A.,0000307263,root.odpis.naglowekP.wpis[6].sygnaturaAktSprawyDotyczacejWpisu,no_change,KR.XI NS-REJ.KRS/14340/11/882,KR.XI NS-REJ.KRS/14340/11/882
CGI Polska S.A.,0000307263,root.odpis.naglowekP.wpis[70].dataWpisu,no_change,26.08.2026,26.08.2026
CGI Polska S.A.,0000307263,root.odpis.naglowekP.wpis[70].numerWpisu,no_change,71,71
CGI Polska S.A.,0000307263,root.odpis.naglowekP.wpis[70].opis,no_change,ZMIANA DANYCH W REJESTRZE,ZMIANA DANYCH W REJESTRZE
CGI Polska S.A.,0000307263,root.odpis.naglowekP.wpis[70].oznaczenieSaduDokonujacegoWpisu,no_change,SYSTEM,SYSTEM
CGI Polska S.A.,0000307263,root.odpis.naglowekP.wpis[70].sygnaturaAktSprawyDotyczacejWpisu,no_change,RDF/900536/26/909,RDF/900536/26/909
CGI Polska S.A.,0000307263,root.odpis.naglowekP.wpis[71].dataWpisu,no_change,26.08.2026,26.08.2026
CGI Polska S.A.,0000307263,root.odpis.naglowekP.wpis[71].numerWpisu,no_change,72,72
CGI Polska S.A.,0000307263,root.odpis.naglowekP.wpis[71].opis,no_change,ZMIANA DANYCH W REJESTRZE,ZMIANA DANYCH W REJESTRZE
CGI Polska S.A.,0000307263,root.odpis.naglowekP.wpis[71].oznaczenieSaduDokonujacegoWpisu,no_change,SYSTEM,SYSTEM
CGI Polska S.A.,0000307263,root.odpis.naglowekP.wpis[71].sygnaturaAktSprawyDotyczacejWpisu,no_change,RDF/900536/26/310,RDF/900536/26/310
CGI Polska S.A.,0000307263,root.odpis.naglowekP.wpis[72].dataWpisu,no_change,26.08.2026,26.08.2026
CGI Polska S.A.,0000307263,root.odpis.naglowekP.wpis[72].numerWpisu,no_change,73,73
CGI Polska S.A.,0000307263,root.odpis.naglowekP.wpis[72].opis,no_change,ZMIANA DANYCH W REJESTRZE,ZMIANA DANYCH W REJESTRZE
CGI Polska S.A.,0000307263,root.odpis.naglowekP.wpis[72].oznaczenieSaduDokonujacegoWpisu,no_change,SYSTEM,SYSTEM
CGI Polska S.A.,0000307263,root.odpis.naglowekP.wpis[72].sygnaturaAktSprawyDotyczacejWpisu,no_change,RDF/900536/26/513,RDF/900536/26/513
CGI Polska S.A.,0000307263,root.odpis.naglowekP.wpis[7].dataWpisu,no_change,07.12.2011,07.12.2011
CGI Polska S.A.,0000307263,root.odpis.naglowekP.wpis[7].numerWpisu,no_change,8,8
CGI Polska S.A.,0000307263,root.odpis.naglowekP.wpis[7].opis,no_change,ZMIANA DANYCH W REJESTRZE,ZMIANA DANYCH W REJESTRZE
CGI Polska S.A.,0000307263,root.odpis.naglowekP.wpis[7].oznaczenieSaduDokonujacegoWpisu,no_change,"SĄD REJONOWY DLA KRAKOWA-ŚRÓDMIEŚCIA W KRAKOWIE, XI WYDZIAŁ GOSPODARCZY KRAJOWEGO REJESTRU SĄDOWEGO","SĄD REJONOWY DLA KRAKOWA-ŚRÓDMIEŚCIA W KRAKOWIE, XI WYDZIAŁ GOSPODARCZY KRAJOWEGO REJESTRU SĄDOWEGO"
CGI Polska S.A.,0000307263,root.odpis.naglowekP.wpis[7].sygnaturaAktSprawyDotyczacejWpisu,no_change,KR.XI NS-REJ.KRS/24697/11/604,KR.XI NS-REJ.KRS/24697/11/604
CGI Polska S.A.,0000307263,root.odpis.naglowekP.wpis[8].dataWpisu,no_change,16.03.2012,16.03.2012
CGI Polska S.A.,0000307263,root.odpis.naglowekP.wpis[8].numerWpisu,no_change,9,9
CGI Polska S.A.,0000307263,root.odpis.naglowekP.wpis[8].opis,no_change,ZMIANA DANYCH W REJESTRZE,ZMIANA DANYCH W REJESTRZE
CGI Polska S.A.,0000307263,root.odpis.naglowekP.wpis[8].oznaczenieSaduDokonujacegoWpisu,no_change,"SĄD REJONOWY DLA KRAKOWA-ŚRÓDMIEŚCIA W KRAKOWIE, XI WYDZIAŁ GOSPODARCZY KRAJOWEGO REJESTRU SĄDOWEGO","SĄD REJONOWY DLA KRAKOWA-ŚRÓDMIEŚCIA W KRAKOWIE, XI WYDZIAŁ GOSPODARCZY KRAJOWEGO REJESTRU SĄDOWEGO"
CGI Polska S.A.,0000307263,root.odpis.naglowekP.wpis[8].sygnaturaAktSprawyDotyczacejWpisu,no_change,KR.XI NS-REJ.KRS/3840/12/312,KR.XI NS-REJ.KRS/3840/12/312
CGI Polska S.A.,0000307263,root.odpis.naglowekP.wpis[9].dataWpisu,no_change,02.07.2012,02.07.2012
CGI Polska S.A.,0000307263,root.odpis.naglowekP.wpis[9].numerWpisu,no_change,10,10
CGI Polska S.A.,0000307263,root.odpis.naglowekP.wpis[9].opis,no_change,ZMIANA DANYCH W REJESTRZE,ZMIANA DANYCH W REJESTRZE
CGI Polska S.A.,0000307263,root.odpis.naglowekP.wpis[9].oznaczenieSaduDokonujacegoWpisu,no_change,"SĄD REJONOWY DLA KRAKOWA-ŚRÓDMIEŚCIA W KRAKOWIE, XI WYDZIAŁ GOSPODARCZY KRAJOWEGO REJESTRU SĄDOWEGO","SĄD REJONOWY DLA KRAKOWA-ŚRÓDMIEŚCIA W KRAKOWIE, XI WYDZIAŁ GOSPODARCZY KRAJOWEGO REJESTRU SĄDOWEGO"
CGI Polska S.A.,0000307263,root.odpis.naglowekP.wpis[9].sygnaturaAktSprawyDotyczacejWpisu,no_change,KR.XI NS-REJ.KRS/10576/12/172,KR.XI NS-REJ.KRS/10576/12/172
CGI Polska S.A.,0000307263,root.odpis.rodzaj,no_change,Pełny,Pełny
